  [1m[35mSQL (0.6ms)[0m  [1m[35mSET search_path TO public /*application='ApiPonto'*/[0m
  [1m[35m (1180.7ms)[0m  [1m[35mCREATE DATABASE "api_ponto_development" ENCODING = 'unicode' /*application='ApiPonto'*/[0m
  [1m[35mSQL (0.1ms)[0m  [1m[35mSET search_path TO public /*application='ApiPonto'*/[0m
  [1m[35m (1063.0ms)[0m  [1m[35mCREATE DATABASE "api_ponto_test" ENCODING = 'unicode' /*application='ApiPonto'*/[0m
  [1m[35m (103.4ms)[0m  [1m[35mCREATE TABLE "schema_migrations" ("version" character varying NOT NULL PRIMARY KEY) /*application='ApiPonto'*/[0m
  [1m[35m (53.8ms)[0m  [1m[35mCREATE TABLE "ar_internal_metadata" ("key" character varying NOT NULL PRIMARY KEY, "value" character varying, "created_at" timestamp(6) NOT NULL, "updated_at" timestamp(6) NOT NULL) /*application='ApiPonto'*/[0m
  [1m[35m (2.2ms)[0m  [1m[34mSELECT pg_try_advisory_lock(7924882114928183895) /*application='ApiPonto'*/[0m
  [1m[36mActiveRecord::SchemaMigration Load (1.0ms)[0m  [1m[34mSELECT "schema_migrations"."version" FROM "schema_migrations" ORDER BY "schema_migrations"."version" ASC /*application='ApiPonto'*/[0m
  [1m[36mActiveRecord::InternalMetadata Load (1.4ms)[0m  [1m[34mSELECT * FROM "ar_internal_metadata" WHERE "ar_internal_metadata"."key" = 'environment' ORDER BY "ar_internal_metadata"."key" ASC LIMIT 1 /*application='ApiPonto'*/[0m
  [1m[36mActiveRecord::InternalMetadata Create (8.2ms)[0m  [1m[32mINSERT INTO "ar_internal_metadata" ("key", "value", "created_at", "updated_at") VALUES ('environment', 'development', '2026-07-21 19:05:03.391534', '2026-07-21 19:05:03.391540') RETURNING "key" /*application='ApiPonto'*/[0m
Migrating to CreateUsers (20260721190452)
  [1m[36mTRANSACTION (1.3ms)[0m  [1m[35mBEGIN /*application='ApiPonto'*/[0m
  [1m[35m (35.1ms)[0m  [1m[35mCREATE TABLE "users" ("id" bigserial primary key, "nome_completo" character varying NOT NULL, "username" character varying NOT NULL, "password_digest" character varying NOT NULL, "status" integer DEFAULT 1 NOT NULL, "digitais_hash" text, "created_at" timestamp(6) NOT NULL, "updated_at" timestamp(6) NOT NULL) /*application='ApiPonto'*/[0m
  [1m[35m (18.1ms)[0m  [1m[35mCREATE UNIQUE INDEX "index_users_on_username" ON "users" ("username") /*application='ApiPonto'*/[0m
  [1m[36mActiveRecord::SchemaMigration Create (0.5ms)[0m  [1m[32mINSERT INTO "schema_migrations" ("version") VALUES ('20260721190452') RETURNING "version" /*application='ApiPonto'*/[0m
  [1m[36mTRANSACTION (7.5ms)[0m  [1m[35mCOMMIT /*application='ApiPonto'*/[0m
  [1m[35m (0.7ms)[0m  [1m[34mSELECT pg_advisory_unlock(7924882114928183895) /*application='ApiPonto'*/[0m
  [1m[36mActiveRecord::SchemaMigration Load (1.2ms)[0m  [1m[34mSELECT "schema_migrations"."version" FROM "schema_migrations" ORDER BY "schema_migrations"."version" ASC /*application='ApiPonto'*/[0m
  [1m[35m (0.3ms)[0m  [1m[34mSELECT pg_try_advisory_lock(7924882114928183895) /*application='ApiPonto'*/[0m
  [1m[36mActiveRecord::SchemaMigration Load (1.1ms)[0m  [1m[34mSELECT "schema_migrations"."version" FROM "schema_migrations" ORDER BY "schema_migrations"."version" ASC /*application='ApiPonto'*/[0m
  [1m[36mActiveRecord::InternalMetadata Load (0.8ms)[0m  [1m[34mSELECT * FROM "ar_internal_metadata" WHERE "ar_internal_metadata"."key" = 'environment' ORDER BY "ar_internal_metadata"."key" ASC LIMIT 1 /*application='ApiPonto'*/[0m
Migrating to CreateTimeRecords (20260721190532)
  [1m[36mTRANSACTION (0.2ms)[0m  [1m[35mBEGIN /*application='ApiPonto'*/[0m
  [1m[35m (19.8ms)[0m  [1m[35mCREATE TABLE "time_records" ("id" bigserial primary key, "user_id" bigint NOT NULL, "raw_data" character varying, "punched_at" timestamp(6), "authentication_mode" character varying, "created_at" timestamp(6) NOT NULL, "updated_at" timestamp(6) NOT NULL, CONSTRAINT "fk_rails_3035fce619"
FOREIGN KEY ("user_id")
  REFERENCES "users" ("id")
) /*application='ApiPonto'*/[0m
  [1m[35m (5.1ms)[0m  [1m[35mCREATE INDEX "index_time_records_on_user_id" ON "time_records" ("user_id") /*application='ApiPonto'*/[0m
  [1m[35m (5.7ms)[0m  [1m[35mCREATE INDEX "index_time_records_on_punched_at" ON "time_records" ("punched_at") /*application='ApiPonto'*/[0m
  [1m[36mActiveRecord::SchemaMigration Create (0.3ms)[0m  [1m[32mINSERT INTO "schema_migrations" ("version") VALUES ('20260721190532') RETURNING "version" /*application='ApiPonto'*/[0m
  [1m[36mTRANSACTION (3.3ms)[0m  [1m[35mCOMMIT /*application='ApiPonto'*/[0m
  [1m[35m (0.4ms)[0m  [1m[34mSELECT pg_advisory_unlock(7924882114928183895) /*application='ApiPonto'*/[0m
  [1m[36mActiveRecord::SchemaMigration Load (0.2ms)[0m  [1m[34mSELECT "schema_migrations"."version" FROM "schema_migrations" ORDER BY "schema_migrations"."version" ASC /*application='ApiPonto'*/[0m
  [1m[36mTRANSACTION (0.2ms)[0m  [1m[35mBEGIN /*application='ApiPonto'*/[0m
  ↳ app/models/user.rb:31:in `generate_username'
  [1m[36mUser Exists? (25.3ms)[0m  [1m[34mSELECT 1 AS one FROM "users" WHERE "users"."username" = 'jose.silva' LIMIT 1 /*application='ApiPonto'*/[0m
  ↳ app/models/user.rb:31:in `generate_username'
  [1m[36mUser Exists? (0.4ms)[0m  [1m[34mSELECT 1 AS one FROM "users" WHERE LOWER("users"."username") = LOWER('jose.silva') LIMIT 1 /*application='ApiPonto'*/[0m
  [1m[36mUser Create (1.6ms)[0m  [1m[32mINSERT INTO "users" ("nome_completo", "username", "password_digest", "status", "digitais_hash", "created_at", "updated_at") VALUES ('José Silva', 'jose.silva', '$2a$12$d5ACP2sWvIp64qIB0L4cnucToWQY8mjtvMqq7ulyn.bUjc7C1WQKC', 1, NULL, '2026-07-21 19:08:14.274959', '2026-07-21 19:08:14.274959') RETURNING "id" /*application='ApiPonto'*/[0m
  [1m[36mTRANSACTION (2.0ms)[0m  [1m[35mCOMMIT /*application='ApiPonto'*/[0m
  [1m[36mTRANSACTION (0.2ms)[0m  [1m[35mBEGIN /*application='ApiPonto'*/[0m
  ↳ app/models/user.rb:31:in `generate_username'
  [1m[36mUser Exists? (2.5ms)[0m  [1m[34mSELECT 1 AS one FROM "users" WHERE "users"."username" = 'jose.silva' LIMIT 1 /*application='ApiPonto'*/[0m
  ↳ app/models/user.rb:31:in `generate_username'
  [1m[36mUser Exists? (0.4ms)[0m  [1m[34mSELECT 1 AS one FROM "users" WHERE "users"."username" = 'jose.silva.2' LIMIT 1 /*application='ApiPonto'*/[0m
  ↳ app/models/user.rb:31:in `generate_username'
  [1m[36mUser Exists? (0.6ms)[0m  [1m[34mSELECT 1 AS one FROM "users" WHERE LOWER("users"."username") = LOWER('jose.silva.2') LIMIT 1 /*application='ApiPonto'*/[0m
  [1m[36mUser Create (0.6ms)[0m  [1m[32mINSERT INTO "users" ("nome_completo", "username", "password_digest", "status", "digitais_hash", "created_at", "updated_at") VALUES ('José Silva', 'jose.silva.2', '$2a$12$mIxj571NMiGHVsz27UMVGugJ3oM/Ew4xPVH6IBsZpVDTZElWoK7Wi', 1, NULL, '2026-07-21 19:08:19.692648', '2026-07-21 19:08:19.692648') RETURNING "id" /*application='ApiPonto'*/[0m
  [1m[36mTRANSACTION (2.4ms)[0m  [1m[35mCOMMIT /*application='ApiPonto'*/[0m
  [1m[36mTRANSACTION (0.2ms)[0m  [1m[35mBEGIN /*application='ApiPonto'*/[0m
  ↳ app/models/user.rb:31:in `generate_username'
  [1m[36mUser Exists? (4.7ms)[0m  [1m[34mSELECT 1 AS one FROM "users" WHERE "users"."username" = 'maria.maria' LIMIT 1 /*application='ApiPonto'*/[0m
  ↳ app/models/user.rb:31:in `generate_username'
  [1m[36mUser Exists? (0.5ms)[0m  [1m[34mSELECT 1 AS one FROM "users" WHERE LOWER("users"."username") = LOWER('maria.maria') LIMIT 1 /*application='ApiPonto'*/[0m
  [1m[36mUser Create (0.5ms)[0m  [1m[32mINSERT INTO "users" ("nome_completo", "username", "password_digest", "status", "digitais_hash", "created_at", "updated_at") VALUES ('Maria', 'maria.maria', '$2a$12$YI1c8L8HqgCgtXnYPyVB5eg90FAk5lMsmcgyJKV.rMXHNm2oXbtWm', 1, NULL, '2026-07-21 19:08:25.229573', '2026-07-21 19:08:25.229573') RETURNING "id" /*application='ApiPonto'*/[0m
  [1m[36mTRANSACTION (2.2ms)[0m  [1m[35mCOMMIT /*application='ApiPonto'*/[0m
  [1m[36mTRANSACTION (0.2ms)[0m  [1m[35mBEGIN /*application='ApiPonto'*/[0m
  ↳ app/models/user.rb:33:in `generate_username'
  [1m[36mUser Exists? (3.2ms)[0m  [1m[34mSELECT 1 AS one FROM "users" WHERE "users"."username" = 'maria' LIMIT 1 /*application='ApiPonto'*/[0m
  ↳ app/models/user.rb:33:in `generate_username'
  [1m[36mUser Exists? (0.9ms)[0m  [1m[34mSELECT 1 AS one FROM "users" WHERE LOWER("users"."username") = LOWER('maria') LIMIT 1 /*application='ApiPonto'*/[0m
  [1m[36mUser Create (0.6ms)[0m  [1m[32mINSERT INTO "users" ("nome_completo", "username", "password_digest", "status", "digitais_hash", "created_at", "updated_at") VALUES ('Maria', 'maria', '$2a$12$vWR5L2AHFNxm0F5t6vpVWebgCcumVraC/8KJR52biqnxihzz..etC', 1, NULL, '2026-07-21 19:08:34.630740', '2026-07-21 19:08:34.630740') RETURNING "id" /*application='ApiPonto'*/[0m
  [1m[36mTRANSACTION (3.5ms)[0m  [1m[35mCOMMIT /*application='ApiPonto'*/[0m
  [1m[36mTRANSACTION (0.2ms)[0m  [1m[35mBEGIN /*application='ApiPonto'*/[0m
  ↳ app/models/user.rb:33:in `generate_username'
  [1m[36mUser Exists? (1.7ms)[0m  [1m[34mSELECT 1 AS one FROM "users" WHERE "users"."username" = 'joao' LIMIT 1 /*application='ApiPonto'*/[0m
  ↳ app/models/user.rb:33:in `generate_username'
  [1m[36mUser Exists? (0.4ms)[0m  [1m[34mSELECT 1 AS one FROM "users" WHERE LOWER("users"."username") = LOWER('joao') LIMIT 1 /*application='ApiPonto'*/[0m
  [1m[36mUser Create (0.6ms)[0m  [1m[32mINSERT INTO "users" ("nome_completo", "username", "password_digest", "status", "digitais_hash", "created_at", "updated_at") VALUES ('João', 'joao', '$2a$12$3V/UM2FFAqnRVBfLho2qROoxHEXkIDTNC3/4XcH9TqkezaCDDmAIG', 1, NULL, '2026-07-21 19:08:34.968070', '2026-07-21 19:08:34.968070') RETURNING "id" /*application='ApiPonto'*/[0m
  [1m[36mTRANSACTION (2.7ms)[0m  [1m[35mCOMMIT /*application='ApiPonto'*/[0m
  [1m[36mTRANSACTION (0.3ms)[0m  [1m[35mBEGIN /*application='ApiPonto'*/[0m
  ↳ app/models/user.rb:33:in `generate_username'
  [1m[36mUser Exists? (3.7ms)[0m  [1m[34mSELECT 1 AS one FROM "users" WHERE "users"."username" = 'ana' LIMIT 1 /*application='ApiPonto'*/[0m
  ↳ app/models/user.rb:33:in `generate_username'
  [1m[36mUser Exists? (0.4ms)[0m  [1m[34mSELECT 1 AS one FROM "users" WHERE LOWER("users"."username") = LOWER('ana') LIMIT 1 /*application='ApiPonto'*/[0m
  [1m[36mUser Create (0.5ms)[0m  [1m[32mINSERT INTO "users" ("nome_completo", "username", "password_digest", "status", "digitais_hash", "created_at", "updated_at") VALUES ('Ana', 'ana', '$2a$12$BjqYHpkLfSsB08cVj0ss8eJT5mXGEaKX7PSkgNneso6KKSKdMNz4G', 1, NULL, '2026-07-21 19:08:40.712314', '2026-07-21 19:08:40.712314') RETURNING "id" /*application='ApiPonto'*/[0m
  [1m[36mTRANSACTION (7.0ms)[0m  [1m[35mCOMMIT /*application='ApiPonto'*/[0m
  [1m[36mTRANSACTION (0.2ms)[0m  [1m[35mBEGIN /*application='ApiPonto'*/[0m
  ↳ app/models/user.rb:33:in `generate_username'
  [1m[36mUser Exists? (2.2ms)[0m  [1m[34mSELECT 1 AS one FROM "users" WHERE "users"."username" = 'ana' LIMIT 1 /*application='ApiPonto'*/[0m
  ↳ app/models/user.rb:33:in `generate_username'
  [1m[36mUser Exists? (0.3ms)[0m  [1m[34mSELECT 1 AS one FROM "users" WHERE "users"."username" = 'ana.2' LIMIT 1 /*application='ApiPonto'*/[0m
  ↳ app/models/user.rb:33:in `generate_username'
  [1m[36mUser Exists? (0.6ms)[0m  [1m[34mSELECT 1 AS one FROM "users" WHERE LOWER("users"."username") = LOWER('ana.2') LIMIT 1 /*application='ApiPonto'*/[0m
  [1m[36mUser Create (0.4ms)[0m  [1m[32mINSERT INTO "users" ("nome_completo", "username", "password_digest", "status", "digitais_hash", "created_at", "updated_at") VALUES ('Ana', 'ana.2', '$2a$12$Fbik/voSpWeSxCraCfo59uK8ve5d1yMQnUKr973mYfFJ/Dn7hWQyy', 1, NULL, '2026-07-21 19:08:41.020005', '2026-07-21 19:08:41.020005') RETURNING "id" /*application='ApiPonto'*/[0m
  [1m[36mTRANSACTION (2.7ms)[0m  [1m[35mCOMMIT /*application='ApiPonto'*/[0m
  [1m[36mActiveRecord::SchemaMigration Load (0.9ms)[0m  [1m[34mSELECT "schema_migrations"."version" FROM "schema_migrations" ORDER BY "schema_migrations"."version" ASC /*application='ApiPonto'*/[0m
  [1m[36mUser Load (1.1ms)[0m  [1m[34mSELECT "users".* FROM "users" WHERE "users"."nome_completo" = 'Usuário Teste' LIMIT 1 /*application='ApiPonto'*/[0m
  [1m[36mTRANSACTION (0.2ms)[0m  [1m[35mBEGIN /*application='ApiPonto'*/[0m
  [1m[36mUser Exists? (2.3ms)[0m  [1m[34mSELECT 1 AS one FROM "users" WHERE "users"."username" = 'usuario.teste' LIMIT 1 /*application='ApiPonto'*/[0m
  ↳ app/models/user.rb:33:in `generate_username'
  [1m[36mUser Exists? (0.8ms)[0m  [1m[34mSELECT 1 AS one FROM "users" WHERE LOWER("users"."username") = LOWER('usuario.teste') LIMIT 1 /*application='ApiPonto'*/[0m
  [1m[36mUser Create (0.7ms)[0m  [1m[32mINSERT INTO "users" ("nome_completo", "username", "password_digest", "status", "digitais_hash", "created_at", "updated_at") VALUES ('Usuário Teste', 'usuario.teste', '$2a$12$A5/cvNFKrOZcsYzt5M7PFe2qLBu7widMsyg1FNTOw1u.7G8NrHYRC', 1, NULL, '2026-07-21 19:09:07.455046', '2026-07-21 19:09:07.455046') RETURNING "id" /*application='ApiPonto'*/[0m
  [1m[36mTRANSACTION (2.5ms)[0m  [1m[35mCOMMIT /*application='ApiPonto'*/[0m
  [1m[36mUser Load (0.4ms)[0m  [1m[34mSELECT "users".* FROM "users" WHERE "users"."nome_completo" = 'João Biométrico' LIMIT 1 /*application='ApiPonto'*/[0m
  [1m[36mTRANSACTION (0.2ms)[0m  [1m[35mBEGIN /*application='ApiPonto'*/[0m
  ↳ app/models/user.rb:33:in `generate_username'
  [1m[36mUser Exists? (1.8ms)[0m  [1m[34mSELECT 1 AS one FROM "users" WHERE "users"."username" = 'joao.biometrico' LIMIT 1 /*application='ApiPonto'*/[0m
  ↳ app/models/user.rb:33:in `generate_username'
  [1m[36mUser Exists? (0.5ms)[0m  [1m[34mSELECT 1 AS one FROM "users" WHERE LOWER("users"."username") = LOWER('joao.biometrico') LIMIT 1 /*application='ApiPonto'*/[0m
  [1m[36mUser Create (0.5ms)[0m  [1m[32mINSERT INTO "users" ("nome_completo", "username", "password_digest", "status", "digitais_hash", "created_at", "updated_at") VALUES ('João Biométrico', 'joao.biometrico', '$2a$12$MQGQKCLgCVXWPxeb9wyXauS5gJXLGAV0aXKG9cMGiWvb76IHKsWx6', 1, 'FIR_TEXTENCODE_SAMPLE_HASH_1234567890', '2026-07-21 19:09:07.763292', '2026-07-21 19:09:07.763292') RETURNING "id" /*application='ApiPonto'*/[0m
  [1m[36mTRANSACTION (2.5ms)[0m  [1m[35mCOMMIT /*application='ApiPonto'*/[0m
  [1m[36mUser Load (16.8ms)[0m  [1m[34mSELECT "users".* FROM "users" /*application='ApiPonto'*/[0m
  [1m[35mSQL (0.3ms)[0m  [1m[35mSET search_path TO public /*application='ApiPonto'*/[0m
  [1m[35m (69.7ms)[0m  [1m[35mDROP DATABASE IF EXISTS "api_ponto_development" /*application='ApiPonto'*/[0m
  [1m[35mSQL (0.1ms)[0m  [1m[35mSET search_path TO public /*application='ApiPonto'*/[0m
  [1m[35m (129.2ms)[0m  [1m[35mDROP DATABASE IF EXISTS "api_ponto_test" /*application='ApiPonto'*/[0m
  [1m[35mSQL (0.1ms)[0m  [1m[35mSET search_path TO public /*application='ApiPonto'*/[0m
  [1m[35m (681.1ms)[0m  [1m[35mCREATE DATABASE "api_ponto_development" ENCODING = 'unicode' /*application='ApiPonto'*/[0m
  [1m[35mSQL (0.2ms)[0m  [1m[35mSET search_path TO public /*application='ApiPonto'*/[0m
  [1m[35m (562.7ms)[0m  [1m[35mCREATE DATABASE "api_ponto_test" ENCODING = 'unicode' /*application='ApiPonto'*/[0m
  [1m[35mSQL (28.0ms)[0m  [1m[35mCREATE EXTENSION IF NOT EXISTS "plpgsql" SCHEMA pg_catalog /*application='ApiPonto'*/[0m
  [1m[35m (1.2ms)[0m  [1m[35mDROP TABLE IF EXISTS "time_records" CASCADE /*application='ApiPonto'*/[0m
  [1m[35m (32.5ms)[0m  [1m[35mCREATE TABLE "time_records" ("id" bigserial primary key, "user_id" bigint NOT NULL, "raw_data" character varying, "punched_at" timestamp(6), "authentication_mode" character varying, "created_at" timestamp(6) NOT NULL, "updated_at" timestamp(6) NOT NULL) /*application='ApiPonto'*/[0m
  [1m[35m (13.1ms)[0m  [1m[35mCREATE INDEX "index_time_records_on_punched_at" ON "time_records" ("punched_at") /*application='ApiPonto'*/[0m
  [1m[35m (15.3ms)[0m  [1m[35mCREATE INDEX "index_time_records_on_user_id" ON "time_records" ("user_id") /*application='ApiPonto'*/[0m
  [1m[35m (0.3ms)[0m  [1m[35mDROP TABLE IF EXISTS "users" CASCADE /*application='ApiPonto'*/[0m
  [1m[35m (39.7ms)[0m  [1m[35mCREATE TABLE "users" ("id" bigserial primary key, "nome_completo" character varying NOT NULL, "username" character varying NOT NULL, "password_digest" character varying NOT NULL, "status" integer DEFAULT 1 NOT NULL, "digitais_hash" text, "created_at" timestamp(6) NOT NULL, "updated_at" timestamp(6) NOT NULL) /*application='ApiPonto'*/[0m
  [1m[35m (16.7ms)[0m  [1m[35mCREATE UNIQUE INDEX "index_users_on_username" ON "users" ("username") /*application='ApiPonto'*/[0m
  [1m[35m (9.9ms)[0m  [1m[35mALTER TABLE "time_records" ADD CONSTRAINT "fk_rails_3035fce619"
FOREIGN KEY ("user_id")
  REFERENCES "users" ("id")
 /*application='ApiPonto'*/[0m
  [1m[35m (26.5ms)[0m  [1m[35mCREATE TABLE "schema_migrations" ("version" character varying NOT NULL PRIMARY KEY) /*application='ApiPonto'*/[0m
  [1m[36mActiveRecord::SchemaMigration Load (0.6ms)[0m  [1m[34mSELECT "schema_migrations"."version" FROM "schema_migrations" ORDER BY "schema_migrations"."version" ASC /*application='ApiPonto'*/[0m
  [1m[35m (4.5ms)[0m  [1m[32mINSERT INTO "schema_migrations" (version) VALUES (20260721190532) /*application='ApiPonto'*/[0m
  [1m[35m (16.7ms)[0m  [1m[32mINSERT INTO "schema_migrations" (version) VALUES
(20260721190452); /*application='ApiPonto'*/[0m
  [1m[35m (39.8ms)[0m  [1m[35mCREATE TABLE "ar_internal_metadata" ("key" character varying NOT NULL PRIMARY KEY, "value" character varying, "created_at" timestamp(6) NOT NULL, "updated_at" timestamp(6) NOT NULL) /*application='ApiPonto'*/[0m
  [1m[36mActiveRecord::InternalMetadata Load (2.0ms)[0m  [1m[34mSELECT * FROM "ar_internal_metadata" WHERE "ar_internal_metadata"."key" = 'environment' ORDER BY "ar_internal_metadata"."key" ASC LIMIT 1 /*application='ApiPonto'*/[0m
  [1m[36mActiveRecord::InternalMetadata Create (4.0ms)[0m  [1m[32mINSERT INTO "ar_internal_metadata" ("key", "value", "created_at", "updated_at") VALUES ('environment', 'development', '2026-07-21 19:09:20.053550', '2026-07-21 19:09:20.053558') RETURNING "key" /*application='ApiPonto'*/[0m
  [1m[36mActiveRecord::InternalMetadata Load (0.4ms)[0m  [1m[34mSELECT * FROM "ar_internal_metadata" WHERE "ar_internal_metadata"."key" = 'environment' ORDER BY "ar_internal_metadata"."key" ASC LIMIT 1 /*application='ApiPonto'*/[0m
  [1m[36mActiveRecord::InternalMetadata Load (0.7ms)[0m  [1m[34mSELECT * FROM "ar_internal_metadata" WHERE "ar_internal_metadata"."key" = 'schema_sha1' ORDER BY "ar_internal_metadata"."key" ASC LIMIT 1 /*application='ApiPonto'*/[0m
  [1m[36mActiveRecord::InternalMetadata Create (5.2ms)[0m  [1m[32mINSERT INTO "ar_internal_metadata" ("key", "value", "created_at", "updated_at") VALUES ('schema_sha1', '7bf1cc0a261b4a44214bf42c4ab2913777779fcf', '2026-07-21 19:09:20.069644', '2026-07-21 19:09:20.069653') RETURNING "key" /*application='ApiPonto'*/[0m
  [1m[35mSQL (21.9ms)[0m  [1m[35mCREATE EXTENSION IF NOT EXISTS "plpgsql" SCHEMA pg_catalog /*application='ApiPonto'*/[0m
  [1m[35m (0.2ms)[0m  [1m[35mDROP TABLE IF EXISTS "time_records" CASCADE /*application='ApiPonto'*/[0m
  [1m[35m (39.1ms)[0m  [1m[35mCREATE TABLE "time_records" ("id" bigserial primary key, "user_id" bigint NOT NULL, "raw_data" character varying, "punched_at" timestamp(6), "authentication_mode" character varying, "created_at" timestamp(6) NOT NULL, "updated_at" timestamp(6) NOT NULL) /*application='ApiPonto'*/[0m
  [1m[35m (16.4ms)[0m  [1m[35mCREATE INDEX "index_time_records_on_punched_at" ON "time_records" ("punched_at") /*application='ApiPonto'*/[0m
  [1m[35m (15.5ms)[0m  [1m[35mCREATE INDEX "index_time_records_on_user_id" ON "time_records" ("user_id") /*application='ApiPonto'*/[0m
  [1m[35m (0.3ms)[0m  [1m[35mDROP TABLE IF EXISTS "users" CASCADE /*application='ApiPonto'*/[0m
  [1m[35m (31.9ms)[0m  [1m[35mCREATE TABLE "users" ("id" bigserial primary key, "nome_completo" character varying NOT NULL, "username" character varying NOT NULL, "password_digest" character varying NOT NULL, "status" integer DEFAULT 1 NOT NULL, "digitais_hash" text, "created_at" timestamp(6) NOT NULL, "updated_at" timestamp(6) NOT NULL) /*application='ApiPonto'*/[0m
  [1m[35m (12.9ms)[0m  [1m[35mCREATE UNIQUE INDEX "index_users_on_username" ON "users" ("username") /*application='ApiPonto'*/[0m
  [1m[35m (4.8ms)[0m  [1m[35mALTER TABLE "time_records" ADD CONSTRAINT "fk_rails_3035fce619"
FOREIGN KEY ("user_id")
  REFERENCES "users" ("id")
 /*application='ApiPonto'*/[0m
  [1m[35m (28.8ms)[0m  [1m[35mCREATE TABLE "schema_migrations" ("version" character varying NOT NULL PRIMARY KEY) /*application='ApiPonto'*/[0m
  [1m[36mActiveRecord::SchemaMigration Load (0.8ms)[0m  [1m[34mSELECT "schema_migrations"."version" FROM "schema_migrations" ORDER BY "schema_migrations"."version" ASC /*application='ApiPonto'*/[0m
  [1m[35m (6.3ms)[0m  [1m[32mINSERT INTO "schema_migrations" (version) VALUES (20260721190532) /*application='ApiPonto'*/[0m
  [1m[35m (3.6ms)[0m  [1m[32mINSERT INTO "schema_migrations" (version) VALUES
(20260721190452); /*application='ApiPonto'*/[0m
  [1m[35m (24.4ms)[0m  [1m[35mCREATE TABLE "ar_internal_metadata" ("key" character varying NOT NULL PRIMARY KEY, "value" character varying, "created_at" timestamp(6) NOT NULL, "updated_at" timestamp(6) NOT NULL) /*application='ApiPonto'*/[0m
  [1m[36mActiveRecord::InternalMetadata Load (1.6ms)[0m  [1m[34mSELECT * FROM "ar_internal_metadata" WHERE "ar_internal_metadata"."key" = 'environment' ORDER BY "ar_internal_metadata"."key" ASC LIMIT 1 /*application='ApiPonto'*/[0m
  [1m[36mActiveRecord::InternalMetadata Create (5.5ms)[0m  [1m[32mINSERT INTO "ar_internal_metadata" ("key", "value", "created_at", "updated_at") VALUES ('environment', 'development', '2026-07-21 19:09:20.353814', '2026-07-21 19:09:20.353818') RETURNING "key" /*application='ApiPonto'*/[0m
  [1m[36mActiveRecord::InternalMetadata Load (0.4ms)[0m  [1m[34mSELECT * FROM "ar_internal_metadata" WHERE "ar_internal_metadata"."key" = 'environment' ORDER BY "ar_internal_metadata"."key" ASC LIMIT 1 /*application='ApiPonto'*/[0m
  [1m[36mActiveRecord::InternalMetadata Update (3.3ms)[0m  [1m[33mUPDATE "ar_internal_metadata" SET "value" = 'test', "updated_at" = '2026-07-21 19:09:20.364416' WHERE "ar_internal_metadata"."key" = 'environment' /*application='ApiPonto'*/[0m
  [1m[36mActiveRecord::InternalMetadata Load (0.5ms)[0m  [1m[34mSELECT * FROM "ar_internal_metadata" WHERE "ar_internal_metadata"."key" = 'schema_sha1' ORDER BY "ar_internal_metadata"."key" ASC LIMIT 1 /*application='ApiPonto'*/[0m
  [1m[36mActiveRecord::InternalMetadata Create (3.0ms)[0m  [1m[32mINSERT INTO "ar_internal_metadata" ("key", "value", "created_at", "updated_at") VALUES ('schema_sha1', '7bf1cc0a261b4a44214bf42c4ab2913777779fcf', '2026-07-21 19:09:20.372900', '2026-07-21 19:09:20.372904') RETURNING "key" /*application='ApiPonto'*/[0m
  [1m[36mActiveRecord::SchemaMigration Load (1.0ms)[0m  [1m[34mSELECT "schema_migrations"."version" FROM "schema_migrations" ORDER BY "schema_migrations"."version" ASC /*application='ApiPonto'*/[0m
  [1m[36mUser Load (0.8ms)[0m  [1m[34mSELECT "users".* FROM "users" WHERE "users"."nome_completo" = 'Usuário Teste' LIMIT 1 /*application='ApiPonto'*/[0m
  [1m[36mTRANSACTION (0.2ms)[0m  [1m[35mBEGIN /*application='ApiPonto'*/[0m
  [1m[36mUser Exists? (0.4ms)[0m  [1m[34mSELECT 1 AS one FROM "users" WHERE "users"."username" = 'usuario.teste' LIMIT 1 /*application='ApiPonto'*/[0m
  ↳ app/models/user.rb:33:in `generate_username'
  [1m[36mUser Exists? (1.3ms)[0m  [1m[34mSELECT 1 AS one FROM "users" WHERE LOWER("users"."username") = LOWER('usuario.teste') LIMIT 1 /*application='ApiPonto'*/[0m
  [1m[36mUser Create (0.8ms)[0m  [1m[32mINSERT INTO "users" ("nome_completo", "username", "password_digest", "status", "digitais_hash", "created_at", "updated_at") VALUES ('Usuário Teste', 'usuario.teste', '$2a$12$Th/qEiQomD7e8Tw.gL/ucO7weucdFin6XFRJgL9FzullLVU.26sHu', 1, NULL, '2026-07-21 19:09:20.755890', '2026-07-21 19:09:20.755890') RETURNING "id" /*application='ApiPonto'*/[0m
  [1m[36mTRANSACTION (4.2ms)[0m  [1m[35mCOMMIT /*application='ApiPonto'*/[0m
  [1m[36mUser Load (0.4ms)[0m  [1m[34mSELECT "users".* FROM "users" WHERE "users"."nome_completo" = 'João Biométrico' LIMIT 1 /*application='ApiPonto'*/[0m
  [1m[36mTRANSACTION (0.3ms)[0m  [1m[35mBEGIN /*application='ApiPonto'*/[0m
  ↳ app/models/user.rb:33:in `generate_username'
  [1m[36mUser Exists? (1.9ms)[0m  [1m[34mSELECT 1 AS one FROM "users" WHERE "users"."username" = 'joao.biometrico' LIMIT 1 /*application='ApiPonto'*/[0m
  ↳ app/models/user.rb:33:in `generate_username'
  [1m[36mUser Exists? (0.4ms)[0m  [1m[34mSELECT 1 AS one FROM "users" WHERE LOWER("users"."username") = LOWER('joao.biometrico') LIMIT 1 /*application='ApiPonto'*/[0m
  [1m[36mUser Create (0.5ms)[0m  [1m[32mINSERT INTO "users" ("nome_completo", "username", "password_digest", "status", "digitais_hash", "created_at", "updated_at") VALUES ('João Biométrico', 'joao.biometrico', '$2a$12$EkqdUPgIPpk2.WdPbNZNUeRxfC3HKyMz3C5ujXfuwEDfJWUzZ/K7i', 1, 'FIR_TEXTENCODE_SAMPLE_HASH_1234567890', '2026-07-21 19:09:21.064107', '2026-07-21 19:09:21.064107') RETURNING "id" /*application='ApiPonto'*/[0m
  [1m[36mTRANSACTION (2.4ms)[0m  [1m[35mCOMMIT /*application='ApiPonto'*/[0m
  [1m[35m (0.4ms)[0m  [1m[34mSELECT pg_try_advisory_lock(7924882114928183895) /*application='ApiPonto'*/[0m
  [1m[36mActiveRecord::SchemaMigration Load (1.6ms)[0m  [1m[34mSELECT "schema_migrations"."version" FROM "schema_migrations" ORDER BY "schema_migrations"."version" ASC /*application='ApiPonto'*/[0m
  [1m[36mActiveRecord::InternalMetadata Load (1.4ms)[0m  [1m[34mSELECT * FROM "ar_internal_metadata" WHERE "ar_internal_metadata"."key" = 'environment' ORDER BY "ar_internal_metadata"."key" ASC LIMIT 1 /*application='ApiPonto'*/[0m
  [1m[35m (0.4ms)[0m  [1m[34mSELECT pg_advisory_unlock(7924882114928183895) /*application='ApiPonto'*/[0m
  [1m[36mActiveRecord::SchemaMigration Load (0.3ms)[0m  [1m[34mSELECT "schema_migrations"."version" FROM "schema_migrations" ORDER BY "schema_migrations"."version" ASC /*application='ApiPonto'*/[0m
  [1m[36mActiveRecord::SchemaMigration Load (0.8ms)[0m  [1m[34mSELECT "schema_migrations"."version" FROM "schema_migrations" ORDER BY "schema_migrations"."version" ASC /*application='ApiPonto'*/[0m
  [1m[36mUser Load (0.9ms)[0m  [1m[34mSELECT "users".* FROM "users" WHERE "users"."nome_completo" = 'Usuário Teste' LIMIT 1 /*application='ApiPonto'*/[0m
  [1m[36mUser Load (0.4ms)[0m  [1m[34mSELECT "users".* FROM "users" WHERE "users"."nome_completo" = 'João Biométrico' LIMIT 1 /*application='ApiPonto'*/[0m
  [1m[36mUser Load (15.0ms)[0m  [1m[34mSELECT "users".* FROM "users" /*application='ApiPonto'*/[0m
Started GET "/up" for 127.0.0.1 at 2026-07-21 16:11:33 -0300
  [1m[36mActiveRecord::SchemaMigration Load (0.8ms)[0m  [1m[34mSELECT "schema_migrations"."version" FROM "schema_migrations" ORDER BY "schema_migrations"."version" ASC /*application='ApiPonto'*/[0m
Processing by Rails::HealthController#show as */*
  Rendering html template
  Rendered html template (Duration: 0.3ms | GC: 0.0ms)
Completed 200 OK in 16ms (Views: 11.8ms | ActiveRecord: 0.0ms (0 queries, 0 cached) | GC: 1.2ms)


Started GET "/presenca/CarregaRelogioAtual" for 127.0.0.1 at 2026-07-21 16:11:36 -0300
Processing by Presenca::CarregaRelogioAtualController#show as */*
Completed 204 No Content in 1ms (ActiveRecord: 0.0ms (0 queries, 0 cached) | GC: 0.7ms)


Started GET "/presenca/InicializarPonto?codigoAtivacao=poc-ativacao-001&codigoUnicoMaquina=teste" for 127.0.0.1 at 2026-07-21 16:11:36 -0300
Processing by Presenca::InicializarPontoController#show as */*
  Parameters: {"codigoAtivacao"=>"poc-ativacao-001", "codigoUnicoMaquina"=>"teste"}
Completed 204 No Content in 0ms (ActiveRecord: 0.0ms (0 queries, 0 cached) | GC: 0.0ms)


Started GET "/" for 127.0.0.1 at 2026-07-21 16:11:49 -0300
Processing by Rails::WelcomeController#index as HTML
  Rendering /home/wilker/.asdf/installs/ruby/3.3.3/lib/ruby/gems/3.3.0/gems/railties-8.0.5/lib/rails/templates/rails/welcome/index.html.erb
  Rendered /home/wilker/.asdf/installs/ruby/3.3.3/lib/ruby/gems/3.3.0/gems/railties-8.0.5/lib/rails/templates/rails/welcome/index.html.erb (Duration: 1.8ms | GC: 0.0ms)
Completed 200 OK in 15ms (Views: 3.6ms | ActiveRecord: 0.0ms (0 queries, 0 cached) | GC: 0.8ms)


Started GET "/icon.png" for 127.0.0.1 at 2026-07-21 16:11:50 -0300
  
ActionController::RoutingError (No route matches [GET] "/icon.png"):
  
Started GET "/presenca/CarregaRelogioAtual" for 127.0.0.1 at 2026-07-21 16:19:35 -0300
Processing by Presenca::CarregaRelogioAtualController#show as */*
Completed 200 OK in 1ms (Views: 0.2ms | ActiveRecord: 0.0ms (0 queries, 0 cached) | GC: 0.0ms)


Started GET "/presenca/ValidarFrequentador?loginAccessKey=C8uw0ilEQgD8Ofy8TM1Tzw&plainPassword=[FILTERED]&codAtivacao=poc-ativacao-001" for 127.0.0.1 at 2026-07-21 16:19:48 -0300
Processing by Presenca::ValidarFrequentadorController#show as */*
  Parameters: {"loginAccessKey"=>"C8uw0ilEQgD8Ofy8TM1Tzw", "plainPassword"=>"[FILTERED]", "codAtivacao"=>"poc-ativacao-001"}
Completed 200 OK in 1ms (Views: 0.1ms | ActiveRecord: 0.0ms (0 queries, 0 cached) | GC: 0.0ms)


Started GET "/presenca/ValidarFrequentador?loginAccessKey=C8uw0ilEQgD8Ofy8TM1Tzw&plainPassword=[FILTERED]&codAtivacao=poc-ativacao-001" for 127.0.0.1 at 2026-07-21 16:19:48 -0300
Processing by Presenca::ValidarFrequentadorController#show as */*
  Parameters: {"loginAccessKey"=>"C8uw0ilEQgD8Ofy8TM1Tzw", "plainPassword"=>"[FILTERED]", "codAtivacao"=>"poc-ativacao-001"}
Completed 200 OK in 0ms (Views: 0.1ms | ActiveRecord: 0.0ms (0 queries, 0 cached) | GC: 0.0ms)


Started GET "/presenca/ValidarFrequentador?loginAccessKey=C8uw0ilEQgD8Ofy8TM1Tzw&plainPassword=[FILTERED]&codAtivacao=errado" for 127.0.0.1 at 2026-07-21 16:19:48 -0300
Processing by Presenca::ValidarFrequentadorController#show as */*
  Parameters: {"loginAccessKey"=>"C8uw0ilEQgD8Ofy8TM1Tzw", "plainPassword"=>"[FILTERED]", "codAtivacao"=>"errado"}
Completed 200 OK in 0ms (Views: 0.1ms | ActiveRecord: 0.0ms (0 queries, 0 cached) | GC: 0.0ms)


Started GET "/" for 127.0.0.1 at 2026-07-21 16:19:51 -0300
Processing by Rails::WelcomeController#index as HTML
  Rendering /home/wilker/.asdf/installs/ruby/3.3.3/lib/ruby/gems/3.3.0/gems/railties-8.0.5/lib/rails/templates/rails/welcome/index.html.erb
  Rendered /home/wilker/.asdf/installs/ruby/3.3.3/lib/ruby/gems/3.3.0/gems/railties-8.0.5/lib/rails/templates/rails/welcome/index.html.erb (Duration: 2.7ms | GC: 0.0ms)
Completed 200 OK in 6ms (Views: 4.3ms | ActiveRecord: 0.0ms (0 queries, 0 cached) | GC: 0.0ms)


  [1m[36mUser Load (1.0ms)[0m  [1m[34mSELECT "users".* FROM "users" WHERE "users"."username" = 'usuario.teste' LIMIT 1 /*application='ApiPonto'*/[0m
  [1m[36mUser Load (1.3ms)[0m  [1m[34mSELECT "users".* FROM "users" WHERE "users"."status" = 1 AND "users"."username" = 'usuario.teste' LIMIT 1 /*application='ApiPonto'*/[0m
Started GET "/presenca/ValidarFrequentador?loginAccessKey=C8uw0ilEQgD8Ofy8TM1Tzw&plainPassword=[FILTERED]&codAtivacao=poc-ativacao-001" for 127.0.0.1 at 2026-07-21 16:22:13 -0300
  [1m[36mActiveRecord::SchemaMigration Load (1.3ms)[0m  [1m[34mSELECT "schema_migrations"."version" FROM "schema_migrations" ORDER BY "schema_migrations"."version" ASC /*application='ApiPonto'*/[0m
Processing by Presenca::ValidarFrequentadorController#show as */*
  Parameters: {"loginAccessKey"=>"C8uw0ilEQgD8Ofy8TM1Tzw", "plainPassword"=>"[FILTERED]", "codAtivacao"=>"poc-ativacao-001"}
  [1m[36mUser Load (0.8ms)[0m  [1m[34mSELECT "users".* FROM "users" WHERE "users"."status" = 1 AND "users"."username" = 'usuario.teste' LIMIT 1 /*action='show',application='ApiPonto',controller='validar_frequentador'*/[0m
  ↳ app/controllers/presenca/validar_frequentador_controller.rb:11:in `show'
Completed 200 OK in 391ms (Views: 0.4ms | ActiveRecord: 14.3ms (1 query, 0 cached) | GC: 28.8ms)


Started GET "/presenca/ValidarFrequentador?loginAccessKey=C8uw0ilEQgD8Ofy8TM1Tzw&plainPassword=[FILTERED]&codAtivacao=poc-ativacao-001" for 127.0.0.1 at 2026-07-21 16:22:18 -0300
Processing by Presenca::ValidarFrequentadorController#show as */*
  Parameters: {"loginAccessKey"=>"C8uw0ilEQgD8Ofy8TM1Tzw", "plainPassword"=>"[FILTERED]", "codAtivacao"=>"poc-ativacao-001"}
  [1m[36mUser Load (0.5ms)[0m  [1m[34mSELECT "users".* FROM "users" WHERE "users"."status" = 1 AND "users"."username" = 'usuario.teste' LIMIT 1 /*action='show',application='ApiPonto',controller='validar_frequentador'*/[0m
  ↳ app/controllers/presenca/validar_frequentador_controller.rb:11:in `show'
Completed 200 OK in 300ms (Views: 0.2ms | ActiveRecord: 0.5ms (1 query, 0 cached) | GC: 0.0ms)


Started GET "/presenca/ValidarFrequentador?loginAccessKey=C8uw0ilEQgD8Ofy8TM1Tzw&plainPassword=[FILTERED]&codAtivacao=poc-ativacao-001" for 127.0.0.1 at 2026-07-21 16:22:18 -0300
Processing by Presenca::ValidarFrequentadorController#show as */*
  Parameters: {"loginAccessKey"=>"C8uw0ilEQgD8Ofy8TM1Tzw", "plainPassword"=>"[FILTERED]", "codAtivacao"=>"poc-ativacao-001"}
Completed 200 OK in 0ms (Views: 0.1ms | ActiveRecord: 0.0ms (0 queries, 0 cached) | GC: 0.0ms)


Started GET "/presenca/ValidarFrequentador?loginAccessKey=C8uw0ilEQgD8Ofy8TM1Tzw&plainPassword=[FILTERED]&codAtivacao=errado" for 127.0.0.1 at 2026-07-21 16:22:18 -0300
Processing by Presenca::ValidarFrequentadorController#show as */*
  Parameters: {"loginAccessKey"=>"C8uw0ilEQgD8Ofy8TM1Tzw", "plainPassword"=>"[FILTERED]", "codAtivacao"=>"errado"}
Completed 200 OK in 0ms (Views: 0.1ms | ActiveRecord: 0.0ms (0 queries, 0 cached) | GC: 0.0ms)


Started GET "/presenca/InicializarPonto?codigoAtivacao=poc-ativacao-001&codigoUnicoMaquina=ABC123" for 127.0.0.1 at 2026-07-21 16:22:28 -0300
Processing by Presenca::InicializarPontoController#show as */*
  Parameters: {"codigoAtivacao"=>"poc-ativacao-001", "codigoUnicoMaquina"=>"ABC123"}
Completed 200 OK in 1ms (Views: 0.2ms | ActiveRecord: 0.0ms (0 queries, 0 cached) | GC: 0.0ms)


Started GET "/presenca/InicializarPonto" for 127.0.0.1 at 2026-07-21 16:22:28 -0300
Processing by Presenca::InicializarPontoController#show as */*
Completed 200 OK in 2ms (Views: 1.9ms | ActiveRecord: 0.0ms (0 queries, 0 cached) | GC: 1.5ms)


Started GET "/presenca/DynHashFrequentadoresEstacao" for 127.0.0.1 at 2026-07-21 16:23:34 -0300
Processing by Presenca::DynHashFrequentadoresEstacaoController#show as */*
  [1m[36mUser Load (0.5ms)[0m  [1m[34mSELECT "users".* FROM "users" WHERE "users"."status" = 1 AND "users"."digitais_hash" IS NOT NULL /*action='show',application='ApiPonto',controller='dyn_hash_frequentadores_estacao'*/[0m
  ↳ app/services/frequentadores_serializer.rb:6:in `map'
Completed 200 OK in 25ms (Views: 0.2ms | ActiveRecord: 8.0ms (1 query, 0 cached) | GC: 0.9ms)


  [1m[36mUser Count (0.6ms)[0m  [1m[34mSELECT COUNT(*) FROM "users" WHERE "users"."status" = 1 AND "users"."digitais_hash" IS NOT NULL /*application='ApiPonto'*/[0m
  [1m[36mUser Load (0.8ms)[0m  [1m[34mSELECT "users".* FROM "users" WHERE "users"."status" = 1 AND "users"."digitais_hash" IS NOT NULL /*application='ApiPonto'*/[0m
  ↳ app/services/frequentadores_serializer.rb:6:in `map'
Started GET "/presenca/DynFrequentadoresEstacao" for 127.0.0.1 at 2026-07-21 16:24:19 -0300
Processing by Presenca::DynFrequentadoresEstacaoController#index as */*
  [1m[36mUser Load (0.6ms)[0m  [1m[34mSELECT "users".* FROM "users" WHERE "users"."status" = 1 AND "users"."digitais_hash" IS NOT NULL /*action='index',application='ApiPonto',controller='dyn_frequentadores_estacao'*/[0m
  ↳ app/services/frequentadores_serializer.rb:6:in `map'
Completed 200 OK in 26ms (Views: 0.2ms | ActiveRecord: 9.2ms (1 query, 0 cached) | GC: 0.0ms)


Started GET "/presenca/DynFrequentadoresEstacao" for 127.0.0.1 at 2026-07-21 16:24:34 -0300
Processing by Presenca::DynFrequentadoresEstacaoController#index as HTML
  [1m[36mUser Load (0.5ms)[0m  [1m[34mSELECT "users".* FROM "users" WHERE "users"."status" = 1 AND "users"."digitais_hash" IS NOT NULL /*action='index',application='ApiPonto',controller='dyn_frequentadores_estacao'*/[0m
  ↳ app/services/frequentadores_serializer.rb:6:in `map'
Completed 200 OK in 4ms (Views: 0.1ms | ActiveRecord: 0.5ms (1 query, 0 cached) | GC: 0.0ms)


Started POST "/presenca/ajax/SincronizarRegistrosPonto" for 127.0.0.1 at 2026-07-21 16:25:40 -0300
Processing by Presenca::SincronizarRegistrosPontoController#create as */*
  Parameters: {"registros"=>"    Any part of Rails can be skipped during app generation.", "codAtivacao"=>"poc-ativacao-001"}
Completed 200 OK in 1ms (Views: 0.1ms | ActiveRecord: 0.0ms (0 queries, 0 cached) | GC: 0.0ms)


Started POST "/presenca/ajax/SincronizarRegistrosPonto" for 127.0.0.1 at 2026-07-21 16:25:51 -0300
Processing by Presenca::SincronizarRegistrosPontoController#create as */*
  Parameters: {"registros"=>"VaRpOTiQpAotrox8EVqVSEhzlrhI_W7b8Dxne44BLseS5muJbeIXufdp1AcPi3qH", "codAtivacao"=>"poc-ativacao-001"}
Completed 200 OK in 0ms (Views: 0.1ms | ActiveRecord: 0.0ms (0 queries, 0 cached) | GC: 0.0ms)


  [1m[36mTimeRecord Load (22.9ms)[0m  [1m[34mSELECT "time_records".* FROM "time_records" /*application='ApiPonto'*/[0m
  [1m[36mUser Exists? (0.6ms)[0m  [1m[34mSELECT 1 AS one FROM "users" WHERE "users"."id" = 1 LIMIT 1 /*application='ApiPonto'*/[0m
  [1m[36mUser Load (0.3ms)[0m  [1m[34mSELECT "users".* FROM "users" /*application='ApiPonto'*/[0m
Started POST "/presenca/ajax/SincronizarRegistrosPonto" for 127.0.0.1 at 2026-07-21 16:26:12 -0300
Processing by Presenca::SincronizarRegistrosPontoController#create as */*
  Parameters: {"registros"=>"VaRpOTiQpAotrox8EVqVSC5aoqsv7jvju8R4XwzQsSLij0878WL1wiPdSzJroovZ", "codAtivacao"=>"poc-ativacao-001"}
  [1m[36mUser Exists? (0.5ms)[0m  [1m[34mSELECT 1 AS one FROM "users" WHERE "users"."id" = 1 LIMIT 1 /*action='create',application='ApiPonto',controller='sincronizar_registros_ponto'*/[0m
  ↳ app/controllers/presenca/sincronizar_registros_ponto_controller.rb:17:in `block in create'
  [1m[36mTRANSACTION (0.4ms)[0m  [1m[35mBEGIN /*action='create',application='ApiPonto',controller='sincronizar_registros_ponto'*/[0m
  ↳ app/controllers/presenca/sincronizar_registros_ponto_controller.rb:19:in `block in create'
  [1m[36mUser Load (3.5ms)[0m  [1m[34mSELECT "users".* FROM "users" WHERE "users"."id" = 1 LIMIT 1 /*action='create',application='ApiPonto',controller='sincronizar_registros_ponto'*/[0m
  ↳ app/controllers/presenca/sincronizar_registros_ponto_controller.rb:19:in `block in create'
  [1m[36mTimeRecord Create (2.8ms)[0m  [1m[32mINSERT INTO "time_records" ("user_id", "raw_data", "punched_at", "authentication_mode", "created_at", "updated_at") VALUES (1, '1-15:07:2026:14:30:45', '2026-07-15 14:30:45', 'biometric', '2026-07-21 19:26:12.972565', '2026-07-21 19:26:12.972565') RETURNING "id" /*action='create',application='ApiPonto',controller='sincronizar_registros_ponto'*/[0m
  ↳ app/controllers/presenca/sincronizar_registros_ponto_controller.rb:19:in `block in create'
  [1m[36mTRANSACTION (2.3ms)[0m  [1m[35mCOMMIT /*action='create',application='ApiPonto',controller='sincronizar_registros_ponto'*/[0m
  ↳ app/controllers/presenca/sincronizar_registros_ponto_controller.rb:19:in `block in create'
  [1m[36mUser Exists? (0.4ms)[0m  [1m[34mSELECT 1 AS one FROM "users" WHERE "users"."id" = 2 LIMIT 1 /*action='create',application='ApiPonto',controller='sincronizar_registros_ponto'*/[0m
  ↳ app/controllers/presenca/sincronizar_registros_ponto_controller.rb:17:in `block in create'
  [1m[36mTRANSACTION (0.2ms)[0m  [1m[35mBEGIN /*action='create',application='ApiPonto',controller='sincronizar_registros_ponto'*/[0m
  ↳ app/controllers/presenca/sincronizar_registros_ponto_controller.rb:19:in `block in create'
  [1m[36mUser Load (14.8ms)[0m  [1m[34mSELECT "users".* FROM "users" WHERE "users"."id" = 2 LIMIT 1 /*action='create',application='ApiPonto',controller='sincronizar_registros_ponto'*/[0m
  ↳ app/controllers/presenca/sincronizar_registros_ponto_controller.rb:19:in `block in create'
  [1m[36mTimeRecord Create (0.7ms)[0m  [1m[32mINSERT INTO "time_records" ("user_id", "raw_data", "punched_at", "authentication_mode", "created_at", "updated_at") VALUES (2, '2-15:07:2026:14:31:00', '2026-07-15 14:31:00', 'biometric', '2026-07-21 19:26:13.003441', '2026-07-21 19:26:13.003441') RETURNING "id" /*action='create',application='ApiPonto',controller='sincronizar_registros_ponto'*/[0m
  ↳ app/controllers/presenca/sincronizar_registros_ponto_controller.rb:19:in `block in create'
  [1m[36mTRANSACTION (3.4ms)[0m  [1m[35mCOMMIT /*action='create',application='ApiPonto',controller='sincronizar_registros_ponto'*/[0m
  ↳ app/controllers/presenca/sincronizar_registros_ponto_controller.rb:19:in `block in create'
Completed 200 OK in 113ms (Views: 0.1ms | ActiveRecord: 42.3ms (6 queries, 0 cached) | GC: 12.8ms)


  [1m[36mTimeRecord Load (16.1ms)[0m  [1m[34mSELECT "time_records".* FROM "time_records" /*application='ApiPonto'*/[0m
Started GET "/presenca/CarregaRelogioAtual" for 127.0.0.1 at 2026-07-21 16:43:30 -0300
  [1m[36mActiveRecord::SchemaMigration Load (0.8ms)[0m  [1m[34mSELECT "schema_migrations"."version" FROM "schema_migrations" ORDER BY "schema_migrations"."version" ASC /*application='ApiPonto'*/[0m
Processing by Presenca::CarregaRelogioAtualController#show as */*
Completed 200 OK in 11ms (Views: 0.3ms | ActiveRecord: 0.0ms (0 queries, 0 cached) | GC: 0.0ms)


Started GET "/presenca/CarregaRelogioAtual" for 127.0.0.1 at 2026-07-21 16:44:17 -0300
  [1m[36mActiveRecord::SchemaMigration Load (0.8ms)[0m  [1m[34mSELECT "schema_migrations"."version" FROM "schema_migrations" ORDER BY "schema_migrations"."version" ASC /*application='ApiPonto'*/[0m
Processing by Presenca::CarregaRelogioAtualController#show as */*
Completed 200 OK in 9ms (Views: 0.3ms | ActiveRecord: 0.0ms (0 queries, 0 cached) | GC: 0.0ms)


Started GET "/presenca/DynHashFrequentadoresEstacao" for 127.0.0.1 at 2026-07-21 16:44:17 -0300
Processing by Presenca::DynHashFrequentadoresEstacaoController#show as */*
  [1m[36mUser Load (0.6ms)[0m  [1m[34mSELECT "users".* FROM "users" WHERE "users"."status" = 1 AND "users"."digitais_hash" IS NOT NULL /*action='show',application='ApiPonto',controller='dyn_hash_frequentadores_estacao'*/[0m
  ↳ app/services/frequentadores_serializer.rb:6:in `map'
Completed 200 OK in 96ms (Views: 0.7ms | ActiveRecord: 13.9ms (1 query, 0 cached) | GC: 32.6ms)


Started GET "/presenca/DynFrequentadoresEstacao" for 127.0.0.1 at 2026-07-21 16:44:17 -0300
Processing by Presenca::DynFrequentadoresEstacaoController#index as */*
  [1m[36mUser Load (0.7ms)[0m  [1m[34mSELECT "users".* FROM "users" WHERE "users"."status" = 1 AND "users"."digitais_hash" IS NOT NULL /*action='index',application='ApiPonto',controller='dyn_frequentadores_estacao'*/[0m
  ↳ app/services/frequentadores_serializer.rb:6:in `map'
Completed 200 OK in 4ms (Views: 0.2ms | ActiveRecord: 0.6ms (1 query, 0 cached) | GC: 0.0ms)


Started GET "/presenca/InicializarPonto?codigoAtivacao=SistemaOperacionalNaoSuportado&codigoUnicoMaquina=test" for 127.0.0.1 at 2026-07-21 16:44:17 -0300
Processing by Presenca::InicializarPontoController#show as */*
  Parameters: {"codigoAtivacao"=>"SistemaOperacionalNaoSuportado", "codigoUnicoMaquina"=>"test"}
Completed 200 OK in 1ms (Views: 0.1ms | ActiveRecord: 0.0ms (0 queries, 0 cached) | GC: 0.0ms)


Started GET "/presenca/ValidarFrequentador?loginAccessKey=C8uw0ilEQgD8Ofy8TM1Tzw&plainPassword=[FILTERED]&codAtivacao=SistemaOperacionalNaoSuportado" for 127.0.0.1 at 2026-07-21 16:44:29 -0300
Processing by Presenca::ValidarFrequentadorController#show as */*
  Parameters: {"loginAccessKey"=>"C8uw0ilEQgD8Ofy8TM1Tzw", "plainPassword"=>"[FILTERED]", "codAtivacao"=>"SistemaOperacionalNaoSuportado"}
  [1m[36mUser Load (1.4ms)[0m  [1m[34mSELECT "users".* FROM "users" WHERE "users"."status" = 1 AND "users"."username" = 'usuario.teste' LIMIT 1 /*action='show',application='ApiPonto',controller='validar_frequentador'*/[0m
  ↳ app/controllers/presenca/validar_frequentador_controller.rb:11:in `show'
Completed 200 OK in 304ms (Views: 0.2ms | ActiveRecord: 1.4ms (1 query, 0 cached) | GC: 0.0ms)


Started GET "/presenca/ValidarFrequentador?loginAccessKey=C8uw0ilEQgD8Ofy8TM1Tzw&plainPassword=[FILTERED]&codAtivacao=SistemaOperacionalNaoSuportado" for 127.0.0.1 at 2026-07-21 16:44:29 -0300
Processing by Presenca::ValidarFrequentadorController#show as */*
  Parameters: {"loginAccessKey"=>"C8uw0ilEQgD8Ofy8TM1Tzw", "plainPassword"=>"[FILTERED]", "codAtivacao"=>"SistemaOperacionalNaoSuportado"}
Completed 200 OK in 0ms (Views: 0.1ms | ActiveRecord: 0.0ms (0 queries, 0 cached) | GC: 0.0ms)


Started GET "/presenca/ValidarFrequentador?loginAccessKey=C8uw0ilEQgD8Ofy8TM1Tzw&plainPassword=[FILTERED]&codAtivacao=invalid" for 127.0.0.1 at 2026-07-21 16:44:29 -0300
Processing by Presenca::ValidarFrequentadorController#show as */*
  Parameters: {"loginAccessKey"=>"C8uw0ilEQgD8Ofy8TM1Tzw", "plainPassword"=>"[FILTERED]", "codAtivacao"=>"invalid"}
Completed 200 OK in 0ms (Views: 0.1ms | ActiveRecord: 0.0ms (0 queries, 0 cached) | GC: 0.0ms)


Started GET "/presenca/CarregaRelogioAtual" for 127.0.0.1 at 2026-07-21 16:47:39 -0300
Processing by Presenca::CarregaRelogioAtualController#show as HTML
Completed 200 OK in 3ms (Views: 2.3ms | ActiveRecord: 0.0ms (0 queries, 0 cached) | GC: 1.9ms)


Started GET "/presenca/" for 127.0.0.1 at 2026-07-21 16:47:44 -0300
  
ActionController::RoutingError (No route matches [GET] "/presenca"):
  
Started GET "/presenca/CarregaRelogioAtual" for 127.0.0.1 at 2026-07-21 16:48:11 -0300
Processing by Presenca::CarregaRelogioAtualController#show as HTML
Completed 200 OK in 0ms (Views: 0.1ms | ActiveRecord: 0.0ms (0 queries, 0 cached) | GC: 0.0ms)


Started GET "/favicon.ico" for 127.0.0.1 at 2026-07-21 16:48:11 -0300
  
ActionController::RoutingError (No route matches [GET] "/favicon.ico"):
  
Started GET "/presenca/CarregaRelogioAtual" for 127.0.0.1 at 2026-07-21 16:48:34 -0300
Processing by Presenca::CarregaRelogioAtualController#show as HTML
Completed 200 OK in 0ms (Views: 0.1ms | ActiveRecord: 0.0ms (0 queries, 0 cached) | GC: 0.0ms)


Started GET "/" for 127.0.0.1 at 2026-07-21 16:48:54 -0300
Processing by Rails::WelcomeController#index as HTML
  Rendering /home/wilker/.asdf/installs/ruby/3.3.3/lib/ruby/gems/3.3.0/gems/railties-8.0.5/lib/rails/templates/rails/welcome/index.html.erb
  Rendered /home/wilker/.asdf/installs/ruby/3.3.3/lib/ruby/gems/3.3.0/gems/railties-8.0.5/lib/rails/templates/rails/welcome/index.html.erb (Duration: 0.7ms | GC: 0.0ms)
Completed 200 OK in 7ms (Views: 2.9ms | ActiveRecord: 0.0ms (0 queries, 0 cached) | GC: 3.5ms)


Started GET "/presenca/CarregaRelogioAtual" for 127.0.0.1 at 2026-07-21 17:00:22 -0300
  [1m[36mActiveRecord::SchemaMigration Load (0.8ms)[0m  [1m[34mSELECT "schema_migrations"."version" FROM "schema_migrations" ORDER BY "schema_migrations"."version" ASC /*application='ApiPonto'*/[0m
Processing by Presenca::CarregaRelogioAtualController#show as */*
Completed 200 OK in 7ms (Views: 0.2ms | ActiveRecord: 0.0ms (0 queries, 0 cached) | GC: 0.0ms)


Started GET "/presenca/IniciarPonto" for 127.0.0.1 at 2026-07-21 17:00:22 -0300
Processing by Presenca::IniciarPontoController#show as */*
Completed 200 OK in 0ms (Views: 0.1ms | ActiveRecord: 0.0ms (0 queries, 0 cached) | GC: 0.0ms)


Started GET "/presenca/InicializarPonto?codigoAtivacao=SistemaOperacionalNaoSuportado&codigoUnicoMaquina=test" for 127.0.0.1 at 2026-07-21 17:00:22 -0300
Processing by Presenca::InicializarPontoController#show as */*
  Parameters: {"codigoAtivacao"=>"SistemaOperacionalNaoSuportado", "codigoUnicoMaquina"=>"test"}
Completed 200 OK in 0ms (Views: 0.1ms | ActiveRecord: 0.0ms (0 queries, 0 cached) | GC: 0.0ms)


Started GET "/presenca/PontoDePresenca" for 127.0.0.1 at 2026-07-21 17:00:22 -0300
Processing by Presenca::PontoDePresencaController#show as */*
Completed 200 OK in 1ms (Views: 0.4ms | ActiveRecord: 0.0ms (0 queries, 0 cached) | GC: 0.0ms)


Started GET "/presenca/DynHashFrequentadoresEstacao" for 127.0.0.1 at 2026-07-21 17:00:22 -0300
Processing by Presenca::DynHashFrequentadoresEstacaoController#show as */*
  [1m[36mUser Load (1.0ms)[0m  [1m[34mSELECT "users".* FROM "users" WHERE "users"."status" = 1 AND "users"."digitais_hash" IS NOT NULL /*action='show',application='ApiPonto',controller='dyn_hash_frequentadores_estacao'*/[0m
  ↳ app/services/frequentadores_serializer.rb:6:in `map'
Completed 200 OK in 81ms (Views: 0.2ms | ActiveRecord: 25.2ms (1 query, 0 cached) | GC: 3.9ms)


Started GET "/presenca/DynFrequentadoresEstacao" for 127.0.0.1 at 2026-07-21 17:00:22 -0300
Processing by Presenca::DynFrequentadoresEstacaoController#index as */*
  [1m[36mUser Load (0.6ms)[0m  [1m[34mSELECT "users".* FROM "users" WHERE "users"."status" = 1 AND "users"."digitais_hash" IS NOT NULL /*action='index',application='ApiPonto',controller='dyn_frequentadores_estacao'*/[0m
  ↳ app/services/frequentadores_serializer.rb:6:in `map'
Completed 200 OK in 4ms (Views: 0.2ms | ActiveRecord: 0.5ms (1 query, 0 cached) | GC: 0.0ms)


Started GET "/presenca/AdicioneEstacao?codAtivacao=SistemaOperacionalNaoSuportado&versao=1.2&estadoEstacao=FUNCIONANDO" for 127.0.0.1 at 2026-07-21 17:00:22 -0300
Processing by Presenca::AdicioneEstacaoController#show as */*
  Parameters: {"codAtivacao"=>"SistemaOperacionalNaoSuportado", "versao"=>"1.2", "estadoEstacao"=>"FUNCIONANDO"}
Completed 200 OK in 0ms (Views: 0.1ms | ActiveRecord: 0.0ms (0 queries, 0 cached) | GC: 0.0ms)


Started GET "/presenca/PontoDePresenca" for 127.0.0.1 at 2026-07-21 17:00:27 -0300
Processing by Presenca::PontoDePresencaController#show as */*
Completed 200 OK in 3ms (Views: 0.1ms | ActiveRecord: 0.0ms (0 queries, 0 cached) | GC: 1.7ms)


Started GET "/presenca/PontoDePresenca" for 127.0.0.1 at 2026-07-21 17:00:52 -0300
Processing by Presenca::PontoDePresencaController#show as HTML
Completed 200 OK in 2ms (Views: 0.1ms | ActiveRecord: 0.0ms (0 queries, 0 cached) | GC: 0.0ms)


Started GET "/presenca/PontoDePresenca" for 127.0.0.1 at 2026-07-21 17:01:19 -0300
Processing by Presenca::PontoDePresencaController#show as */*
Completed 200 OK in 0ms (Views: 0.1ms | ActiveRecord: 0.0ms (0 queries, 0 cached) | GC: 0.0ms)


Started GET "/presenca/PontoDePresenca" for 127.0.0.1 at 2026-07-21 17:01:29 -0300
Processing by Presenca::PontoDePresencaController#show as */*
Completed 200 OK in 0ms (Views: 0.1ms | ActiveRecord: 0.0ms (0 queries, 0 cached) | GC: 0.0ms)


Started GET "/presenca/PontoDePresenca" for 127.0.0.1 at 2026-07-21 17:01:56 -0300
Processing by Presenca::PontoDePresencaController#show as */*
Completed 200 OK in 0ms (Views: 0.2ms | ActiveRecord: 0.0ms (0 queries, 0 cached) | GC: 0.0ms)


Started GET "/presenca/PontoDePresenca" for 127.0.0.1 at 2026-07-21 17:02:29 -0300
Processing by Presenca::PontoDePresencaController#show as */*
Completed 200 OK in 2ms (Views: 0.2ms | ActiveRecord: 0.0ms (0 queries, 0 cached) | GC: 0.0ms)


Started POST "/presenca/ajax/SincronizarRegistrosPonto" for 127.0.0.1 at 2026-07-21 17:02:36 -0300
Processing by Presenca::SincronizarRegistrosPontoController#create as */*
  Parameters: {"registros"=>"1-15:07:2026:14:30:45", "codAtivacao"=>"SistemaOperacionalNaoSuportado"}
  [1m[36mUser Exists? (1.5ms)[0m  [1m[34mSELECT 1 AS one FROM "users" WHERE "users"."id" = 1 LIMIT 1 /*action='create',application='ApiPonto',controller='sincronizar_registros_ponto'*/[0m
  ↳ app/controllers/presenca/sincronizar_registros_ponto_controller.rb:18:in `block in create'
  [1m[36mTRANSACTION (0.2ms)[0m  [1m[35mBEGIN /*action='create',application='ApiPonto',controller='sincronizar_registros_ponto'*/[0m
  ↳ app/controllers/presenca/sincronizar_registros_ponto_controller.rb:20:in `block in create'
  [1m[36mUser Load (3.0ms)[0m  [1m[34mSELECT "users".* FROM "users" WHERE "users"."id" = 1 LIMIT 1 /*action='create',application='ApiPonto',controller='sincronizar_registros_ponto'*/[0m
  ↳ app/controllers/presenca/sincronizar_registros_ponto_controller.rb:20:in `block in create'
  [1m[36mTimeRecord Create (0.9ms)[0m  [1m[32mINSERT INTO "time_records" ("user_id", "raw_data", "punched_at", "authentication_mode", "created_at", "updated_at") VALUES (1, '1-15:07:2026:14:30:45', '2026-07-15 14:30:45', 'biometric', '2026-07-21 20:02:36.632476', '2026-07-21 20:02:36.632476') RETURNING "id" /*action='create',application='ApiPonto',controller='sincronizar_registros_ponto'*/[0m
  ↳ app/controllers/presenca/sincronizar_registros_ponto_controller.rb:20:in `block in create'
  [1m[36mTRANSACTION (2.2ms)[0m  [1m[35mCOMMIT /*action='create',application='ApiPonto',controller='sincronizar_registros_ponto'*/[0m
  ↳ app/controllers/presenca/sincronizar_registros_ponto_controller.rb:20:in `block in create'
Completed 200 OK in 68ms (Views: 0.1ms | ActiveRecord: 18.3ms (3 queries, 0 cached) | GC: 0.0ms)


  [1m[36mTimeRecord Load (3.2ms)[0m  [1m[34mSELECT "time_records".* FROM "time_records" ORDER BY "time_records"."id" DESC LIMIT 3 /*application='ApiPonto'*/[0m
Started GET "/presenca/CarregaRelogioAtual" for 127.0.0.1 at 2026-07-21 17:08:30 -0300
Processing by Presenca::CarregaRelogioAtualController#show as */*
Completed 200 OK in 0ms (Views: 0.1ms | ActiveRecord: 0.0ms (0 queries, 0 cached) | GC: 0.0ms)


[ActionDispatch::HostAuthorization::DefaultResponseApp] Blocked hosts: host.docker.internal:3000
Started GET "/presenca/CarregaRelogioAtual" for 172.17.0.2 at 2026-07-21 17:10:09 -0300
  [1m[36mActiveRecord::SchemaMigration Load (0.8ms)[0m  [1m[34mSELECT "schema_migrations"."version" FROM "schema_migrations" ORDER BY "schema_migrations"."version" ASC /*application='ApiPonto'*/[0m
Processing by Presenca::CarregaRelogioAtualController#show as */*
Completed 200 OK in 6ms (Views: 0.2ms | ActiveRecord: 0.0ms (0 queries, 0 cached) | GC: 0.0ms)


Started GET "/presenca/CarregaRelogioAtual" for 172.19.0.2 at 2026-07-21 17:11:44 -0300
Processing by Presenca::CarregaRelogioAtualController#show as HTML
Completed 200 OK in 0ms (Views: 0.1ms | ActiveRecord: 0.0ms (0 queries, 0 cached) | GC: 0.0ms)


Started GET "/presenca/IniciarPonto" for 172.19.0.2 at 2026-07-21 17:11:44 -0300
Processing by Presenca::IniciarPontoController#show as HTML
Completed 200 OK in 0ms (Views: 0.1ms | ActiveRecord: 0.0ms (0 queries, 0 cached) | GC: 0.0ms)


Started GET "/presenca/InicializarPonto?codigoAtivacao=SistemaOperacionalNaoSuportado&codigoUnicoMaquina=b69ca80d-f318-4872-97dd-103ed19857a2" for 172.19.0.2 at 2026-07-21 17:11:45 -0300
Processing by Presenca::InicializarPontoController#show as HTML
  Parameters: {"codigoAtivacao"=>"SistemaOperacionalNaoSuportado", "codigoUnicoMaquina"=>"b69ca80d-f318-4872-97dd-103ed19857a2"}
Completed 200 OK in 0ms (Views: 0.1ms | ActiveRecord: 0.0ms (0 queries, 0 cached) | GC: 0.0ms)


Started GET "/presenca/Frequentador?type=explore" for 172.19.0.2 at 2026-07-21 17:12:31 -0300
Processing by Presenca::FrequentadorController#show as HTML
  Parameters: {"type"=>"explore"}
Completed 200 OK in 1ms (Views: 0.2ms | ActiveRecord: 0.0ms (0 queries, 0 cached) | GC: 0.0ms)


Started GET "/presenca/Frequentador?type=explore" for 172.19.0.2 at 2026-07-21 17:12:32 -0300
Processing by Presenca::FrequentadorController#show as HTML
  Parameters: {"type"=>"explore"}
Completed 200 OK in 0ms (Views: 0.1ms | ActiveRecord: 0.0ms (0 queries, 0 cached) | GC: 0.0ms)


Started GET "/presenca/Frequentador?type=explore" for 172.19.0.2 at 2026-07-21 17:12:32 -0300
Processing by Presenca::FrequentadorController#show as HTML
  Parameters: {"type"=>"explore"}
Completed 200 OK in 0ms (Views: 0.1ms | ActiveRecord: 0.0ms (0 queries, 0 cached) | GC: 0.0ms)


Started GET "/presenca/Frequentador?type=explore" for 172.19.0.2 at 2026-07-21 17:12:33 -0300
Processing by Presenca::FrequentadorController#show as HTML
  Parameters: {"type"=>"explore"}
Completed 200 OK in 0ms (Views: 0.1ms | ActiveRecord: 0.0ms (0 queries, 0 cached) | GC: 0.0ms)


Started GET "/presenca/Frequentador?type=explore" for 172.19.0.2 at 2026-07-21 17:12:33 -0300
Processing by Presenca::FrequentadorController#show as HTML
  Parameters: {"type"=>"explore"}
Completed 200 OK in 0ms (Views: 0.1ms | ActiveRecord: 0.0ms (0 queries, 0 cached) | GC: 0.0ms)


Started GET "/presenca/Frequentador?type=explore" for 172.19.0.2 at 2026-07-21 17:12:33 -0300
Processing by Presenca::FrequentadorController#show as HTML
  Parameters: {"type"=>"explore"}
Completed 200 OK in 0ms (Views: 0.1ms | ActiveRecord: 0.0ms (0 queries, 0 cached) | GC: 0.0ms)


Started GET "/presenca/Frequentador?type=explore" for 172.19.0.2 at 2026-07-21 17:12:34 -0300
Processing by Presenca::FrequentadorController#show as HTML
  Parameters: {"type"=>"explore"}
Completed 200 OK in 0ms (Views: 0.2ms | ActiveRecord: 0.0ms (0 queries, 0 cached) | GC: 0.0ms)


Started GET "/presenca/Frequentador?type=explore" for 172.19.0.2 at 2026-07-21 17:12:38 -0300
Processing by Presenca::FrequentadorController#show as HTML
  Parameters: {"type"=>"explore"}
Completed 200 OK in 0ms (Views: 0.1ms | ActiveRecord: 0.0ms (0 queries, 0 cached) | GC: 0.0ms)


Started GET "/presenca/Frequentador?type=explore" for 172.19.0.2 at 2026-07-21 17:12:55 -0300
Processing by Presenca::FrequentadorController#show as HTML
  Parameters: {"type"=>"explore"}
Completed 200 OK in 2ms (Views: 0.1ms | ActiveRecord: 0.0ms (0 queries, 0 cached) | GC: 1.2ms)


Started GET "/" for 127.0.0.1 at 2026-07-21 17:13:07 -0300
Processing by Rails::WelcomeController#index as HTML
  Rendering /home/wilker/.asdf/installs/ruby/3.3.3/lib/ruby/gems/3.3.0/gems/railties-8.0.5/lib/rails/templates/rails/welcome/index.html.erb
  Rendered /home/wilker/.asdf/installs/ruby/3.3.3/lib/ruby/gems/3.3.0/gems/railties-8.0.5/lib/rails/templates/rails/welcome/index.html.erb (Duration: 3.5ms | GC: 1.8ms)
Completed 200 OK in 33ms (Views: 23.0ms | ActiveRecord: 0.0ms (0 queries, 0 cached) | GC: 12.2ms)


Started GET "/presenca/PontoDePresenca" for 127.0.0.1 at 2026-07-21 17:15:57 -0300
Processing by Presenca::PontoDePresencaController#show as */*
Completed 200 OK in 1ms (Views: 0.2ms | ActiveRecord: 0.0ms (0 queries, 0 cached) | GC: 0.0ms)


Started GET "/" for 127.0.0.1 at 2026-07-21 17:16:29 -0300
Processing by Rails::WelcomeController#index as HTML
  Rendering /home/wilker/.asdf/installs/ruby/3.3.3/lib/ruby/gems/3.3.0/gems/railties-8.0.5/lib/rails/templates/rails/welcome/index.html.erb
  Rendered /home/wilker/.asdf/installs/ruby/3.3.3/lib/ruby/gems/3.3.0/gems/railties-8.0.5/lib/rails/templates/rails/welcome/index.html.erb (Duration: 5.3ms | GC: 0.0ms)
Completed 200 OK in 8ms (Views: 6.6ms | ActiveRecord: 0.0ms (0 queries, 0 cached) | GC: 0.0ms)


Started GET "/presenca/InicializarPonto?codigoAtivacao=test&codigoUnicoMaquina=test" for 127.0.0.1 at 2026-07-21 17:16:54 -0300
Processing by Presenca::InicializarPontoController#show as */*
  Parameters: {"codigoAtivacao"=>"test", "codigoUnicoMaquina"=>"test"}
Completed 200 OK in 0ms (Views: 0.1ms | ActiveRecord: 0.0ms (0 queries, 0 cached) | GC: 0.0ms)


Started HEAD "/presenca/InicializarPonto?codigoAtivacao=test&codigoUnicoMaquina=test" for 127.0.0.1 at 2026-07-21 17:18:06 -0300
Processing by Presenca::InicializarPontoController#show as */*
  Parameters: {"codigoAtivacao"=>"test", "codigoUnicoMaquina"=>"test"}
Completed 200 OK in 0ms (Views: 0.1ms | ActiveRecord: 0.0ms (0 queries, 0 cached) | GC: 0.0ms)


Started HEAD "/presenca/IniciarPonto" for 127.0.0.1 at 2026-07-21 17:18:42 -0300
Processing by Presenca::IniciarPontoController#show as */*
Completed 200 OK in 1ms (Views: 0.2ms | ActiveRecord: 0.0ms (0 queries, 0 cached) | GC: 0.0ms)


Started HEAD "/presenca/InicializarPonto?codigoAtivacao=test&codigoUnicoMaquina=test" for 127.0.0.1 at 2026-07-21 17:18:42 -0300
Processing by Presenca::InicializarPontoController#show as */*
  Parameters: {"codigoAtivacao"=>"test", "codigoUnicoMaquina"=>"test"}
Completed 200 OK in 0ms (Views: 0.2ms | ActiveRecord: 0.0ms (0 queries, 0 cached) | GC: 0.0ms)


Started HEAD "/presenca/PontoDePresenca" for 127.0.0.1 at 2026-07-21 17:18:42 -0300
Processing by Presenca::PontoDePresencaController#show as */*
Completed 200 OK in 1ms (Views: 0.2ms | ActiveRecord: 0.0ms (0 queries, 0 cached) | GC: 0.0ms)


Started HEAD "/presenca/Frequentador?type=explore" for 127.0.0.1 at 2026-07-21 17:18:42 -0300
Processing by Presenca::FrequentadorController#show as */*
  Parameters: {"type"=>"explore"}
Completed 200 OK in 1ms (Views: 0.1ms | ActiveRecord: 0.0ms (0 queries, 0 cached) | GC: 0.0ms)


Started GET "/estacao_ponto_de_presenca" for 127.0.0.1 at 2026-07-21 17:19:01 -0300
  
ActionController::RoutingError (No route matches [GET] "/estacao_ponto_de_presenca"):
  
Started GET "/" for ::1 at 2026-07-22 11:36:04 -0300
  [1m[36mActiveRecord::SchemaMigration Load (3.0ms)[0m  [1m[34mSELECT "schema_migrations"."version" FROM "schema_migrations" ORDER BY "schema_migrations"."version" ASC /*application='ApiPonto'*/[0m
Processing by Rails::WelcomeController#index as HTML
  Rendering /home/wilker/.asdf/installs/ruby/4.0.0/lib/ruby/gems/4.0.0/gems/railties-8.0.5/lib/rails/templates/rails/welcome/index.html.erb
  Rendered /home/wilker/.asdf/installs/ruby/4.0.0/lib/ruby/gems/4.0.0/gems/railties-8.0.5/lib/rails/templates/rails/welcome/index.html.erb (Duration: 0.9ms | GC: 0.0ms)
Completed 200 OK in 19ms (Views: 7.9ms | ActiveRecord: 0.0ms (0 queries, 0 cached) | GC: 0.0ms)


Started GET "/icon.png" for ::1 at 2026-07-22 11:36:05 -0300
  
ActionController::RoutingError (No route matches [GET] "/icon.png"):
  
Started GET "/presenca/CarregaRelogioAtual" for 172.19.0.2 at 2026-07-22 11:47:33 -0300
  [1m[36mActiveRecord::SchemaMigration Load (0.8ms)[0m  [1m[34mSELECT "schema_migrations"."version" FROM "schema_migrations" ORDER BY "schema_migrations"."version" ASC /*application='ApiPonto'*/[0m
Processing by Presenca::CarregaRelogioAtualController#show as HTML
Completed 200 OK in 9ms (Views: 0.3ms | ActiveRecord: 0.0ms (0 queries, 0 cached) | GC: 0.0ms)


Started GET "/presenca/IniciarPonto" for 172.19.0.2 at 2026-07-22 11:47:33 -0300
Processing by Presenca::IniciarPontoController#show as HTML
Completed 200 OK in 1ms (Views: 0.2ms | ActiveRecord: 0.0ms (0 queries, 0 cached) | GC: 0.0ms)


Started GET "/presenca/InicializarPonto?codigoAtivacao=SistemaOperacionalNaoSuportado&codigoUnicoMaquina=b69ca80d-f318-4872-97dd-103ed19857a2" for 172.19.0.2 at 2026-07-22 11:47:33 -0300
Processing by Presenca::InicializarPontoController#show as HTML
  Parameters: {"codigoAtivacao" => "SistemaOperacionalNaoSuportado", "codigoUnicoMaquina" => "b69ca80d-f318-4872-97dd-103ed19857a2"}
Completed 200 OK in 0ms (Views: 0.2ms | ActiveRecord: 0.0ms (0 queries, 0 cached) | GC: 0.0ms)


Started GET "/presenca/PontoDePresenca" for 172.19.0.2 at 2026-07-22 11:47:34 -0300
Processing by Presenca::PontoDePresencaController#show as HTML
Completed 200 OK in 1ms (Views: 0.1ms | ActiveRecord: 0.0ms (0 queries, 0 cached) | GC: 0.0ms)


Started GET "/presenca/CarregaRelogioAtual" for 172.19.0.2 at 2026-07-22 11:49:24 -0300
  [1m[36mActiveRecord::SchemaMigration Load (0.8ms)[0m  [1m[34mSELECT "schema_migrations"."version" FROM "schema_migrations" ORDER BY "schema_migrations"."version" ASC /*application='ApiPonto'*/[0m
Processing by Presenca::CarregaRelogioAtualController#show as HTML
Completed 200 OK in 8ms (Views: 0.3ms | ActiveRecord: 0.0ms (0 queries, 0 cached) | GC: 0.0ms)


Started GET "/presenca/IniciarPonto" for 172.19.0.2 at 2026-07-22 11:49:25 -0300
Processing by Presenca::IniciarPontoController#show as HTML
Completed 200 OK in 1ms (Views: 0.2ms | ActiveRecord: 0.0ms (0 queries, 0 cached) | GC: 0.0ms)


Started GET "/presenca/InicializarPonto?codigoAtivacao=SistemaOperacionalNaoSuportado&codigoUnicoMaquina=b69ca80d-f318-4872-97dd-103ed19857a2" for 172.19.0.2 at 2026-07-22 11:49:25 -0300
Processing by Presenca::InicializarPontoController#show as HTML
  Parameters: {"codigoAtivacao" => "SistemaOperacionalNaoSuportado", "codigoUnicoMaquina" => "b69ca80d-f318-4872-97dd-103ed19857a2"}
Completed 200 OK in 1ms (Views: 0.2ms | ActiveRecord: 0.0ms (0 queries, 0 cached) | GC: 0.0ms)


Started GET "/presenca/PontoDePresenca" for 172.19.0.2 at 2026-07-22 11:49:25 -0300
Processing by Presenca::PontoDePresencaController#show as HTML
Completed 200 OK in 2ms (Views: 0.2ms | ActiveRecord: 0.0ms (0 queries, 0 cached) | GC: 0.0ms)


Started GET "/presenca/CarregaRelogioAtual" for ::1 at 2026-07-22 16:37:36 -0300
  [1m[36mActiveRecord::SchemaMigration Load (3.1ms)[0m  [1m[34mSELECT "schema_migrations"."version" FROM "schema_migrations" ORDER BY "schema_migrations"."version" ASC /*application='ApiPonto'*/[0m
Processing by Presenca::CarregaRelogioAtualController#show as */*
Completed 200 OK in 12ms (Views: 0.3ms | ActiveRecord: 0.0ms (0 queries, 0 cached) | GC: 0.0ms)


Started GET "/presenca/CarregaRelogioAtual" for ::1 at 2026-07-22 16:38:17 -0300
Processing by Presenca::CarregaRelogioAtualController#show as */*
Completed 200 OK in 1ms (Views: 0.1ms | ActiveRecord: 0.0ms (0 queries, 0 cached) | GC: 0.0ms)


Started GET "/" for ::1 at 2026-07-22 16:38:25 -0300
Processing by Rails::WelcomeController#index as */*
  Rendering /home/wilker/.asdf/installs/ruby/4.0.0/lib/ruby/gems/4.0.0/gems/railties-8.0.5/lib/rails/templates/rails/welcome/index.html.erb
  Rendered /home/wilker/.asdf/installs/ruby/4.0.0/lib/ruby/gems/4.0.0/gems/railties-8.0.5/lib/rails/templates/rails/welcome/index.html.erb (Duration: 2.0ms | GC: 0.0ms)
Completed 200 OK in 18ms (Views: 7.0ms | ActiveRecord: 0.0ms (0 queries, 0 cached) | GC: 0.8ms)


Started GET "/presenca/CarregaRelogioAtual" for ::1 at 2026-07-22 16:38:34 -0300
Processing by Presenca::CarregaRelogioAtualController#show as */*
Completed 200 OK in 1ms (Views: 0.1ms | ActiveRecord: 0.0ms (0 queries, 0 cached) | GC: 0.5ms)


Started GET "/presenca/CarregaRelogioAtual" for ::1 at 2026-07-22 16:39:10 -0300
Processing by Presenca::CarregaRelogioAtualController#show as */*
Completed 200 OK in 0ms (Views: 0.1ms | ActiveRecord: 0.0ms (0 queries, 0 cached) | GC: 0.0ms)


Started GET "/presenca/CarregaRelogioAtual" for ::1 at 2026-07-22 16:39:20 -0300
Processing by Presenca::CarregaRelogioAtualController#show as */*
Completed 200 OK in 1ms (Views: 0.1ms | ActiveRecord: 0.0ms (0 queries, 0 cached) | GC: 0.0ms)


Started GET "/presenca/CarregaRelogioAtual" for 172.19.0.2 at 2026-07-22 16:47:07 -0300
  [1m[36mActiveRecord::SchemaMigration Load (1.8ms)[0m  [1m[34mSELECT "schema_migrations"."version" FROM "schema_migrations" ORDER BY "schema_migrations"."version" ASC /*application='ApiPonto'*/[0m
Processing by Presenca::CarregaRelogioAtualController#show as HTML
Completed 200 OK in 15ms (Views: 0.4ms | ActiveRecord: 0.0ms (0 queries, 0 cached) | GC: 1.9ms)


Started GET "/presenca/CarregaRelogioAtual" for 172.19.0.2 at 2026-07-22 16:47:53 -0300
Processing by Presenca::CarregaRelogioAtualController#show as HTML
Completed 200 OK in 0ms (Views: 0.1ms | ActiveRecord: 0.0ms (0 queries, 0 cached) | GC: 0.0ms)


Started GET "/presenca/IniciarPonto" for 172.19.0.2 at 2026-07-22 16:47:54 -0300
Processing by Presenca::IniciarPontoController#show as HTML
Completed 200 OK in 1ms (Views: 0.2ms | ActiveRecord: 0.0ms (0 queries, 0 cached) | GC: 0.0ms)


Started GET "/presenca/CarregaRelogioAtual" for 172.19.0.2 at 2026-07-22 16:51:34 -0300
  [1m[36mActiveRecord::SchemaMigration Load (0.8ms)[0m  [1m[34mSELECT "schema_migrations"."version" FROM "schema_migrations" ORDER BY "schema_migrations"."version" ASC /*application='ApiPonto'*/[0m
Processing by Presenca::CarregaRelogioAtualController#show as HTML
Completed 200 OK in 10ms (Views: 0.3ms | ActiveRecord: 0.0ms (0 queries, 0 cached) | GC: 0.0ms)


Started GET "/presenca/IniciarPonto" for 172.19.0.2 at 2026-07-22 16:51:35 -0300
Processing by Presenca::IniciarPontoController#show as HTML
Completed 200 OK in 1ms (Views: 0.2ms | ActiveRecord: 0.0ms (0 queries, 0 cached) | GC: 0.0ms)


Started GET "/presenca/CarregaRelogioAtual" for 127.0.0.1 at 2026-07-23 08:54:22 -0300
  [1m[36mActiveRecord::SchemaMigration Load (3.5ms)[0m  [1m[34mSELECT "schema_migrations"."version" FROM "schema_migrations" ORDER BY "schema_migrations"."version" ASC /*application='ApiPonto'*/[0m
Processing by Presenca::CarregaRelogioAtualController#show as */*
Completed 200 OK in 7ms (Views: 0.2ms | ActiveRecord: 0.0ms (0 queries, 0 cached) | GC: 0.0ms)


Started GET "/presenca/CarregaRelogioAtual" for 127.0.0.1 at 2026-07-23 08:54:22 -0300
Processing by Presenca::CarregaRelogioAtualController#show as */*
Completed 200 OK in 0ms (Views: 0.1ms | ActiveRecord: 0.0ms (0 queries, 0 cached) | GC: 0.0ms)


Started GET "/presenca/CarregaRelogioAtual" for 172.19.0.2 at 2026-07-23 08:58:00 -0300
Processing by Presenca::CarregaRelogioAtualController#show as HTML
Completed 200 OK in 0ms (Views: 0.1ms | ActiveRecord: 0.0ms (0 queries, 0 cached) | GC: 0.0ms)


Started GET "/presenca/IniciarPonto" for 172.19.0.2 at 2026-07-23 08:58:00 -0300
Processing by Presenca::IniciarPontoController#show as HTML
Completed 200 OK in 1ms (Views: 0.2ms | ActiveRecord: 0.0ms (0 queries, 0 cached) | GC: 0.0ms)


Started GET "/presenca/InicializarPonto?codigoAtivacao=SistemaOperacionalNaoSuportado&codigoUnicoMaquina=" for 172.19.0.2 at 2026-07-23 08:58:01 -0300
Processing by Presenca::InicializarPontoController#show as HTML
  Parameters: {"codigoAtivacao" => "SistemaOperacionalNaoSuportado", "codigoUnicoMaquina" => ""}
Completed 200 OK in 0ms (Views: 0.2ms | ActiveRecord: 0.0ms (0 queries, 0 cached) | GC: 0.0ms)


Started GET "/presenca/PontoDePresenca" for 172.19.0.2 at 2026-07-23 08:58:01 -0300
Processing by Presenca::PontoDePresencaController#show as HTML
Completed 200 OK in 2ms (Views: 0.2ms | ActiveRecord: 0.0ms (0 queries, 0 cached) | GC: 0.0ms)


Started GET "/presenca/CarregaRelogioAtual" for 172.19.0.2 at 2026-07-23 08:59:35 -0300
  [1m[36mActiveRecord::SchemaMigration Load (0.8ms)[0m  [1m[34mSELECT "schema_migrations"."version" FROM "schema_migrations" ORDER BY "schema_migrations"."version" ASC /*application='ApiPonto'*/[0m
Processing by Presenca::CarregaRelogioAtualController#show as HTML
Completed 200 OK in 7ms (Views: 0.3ms | ActiveRecord: 0.0ms (0 queries, 0 cached) | GC: 0.0ms)


Started GET "/presenca/IniciarPonto" for 172.19.0.2 at 2026-07-23 08:59:35 -0300
Processing by Presenca::IniciarPontoController#show as HTML
Completed 200 OK in 1ms (Views: 0.3ms | ActiveRecord: 0.0ms (0 queries, 0 cached) | GC: 0.0ms)


Started GET "/presenca/InicializarPonto?codigoAtivacao=SistemaOperacionalNaoSuportado&codigoUnicoMaquina=" for 172.19.0.2 at 2026-07-23 08:59:35 -0300
Processing by Presenca::InicializarPontoController#show as HTML
  Parameters: {"codigoAtivacao" => "SistemaOperacionalNaoSuportado", "codigoUnicoMaquina" => ""}
Completed 200 OK in 0ms (Views: 0.1ms | ActiveRecord: 0.0ms (0 queries, 0 cached) | GC: 0.0ms)


Started GET "/presenca/PontoDePresenca" for 172.19.0.2 at 2026-07-23 08:59:35 -0300
Processing by Presenca::PontoDePresencaController#show as HTML
Completed 200 OK in 1ms (Views: 0.1ms | ActiveRecord: 0.0ms (0 queries, 0 cached) | GC: 0.0ms)


Started GET "/" for 127.0.0.1 at 2026-07-23 09:06:17 -0300
Processing by Rails::WelcomeController#index as HTML
  Rendering /home/wilker/.asdf/installs/ruby/4.0.0/lib/ruby/gems/4.0.0/gems/railties-8.0.5/lib/rails/templates/rails/welcome/index.html.erb
  Rendered /home/wilker/.asdf/installs/ruby/4.0.0/lib/ruby/gems/4.0.0/gems/railties-8.0.5/lib/rails/templates/rails/welcome/index.html.erb (Duration: 2.3ms | GC: 0.7ms)
Completed 200 OK in 34ms (Views: 12.0ms | ActiveRecord: 0.0ms (0 queries, 0 cached) | GC: 7.6ms)


Started GET "/icon.png" for 127.0.0.1 at 2026-07-23 09:06:18 -0300
  
ActionController::RoutingError (No route matches [GET] "/icon.png"):
  
Started GET "/" for 127.0.0.1 at 2026-07-23 09:07:29 -0300
Processing by Rails::WelcomeController#index as HTML
  Rendering /home/wilker/.asdf/installs/ruby/4.0.0/lib/ruby/gems/4.0.0/gems/railties-8.0.5/lib/rails/templates/rails/welcome/index.html.erb
  Rendered /home/wilker/.asdf/installs/ruby/4.0.0/lib/ruby/gems/4.0.0/gems/railties-8.0.5/lib/rails/templates/rails/welcome/index.html.erb (Duration: 0.3ms | GC: 0.0ms)
Completed 200 OK in 3ms (Views: 2.2ms | ActiveRecord: 0.0ms (0 queries, 0 cached) | GC: 0.0ms)


Started GET "/" for 127.0.0.1 at 2026-07-23 09:09:34 -0300
Processing by Rails::WelcomeController#index as HTML
  Rendering /home/wilker/.asdf/installs/ruby/4.0.0/lib/ruby/gems/4.0.0/gems/railties-8.0.5/lib/rails/templates/rails/welcome/index.html.erb
  Rendered /home/wilker/.asdf/installs/ruby/4.0.0/lib/ruby/gems/4.0.0/gems/railties-8.0.5/lib/rails/templates/rails/welcome/index.html.erb (Duration: 1.6ms | GC: 0.0ms)
Completed 200 OK in 3ms (Views: 2.8ms | ActiveRecord: 0.0ms (0 queries, 0 cached) | GC: 0.0ms)


Started GET "/presenca/CarregaRelogioAtual" for 127.0.0.1 at 2026-07-23 09:11:19 -0300
Processing by Presenca::CarregaRelogioAtualController#show as HTML
Completed 200 OK in 1ms (Views: 0.1ms | ActiveRecord: 0.0ms (0 queries, 0 cached) | GC: 0.0ms)


Started GET "/" for 127.0.0.1 at 2026-07-23 09:11:48 -0300
Processing by Rails::WelcomeController#index as HTML
  Rendering /home/wilker/.asdf/installs/ruby/4.0.0/lib/ruby/gems/4.0.0/gems/railties-8.0.5/lib/rails/templates/rails/welcome/index.html.erb
  Rendered /home/wilker/.asdf/installs/ruby/4.0.0/lib/ruby/gems/4.0.0/gems/railties-8.0.5/lib/rails/templates/rails/welcome/index.html.erb (Duration: 0.4ms | GC: 0.0ms)
Completed 200 OK in 3ms (Views: 0.9ms | ActiveRecord: 0.0ms (0 queries, 0 cached) | GC: 0.0ms)


Started GET "/" for 127.0.0.1 at 2026-07-23 09:12:41 -0300
Redirected to http://localhost:3000/presenca/PontoDePresenca
Completed 301 Moved Permanently in 0ms


Started GET "/presenca/PontoDePresenca" for 127.0.0.1 at 2026-07-23 09:12:41 -0300
Processing by Presenca::PontoDePresencaController#show as HTML
Completed 200 OK in 2ms (Views: 0.1ms | ActiveRecord: 0.0ms (0 queries, 0 cached) | GC: 0.0ms)


Started GET "/presenca/CarregaRelogioAtual" for ::1 at 2026-07-23 09:15:19 -0300
  [1m[36mActiveRecord::SchemaMigration Load (0.8ms)[0m  [1m[34mSELECT "schema_migrations"."version" FROM "schema_migrations" ORDER BY "schema_migrations"."version" ASC /*application='ApiPonto'*/[0m
Processing by Presenca::CarregaRelogioAtualController#show as */*
  Rendering text template
  Rendered text template (Duration: 0.3ms | GC: 0.0ms)
Completed 200 OK in 42ms (Views: 7.8ms | ActiveRecord: 0.0ms (0 queries, 0 cached) | GC: 0.0ms)


Started GET "/" for ::1 at 2026-07-23 09:15:20 -0300
Redirected to http://localhost:3001/presenca/PontoDePresenca
Completed 301 Moved Permanently in 0ms


  [1m[35m (1.1ms)[0m  [1m[34mSELECT pg_try_advisory_lock(7924882114928183895) /*application='ApiPonto'*/[0m
  [1m[36mActiveRecord::SchemaMigration Load (0.8ms)[0m  [1m[34mSELECT "schema_migrations"."version" FROM "schema_migrations" ORDER BY "schema_migrations"."version" ASC /*application='ApiPonto'*/[0m
  [1m[36mActiveRecord::InternalMetadata Load (7.1ms)[0m  [1m[34mSELECT * FROM "ar_internal_metadata" WHERE "ar_internal_metadata"."key" = 'environment' ORDER BY "ar_internal_metadata"."key" ASC LIMIT 1 /*application='ApiPonto'*/[0m
Migrating to AddIndexStatusToUsers (20260723121710)
  [1m[36mTRANSACTION (0.2ms)[0m  [1m[35mBEGIN /*application='ApiPonto'*/[0m
  [1m[35m (29.7ms)[0m  [1m[35mCREATE INDEX "index_users_on_status" ON "users" ("status") /*application='ApiPonto'*/[0m
  [1m[36mActiveRecord::SchemaMigration Create (0.6ms)[0m  [1m[32mINSERT INTO "schema_migrations" ("version") VALUES ('20260723121710') RETURNING "version" /*application='ApiPonto'*/[0m
  [1m[36mTRANSACTION (4.0ms)[0m  [1m[35mCOMMIT /*application='ApiPonto'*/[0m
  [1m[35m (1.5ms)[0m  [1m[34mSELECT pg_advisory_unlock(7924882114928183895) /*application='ApiPonto'*/[0m
  [1m[36mActiveRecord::SchemaMigration Load (0.3ms)[0m  [1m[34mSELECT "schema_migrations"."version" FROM "schema_migrations" ORDER BY "schema_migrations"."version" ASC /*application='ApiPonto'*/[0m
  [1m[36mActiveRecord::SchemaMigration Load (1.1ms)[0m  [1m[34mSELECT "schema_migrations"."version" FROM "schema_migrations" ORDER BY "schema_migrations"."version" ASC /*application='ApiPonto'*/[0m
  [1m[36mUser Load (2.3ms)[0m  [1m[34mSELECT "users".* FROM "users" WHERE "users"."nome_completo" = 'Administrador' LIMIT 1 /*application='ApiPonto'*/[0m
  [1m[36mTRANSACTION (0.7ms)[0m  [1m[35mBEGIN /*application='ApiPonto'*/[0m
  [1m[36mUser Exists? (0.4ms)[0m  [1m[34mSELECT 1 AS one FROM "users" WHERE "users"."username" = 'administrador' LIMIT 1 /*application='ApiPonto'*/[0m
  ↳ app/models/user.rb:33:in 'User#generate_username'
  [1m[36mUser Exists? (2.0ms)[0m  [1m[34mSELECT 1 AS one FROM "users" WHERE LOWER("users"."username") = LOWER('administrador') LIMIT 1 /*application='ApiPonto'*/[0m
  [1m[36mUser Create (2.9ms)[0m  [1m[32mINSERT INTO "users" ("nome_completo", "username", "password_digest", "status", "digitais_hash", "created_at", "updated_at") VALUES ('Administrador', 'administrador', '$2a$12$JSh.9irfmCdIMNHZ3ZXatuYaX/Dvrr3nVmYz28P83evTXRsnd4qlu', 1, NULL, '2026-07-23 12:17:32.495304', '2026-07-23 12:17:32.495304') RETURNING "id" /*application='ApiPonto'*/[0m
  [1m[36mTRANSACTION (6.5ms)[0m  [1m[35mCOMMIT /*application='ApiPonto'*/[0m
  [1m[36mUser Load (2.8ms)[0m  [1m[34mSELECT "users".* FROM "users" WHERE "users"."nome_completo" = 'João Biométrico' LIMIT 1 /*application='ApiPonto'*/[0m
  [1m[36mUser Load (2.2ms)[0m  [1m[34mSELECT "users".* FROM "users" WHERE "users"."nome_completo" = 'Maria Santos' LIMIT 1 /*application='ApiPonto'*/[0m
  [1m[36mTRANSACTION (0.2ms)[0m  [1m[35mBEGIN /*application='ApiPonto'*/[0m
  ↳ app/models/user.rb:33:in 'User#generate_username'
  [1m[36mUser Exists? (3.2ms)[0m  [1m[34mSELECT 1 AS one FROM "users" WHERE "users"."username" = 'maria.santos' LIMIT 1 /*application='ApiPonto'*/[0m
  ↳ app/models/user.rb:33:in 'User#generate_username'
  [1m[36mUser Exists? (0.4ms)[0m  [1m[34mSELECT 1 AS one FROM "users" WHERE LOWER("users"."username") = LOWER('maria.santos') LIMIT 1 /*application='ApiPonto'*/[0m
  [1m[36mUser Create (0.6ms)[0m  [1m[32mINSERT INTO "users" ("nome_completo", "username", "password_digest", "status", "digitais_hash", "created_at", "updated_at") VALUES ('Maria Santos', 'maria.santos', '$2a$12$t9P5kEUIZjZ4hFqdnUNnv.rvOWwPs8wG5uz/zF.v/7bU8GutSOgGS', 1, 'FIR_TEXTENCODE_MARIA_HASH_0987654321', '2026-07-23 12:17:32.844518', '2026-07-23 12:17:32.844518') RETURNING "id" /*application='ApiPonto'*/[0m
  [1m[36mTRANSACTION (2.9ms)[0m  [1m[35mCOMMIT /*application='ApiPonto'*/[0m
  [1m[36mUser Load (0.5ms)[0m  [1m[34mSELECT "users".* FROM "users" WHERE "users"."nome_completo" = 'Carlos Pereira' LIMIT 1 /*application='ApiPonto'*/[0m
  [1m[36mTRANSACTION (0.7ms)[0m  [1m[35mBEGIN /*application='ApiPonto'*/[0m
  ↳ app/models/user.rb:33:in 'User#generate_username'
  [1m[36mUser Exists? (2.8ms)[0m  [1m[34mSELECT 1 AS one FROM "users" WHERE "users"."username" = 'carlos.pereira' LIMIT 1 /*application='ApiPonto'*/[0m
  ↳ app/models/user.rb:33:in 'User#generate_username'
  [1m[36mUser Exists? (1.5ms)[0m  [1m[34mSELECT 1 AS one FROM "users" WHERE LOWER("users"."username") = LOWER('carlos.pereira') LIMIT 1 /*application='ApiPonto'*/[0m
  [1m[36mUser Create (0.8ms)[0m  [1m[32mINSERT INTO "users" ("nome_completo", "username", "password_digest", "status", "digitais_hash", "created_at", "updated_at") VALUES ('Carlos Pereira', 'carlos.pereira', '$2a$12$KGEFPmRMLob2oaKspb8RMOmOZmjMA5W6q8SPoJoDzolb20vs9idPC', 1, NULL, '2026-07-23 12:17:33.183602', '2026-07-23 12:17:33.183602') RETURNING "id" /*application='ApiPonto'*/[0m
  [1m[36mTRANSACTION (2.5ms)[0m  [1m[35mCOMMIT /*application='ApiPonto'*/[0m
  [1m[36mUser Load (0.4ms)[0m  [1m[34mSELECT "users".* FROM "users" WHERE "users"."nome_completo" = 'João Biométrico' LIMIT 1 /*application='ApiPonto'*/[0m
  [1m[36mUser Load (0.7ms)[0m  [1m[34mSELECT "users".* FROM "users" WHERE "users"."nome_completo" = 'Maria Santos' LIMIT 1 /*application='ApiPonto'*/[0m
  [1m[36mUser Load (0.8ms)[0m  [1m[34mSELECT "users".* FROM "users" WHERE "users"."nome_completo" = 'Carlos Pereira' LIMIT 1 /*application='ApiPonto'*/[0m
  [1m[36mTimeRecord Count (3.4ms)[0m  [1m[34mSELECT COUNT(*) FROM "time_records" /*application='ApiPonto'*/[0m
Started GET "/" for ::1 at 2026-07-23 09:17:43 -0300
  [1m[36mActiveRecord::SchemaMigration Load (0.7ms)[0m  [1m[34mSELECT "schema_migrations"."version" FROM "schema_migrations" ORDER BY "schema_migrations"."version" ASC /*application='ApiPonto'*/[0m
Processing by DashboardController#index as */*
Redirected to http://localhost:3001/login
Filter chain halted as :require_login rendered or redirected
Completed 302 Found in 18ms (ActiveRecord: 0.0ms (0 queries, 0 cached) | GC: 0.0ms)


Started GET "/login" for ::1 at 2026-07-23 09:17:43 -0300
Processing by SessionsController#new as */*
  Rendering layout layouts/login.html.erb
  Rendering sessions/new.html.erb within layouts/login
  Rendered sessions/new.html.erb within layouts/login (Duration: 3.7ms | GC: 0.0ms)
  Rendered layout layouts/login.html.erb (Duration: 5.1ms | GC: 0.0ms)
Completed 200 OK in 21ms (Views: 19.6ms | ActiveRecord: 0.0ms (0 queries, 0 cached) | GC: 0.0ms)


Started GET "/presenca/CarregaRelogioAtual" for ::1 at 2026-07-23 09:17:43 -0300
Processing by Presenca::CarregaRelogioAtualController#show as */*
Redirected to http://localhost:3001/login
Filter chain halted as :require_login rendered or redirected
Completed 302 Found in 2ms (ActiveRecord: 0.0ms (0 queries, 0 cached) | GC: 0.0ms)


Started GET "/users" for ::1 at 2026-07-23 09:17:43 -0300
Processing by UsersController#index as */*
Redirected to http://localhost:3001/login
Filter chain halted as :require_login rendered or redirected
Completed 302 Found in 2ms (ActiveRecord: 0.0ms (0 queries, 0 cached) | GC: 0.0ms)


Started GET "/presenca/CarregaRelogioAtual" for ::1 at 2026-07-23 09:18:15 -0300
  [1m[36mActiveRecord::SchemaMigration Load (1.1ms)[0m  [1m[34mSELECT "schema_migrations"."version" FROM "schema_migrations" ORDER BY "schema_migrations"."version" ASC /*application='ApiPonto'*/[0m
Processing by Presenca::CarregaRelogioAtualController#show as */*
Completed 200 OK in 8ms (Views: 0.3ms | ActiveRecord: 0.0ms (0 queries, 0 cached) | GC: 0.0ms)


Started GET "/" for ::1 at 2026-07-23 09:18:15 -0300
Processing by DashboardController#index as */*
Redirected to http://localhost:3001/login
Filter chain halted as :require_login rendered or redirected
Completed 302 Found in 14ms (ActiveRecord: 0.0ms (0 queries, 0 cached) | GC: 0.0ms)


Started GET "/login" for ::1 at 2026-07-23 09:18:15 -0300
Processing by SessionsController#new as */*
  Rendering layout layouts/login.html.erb
  Rendering sessions/new.html.erb within layouts/login
  Rendered sessions/new.html.erb within layouts/login (Duration: 12.0ms | GC: 0.0ms)
  Rendered layout layouts/login.html.erb (Duration: 15.9ms | GC: 0.0ms)
Completed 200 OK in 37ms (Views: 35.9ms | ActiveRecord: 0.0ms (0 queries, 0 cached) | GC: 0.0ms)


Started GET "/users" for ::1 at 2026-07-23 09:18:15 -0300
Processing by UsersController#index as */*
Redirected to http://localhost:3001/login
Filter chain halted as :require_login rendered or redirected
Completed 302 Found in 3ms (ActiveRecord: 0.0ms (0 queries, 0 cached) | GC: 0.0ms)


Started GET "/" for 127.0.0.1 at 2026-07-23 09:19:41 -0300
  [1m[36mActiveRecord::SchemaMigration Load (1.0ms)[0m  [1m[34mSELECT "schema_migrations"."version" FROM "schema_migrations" ORDER BY "schema_migrations"."version" ASC /*application='ApiPonto'*/[0m
Processing by DashboardController#index as HTML
Redirected to http://localhost:3000/login
Filter chain halted as :require_login rendered or redirected
Completed 302 Found in 14ms (ActiveRecord: 0.0ms (0 queries, 0 cached) | GC: 0.0ms)


Started GET "/login" for 127.0.0.1 at 2026-07-23 09:19:42 -0300
Processing by SessionsController#new as HTML
  Rendering layout layouts/login.html.erb
  Rendering sessions/new.html.erb within layouts/login
  Rendered sessions/new.html.erb within layouts/login (Duration: 7.0ms | GC: 0.0ms)
  Rendered layout layouts/login.html.erb (Duration: 9.0ms | GC: 0.0ms)
Completed 200 OK in 18ms (Views: 16.5ms | ActiveRecord: 0.0ms (0 queries, 0 cached) | GC: 0.0ms)


Started POST "/login" for 127.0.0.1 at 2026-07-23 09:19:49 -0300
Processing by SessionsController#create as HTML
  Parameters: {"authenticity_token" => "[FILTERED]", "username" => "wilker.silva", "password" => "[FILTERED]", "commit" => "Entrar"}
  [1m[36mUser Load (1.1ms)[0m  [1m[34mSELECT "users".* FROM "users" WHERE "users"."username" = 'wilker.silva' LIMIT 1 /*action='create',application='ApiPonto',controller='sessions'*/[0m
  ↳ app/controllers/sessions_controller.rb:13:in 'SessionsController#create'
  Rendering layout layouts/login.html.erb
  Rendering sessions/new.html.erb within layouts/login
  Rendered sessions/new.html.erb within layouts/login (Duration: 1.5ms | GC: 0.0ms)
  Rendered layout layouts/login.html.erb (Duration: 3.0ms | GC: 0.0ms)
Completed 422 Unprocessable Content in 73ms (Views: 4.0ms | ActiveRecord: 15.5ms (1 query, 0 cached) | GC: 0.0ms)


Started POST "/login" for 127.0.0.1 at 2026-07-23 09:20:13 -0300
Processing by SessionsController#create as HTML
  Parameters: {"authenticity_token" => "[FILTERED]", "username" => "admin.admin", "password" => "[FILTERED]", "commit" => "Entrar"}
  [1m[36mUser Load (0.6ms)[0m  [1m[34mSELECT "users".* FROM "users" WHERE "users"."username" = 'admin.admin' LIMIT 1 /*action='create',application='ApiPonto',controller='sessions'*/[0m
  ↳ app/controllers/sessions_controller.rb:13:in 'SessionsController#create'
  Rendering layout layouts/login.html.erb
  Rendering sessions/new.html.erb within layouts/login
  Rendered sessions/new.html.erb within layouts/login (Duration: 1.2ms | GC: 0.0ms)
  Rendered layout layouts/login.html.erb (Duration: 1.8ms | GC: 0.0ms)
Completed 422 Unprocessable Content in 13ms (Views: 2.4ms | ActiveRecord: 0.6ms (1 query, 0 cached) | GC: 0.0ms)


Started POST "/login" for 127.0.0.1 at 2026-07-23 09:20:17 -0300
Processing by SessionsController#create as HTML
  Parameters: {"authenticity_token" => "[FILTERED]", "username" => "admin.admin", "password" => "[FILTERED]", "commit" => "Entrar"}
  [1m[36mUser Load (0.9ms)[0m  [1m[34mSELECT "users".* FROM "users" WHERE "users"."username" = 'admin.admin' LIMIT 1 /*action='create',application='ApiPonto',controller='sessions'*/[0m
  ↳ app/controllers/sessions_controller.rb:13:in 'SessionsController#create'
  Rendering layout layouts/login.html.erb
  Rendering sessions/new.html.erb within layouts/login
  Rendered sessions/new.html.erb within layouts/login (Duration: 1.5ms | GC: 0.0ms)
  Rendered layout layouts/login.html.erb (Duration: 3.2ms | GC: 0.0ms)
Completed 422 Unprocessable Content in 11ms (Views: 4.3ms | ActiveRecord: 0.9ms (1 query, 0 cached) | GC: 0.0ms)


Started POST "/login" for 127.0.0.1 at 2026-07-23 09:20:30 -0300
Processing by SessionsController#create as HTML
  Parameters: {"authenticity_token" => "[FILTERED]", "username" => "admin", "password" => "[FILTERED]", "commit" => "Entrar"}
  [1m[36mUser Load (3.6ms)[0m  [1m[34mSELECT "users".* FROM "users" WHERE "users"."username" = 'admin' LIMIT 1 /*action='create',application='ApiPonto',controller='sessions'*/[0m
  ↳ app/controllers/sessions_controller.rb:13:in 'SessionsController#create'
  Rendering layout layouts/login.html.erb
  Rendering sessions/new.html.erb within layouts/login
  Rendered sessions/new.html.erb within layouts/login (Duration: 0.9ms | GC: 0.0ms)
  Rendered layout layouts/login.html.erb (Duration: 1.8ms | GC: 0.0ms)
Completed 422 Unprocessable Content in 10ms (Views: 2.4ms | ActiveRecord: 3.8ms (1 query, 0 cached) | GC: 0.0ms)


Started POST "/login" for 127.0.0.1 at 2026-07-23 09:21:30 -0300
Processing by SessionsController#create as HTML
  Parameters: {"authenticity_token" => "[FILTERED]", "username" => "admin", "password" => "[FILTERED]", "commit" => "Entrar"}
  [1m[36mUser Load (0.7ms)[0m  [1m[34mSELECT "users".* FROM "users" WHERE "users"."username" = 'admin' LIMIT 1 /*action='create',application='ApiPonto',controller='sessions'*/[0m
  ↳ app/controllers/sessions_controller.rb:13:in 'SessionsController#create'
  Rendering layout layouts/login.html.erb
  Rendering sessions/new.html.erb within layouts/login
  Rendered sessions/new.html.erb within layouts/login (Duration: 5.3ms | GC: 0.0ms)
  Rendered layout layouts/login.html.erb (Duration: 7.5ms | GC: 0.0ms)
Completed 422 Unprocessable Content in 17ms (Views: 8.6ms | ActiveRecord: 0.7ms (1 query, 0 cached) | GC: 0.0ms)


Started POST "/login" for 127.0.0.1 at 2026-07-23 09:21:48 -0300
Processing by SessionsController#create as HTML
  Parameters: {"authenticity_token" => "[FILTERED]", "username" => "admin.admin", "password" => "[FILTERED]", "commit" => "Entrar"}
  [1m[36mUser Load (2.9ms)[0m  [1m[34mSELECT "users".* FROM "users" WHERE "users"."username" = 'admin.admin' LIMIT 1 /*action='create',application='ApiPonto',controller='sessions'*/[0m
  ↳ app/controllers/sessions_controller.rb:13:in 'SessionsController#create'
  Rendering layout layouts/login.html.erb
  Rendering sessions/new.html.erb within layouts/login
  Rendered sessions/new.html.erb within layouts/login (Duration: 1.8ms | GC: 0.0ms)
  Rendered layout layouts/login.html.erb (Duration: 4.1ms | GC: 0.0ms)
Completed 422 Unprocessable Content in 16ms (Views: 5.1ms | ActiveRecord: 2.9ms (1 query, 0 cached) | GC: 0.0ms)


  [1m[36mUser Load (29.6ms)[0m  [1m[34mSELECT "users".* FROM "users" /*application='ApiPonto'*/[0m
  [1m[36mUser Load (1.4ms)[0m  [1m[34mSELECT "users".* FROM "users" WHERE "users"."nome_completo" = 'Administrador' LIMIT 1 /*application='ApiPonto'*/[0m
  [1m[36mTRANSACTION (0.2ms)[0m  [1m[35mBEGIN /*application='ApiPonto'*/[0m
  [1m[36mUser Exists? (3.8ms)[0m  [1m[34mSELECT 1 AS one FROM "users" WHERE LOWER("users"."username") = LOWER('administrador') AND "users"."id" != 3 LIMIT 1 /*application='ApiPonto'*/[0m
  [1m[36mUser Update (3.4ms)[0m  [1m[33mUPDATE "users" SET "nome_completo" = 'Admin Admin', "updated_at" = '2026-07-23 12:22:50.091811' WHERE "users"."id" = 3 /*application='ApiPonto'*/[0m
  [1m[36mTRANSACTION (2.7ms)[0m  [1m[35mCOMMIT /*application='ApiPonto'*/[0m
  [1m[36mUser Load (0.6ms)[0m  [1m[34mSELECT "users".* FROM "users" WHERE "users"."nome_completo" = 'Admin Admin' LIMIT 1 /*application='ApiPonto'*/[0m
  [1m[36mUser Load (0.8ms)[0m  [1m[34mSELECT "users".* FROM "users" WHERE "users"."nome_completo" = 'Admin Admin' LIMIT 1 /*application='ApiPonto'*/[0m
  [1m[36mUser Load (1.0ms)[0m  [1m[34mSELECT "users".* FROM "users" WHERE "users"."nome_completo" = 'Admin Admin' LIMIT 1 /*application='ApiPonto'*/[0m
  [1m[36mUser Update (5.3ms)[0m  [1m[33mUPDATE "users" SET "nome_completo" = 'Admin Admin', "username" = 'admin.admin' WHERE "users"."id" = 3 /*application='ApiPonto'*/[0m
  [1m[36mUser Load (0.5ms)[0m  [1m[34mSELECT "users".* FROM "users" WHERE "users"."id" = 3 LIMIT 1 /*application='ApiPonto'*/[0m
Started POST "/login" for ::1 at 2026-07-23 09:23:25 -0300
  [1m[36mActiveRecord::SchemaMigration Load (1.1ms)[0m  [1m[34mSELECT "schema_migrations"."version" FROM "schema_migrations" ORDER BY "schema_migrations"."version" ASC /*application='ApiPonto'*/[0m
Processing by SessionsController#create as */*
  Parameters: {"username" => "admin.admin", "password" => "[FILTERED]"}
Can't verify CSRF token authenticity.
Completed 422 Unprocessable Content in 1ms (ActiveRecord: 0.0ms (0 queries, 0 cached) | GC: 0.0ms)


  
ActionController::InvalidAuthenticityToken (Can't verify CSRF token authenticity.):
  
actionpack (8.0.5) lib/action_controller/metal/request_forgery_protection.rb:314:in 'ActionController::RequestForgeryProtection::ProtectionMethods::Exception#handle_unverified_request'
actionpack (8.0.5) lib/action_controller/metal/request_forgery_protection.rb:408:in 'ActionController::RequestForgeryProtection#handle_unverified_request'
actionpack (8.0.5) lib/action_controller/metal/request_forgery_protection.rb:397:in 'ActionController::RequestForgeryProtection#verify_authenticity_token'
activesupport (8.0.5) lib/active_support/callbacks.rb:361:in 'block in ActiveSupport::Callbacks::CallTemplate::MethodCall#make_lambda'
activesupport (8.0.5) lib/active_support/callbacks.rb:178:in 'block in ActiveSupport::Callbacks::Filters::Before#call'
actionpack (8.0.5) lib/abstract_controller/callbacks.rb:34:in 'block (2 levels) in <module:Callbacks>'
activesupport (8.0.5) lib/active_support/callbacks.rb:179:in 'ActiveSupport::Callbacks::Filters::Before#call'
activesupport (8.0.5) lib/active_support/callbacks.rb:559:in 'block in ActiveSupport::Callbacks::CallbackSequence#invoke_before'
activesupport (8.0.5) lib/active_support/callbacks.rb:559:in 'Array#each'
activesupport (8.0.5) lib/active_support/callbacks.rb:559:in 'ActiveSupport::Callbacks::CallbackSequence#invoke_before'
activesupport (8.0.5) lib/active_support/callbacks.rb:118:in 'block in ActiveSupport::Callbacks#run_callbacks'
activesupport (8.0.5) lib/active_support/callbacks.rb:140:in 'ActiveSupport::Callbacks#run_callbacks'
actionpack (8.0.5) lib/abstract_controller/callbacks.rb:260:in 'AbstractController::Callbacks#process_action'
actionpack (8.0.5) lib/action_controller/metal/rescue.rb:27:in 'ActionController::Rescue#process_action'
actionpack (8.0.5) lib/action_controller/metal/instrumentation.rb:76:in 'block in ActionController::Instrumentation#process_action'
activesupport (8.0.5) lib/active_support/notifications.rb:210:in 'block in ActiveSupport::Notifications.instrument'
activesupport (8.0.5) lib/active_support/notifications/instrumenter.rb:58:in 'ActiveSupport::Notifications::Instrumenter#instrument'
activesupport (8.0.5) lib/active_support/notifications.rb:210:in 'ActiveSupport::Notifications.instrument'
actionpack (8.0.5) lib/action_controller/metal/instrumentation.rb:75:in 'ActionController::Instrumentation#process_action'
actionpack (8.0.5) lib/action_controller/metal/params_wrapper.rb:259:in 'ActionController::ParamsWrapper#process_action'
activerecord (8.0.5) lib/active_record/railties/controller_runtime.rb:39:in 'ActiveRecord::Railties::ControllerRuntime#process_action'
actionpack (8.0.5) lib/abstract_controller/base.rb:152:in 'AbstractController::Base#process'
actionview (8.0.5) lib/action_view/rendering.rb:40:in 'ActionView::Rendering#process'
actionpack (8.0.5) lib/action_controller/metal.rb:252:in 'ActionController::Metal#dispatch'
actionpack (8.0.5) lib/action_controller/metal.rb:335:in 'ActionController::Metal.dispatch'
actionpack (8.0.5) lib/action_dispatch/routing/route_set.rb:67:in 'ActionDispatch::Routing::RouteSet::Dispatcher#dispatch'
actionpack (8.0.5) lib/action_dispatch/routing/route_set.rb:50:in 'ActionDispatch::Routing::RouteSet::Dispatcher#serve'
actionpack (8.0.5) lib/action_dispatch/journey/router.rb:53:in 'block in ActionDispatch::Journey::Router#serve'
actionpack (8.0.5) lib/action_dispatch/journey/router.rb:133:in 'block in ActionDispatch::Journey::Router#find_routes'
actionpack (8.0.5) lib/action_dispatch/journey/router.rb:126:in 'Array#each'
actionpack (8.0.5) lib/action_dispatch/journey/router.rb:126:in 'ActionDispatch::Journey::Router#find_routes'
actionpack (8.0.5) lib/action_dispatch/journey/router.rb:34:in 'ActionDispatch::Journey::Router#serve'
actionpack (8.0.5) lib/action_dispatch/routing/route_set.rb:908:in 'ActionDispatch::Routing::RouteSet#call'
railties (8.0.5) lib/rails/engine/lazy_route_set.rb:60:in 'Rails::Engine::LazyRouteSet#call'
rack (3.2.6) lib/rack/tempfile_reaper.rb:20:in 'Rack::TempfileReaper#call'
rack (3.2.6) lib/rack/etag.rb:29:in 'Rack::ETag#call'
rack (3.2.6) lib/rack/conditional_get.rb:44:in 'Rack::ConditionalGet#call'
rack (3.2.6) lib/rack/head.rb:15:in 'Rack::Head#call'
actionpack (8.0.5) lib/action_dispatch/http/permissions_policy.rb:38:in 'ActionDispatch::PermissionsPolicy::Middleware#call'
actionpack (8.0.5) lib/action_dispatch/http/content_security_policy.rb:38:in 'ActionDispatch::ContentSecurityPolicy::Middleware#call'
rack-session (2.1.2) lib/rack/session/abstract/id.rb:274:in 'Rack::Session::Abstract::Persisted#context'
rack-session (2.1.2) lib/rack/session/abstract/id.rb:268:in 'Rack::Session::Abstract::Persisted#call'
actionpack (8.0.5) lib/action_dispatch/middleware/cookies.rb:706:in 'ActionDispatch::Cookies#call'
activerecord (8.0.5) lib/active_record/migration.rb:670:in 'ActiveRecord::Migration::CheckPending#call'
actionpack (8.0.5) lib/action_dispatch/middleware/callbacks.rb:31:in 'block in ActionDispatch::Callbacks#call'
activesupport (8.0.5) lib/active_support/callbacks.rb:100:in 'ActiveSupport::Callbacks#run_callbacks'
actionpack (8.0.5) lib/action_dispatch/middleware/callbacks.rb:30:in 'ActionDispatch::Callbacks#call'
actionpack (8.0.5) lib/action_dispatch/middleware/executor.rb:16:in 'ActionDispatch::Executor#call'
actionpack (8.0.5) lib/action_dispatch/middleware/actionable_exceptions.rb:18:in 'ActionDispatch::ActionableExceptions#call'
actionpack (8.0.5) lib/action_dispatch/middleware/debug_exceptions.rb:31:in 'ActionDispatch::DebugExceptions#call'
actionpack (8.0.5) lib/action_dispatch/middleware/show_exceptions.rb:32:in 'ActionDispatch::ShowExceptions#call'
railties (8.0.5) lib/rails/rack/logger.rb:41:in 'Rails::Rack::Logger#call_app'
railties (8.0.5) lib/rails/rack/logger.rb:29:in 'Rails::Rack::Logger#call'
actionpack (8.0.5) lib/action_dispatch/middleware/remote_ip.rb:96:in 'ActionDispatch::RemoteIp#call'
actionpack (8.0.5) lib/action_dispatch/middleware/request_id.rb:34:in 'ActionDispatch::RequestId#call'
rack (3.2.6) lib/rack/method_override.rb:28:in 'Rack::MethodOverride#call'
rack (3.2.6) lib/rack/runtime.rb:24:in 'Rack::Runtime#call'
actionpack (8.0.5) lib/action_dispatch/middleware/server_timing.rb:61:in 'block in ActionDispatch::ServerTiming#call'
actionpack (8.0.5) lib/action_dispatch/middleware/server_timing.rb:26:in 'ActionDispatch::ServerTiming::Subscriber#collect_events'
actionpack (8.0.5) lib/action_dispatch/middleware/server_timing.rb:60:in 'ActionDispatch::ServerTiming#call'
actionpack (8.0.5) lib/action_dispatch/middleware/executor.rb:16:in 'ActionDispatch::Executor#call'
actionpack (8.0.5) lib/action_dispatch/middleware/static.rb:27:in 'ActionDispatch::Static#call'
rack (3.2.6) lib/rack/sendfile.rb:131:in 'Rack::Sendfile#call'
actionpack (8.0.5) lib/action_dispatch/middleware/host_authorization.rb:143:in 'ActionDispatch::HostAuthorization#call'
railties (8.0.5) lib/rails/engine.rb:535:in 'Rails::Engine#call'
puma (8.0.2) lib/puma/configuration.rb:305:in 'Puma::Configuration::ConfigMiddleware#call'
puma (8.0.2) lib/puma/response.rb:79:in 'block in Puma::Response#handle_request'
puma (8.0.2) lib/puma/thread_pool.rb:434:in 'Puma::ThreadPool#with_force_shutdown'
puma (8.0.2) lib/puma/response.rb:78:in 'Puma::Response#handle_request'
puma (8.0.2) lib/puma/server.rb:508:in 'Puma::Server#process_client'
puma (8.0.2) lib/puma/server.rb:263:in 'block in Puma::Server#run'
puma (8.0.2) lib/puma/thread_pool.rb:246:in 'block in Puma::ThreadPool#spawn_thread'
Started GET "/dashboard" for ::1 at 2026-07-23 09:23:25 -0300
Processing by DashboardController#index as */*
Redirected to http://localhost:3001/login
Filter chain halted as :require_login rendered or redirected
Completed 302 Found in 14ms (ActiveRecord: 0.0ms (0 queries, 0 cached) | GC: 0.0ms)


Started GET "/presenca/CarregaRelogioAtual" for ::1 at 2026-07-23 09:23:25 -0300
Processing by Presenca::CarregaRelogioAtualController#show as */*
Completed 200 OK in 1ms (Views: 0.3ms | ActiveRecord: 0.0ms (0 queries, 0 cached) | GC: 0.0ms)


Started POST "/login" for ::1 at 2026-07-23 09:23:44 -0300
  [1m[36mActiveRecord::SchemaMigration Load (2.5ms)[0m  [1m[34mSELECT "schema_migrations"."version" FROM "schema_migrations" ORDER BY "schema_migrations"."version" ASC /*application='ApiPonto'*/[0m
Processing by SessionsController#create as */*
  Parameters: {"username" => "admin.admin", "password" => "[FILTERED]"}
  [1m[36mUser Load (1.1ms)[0m  [1m[34mSELECT "users".* FROM "users" WHERE "users"."username" = 'admin.admin' LIMIT 1 /*action='create',application='ApiPonto',controller='sessions'*/[0m
  ↳ app/controllers/sessions_controller.rb:14:in 'SessionsController#create'
Redirected to http://localhost:3001/dashboard
Completed 302 Found in 405ms (ActiveRecord: 21.2ms (1 query, 0 cached) | GC: 0.0ms)


Started GET "/dashboard" for ::1 at 2026-07-23 09:23:44 -0300
Processing by DashboardController#index as */*
  [1m[36mUser Load (2.5ms)[0m  [1m[34mSELECT "users".* FROM "users" WHERE "users"."id" = 3 LIMIT 1 /*action='index',application='ApiPonto',controller='dashboard'*/[0m
  ↳ app/controllers/application_controller.rb:11:in 'ApplicationController#current_user'
  [1m[36mUser Count (2.8ms)[0m  [1m[34mSELECT COUNT(*) FROM "users" /*action='index',application='ApiPonto',controller='dashboard'*/[0m
  ↳ app/controllers/dashboard_controller.rb:3:in 'DashboardController#index'
  [1m[36mUser Count (0.8ms)[0m  [1m[34mSELECT COUNT(*) FROM "users" WHERE "users"."status" = 1 /*action='index',application='ApiPonto',controller='dashboard'*/[0m
  ↳ app/controllers/dashboard_controller.rb:4:in 'DashboardController#index'
  [1m[36mUser Count (1.0ms)[0m  [1m[34mSELECT COUNT(*) FROM "users" WHERE "users"."digitais_hash" IS NOT NULL /*action='index',application='ApiPonto',controller='dashboard'*/[0m
  ↳ app/controllers/dashboard_controller.rb:6:in 'DashboardController#index'
  [1m[36mTimeRecord Count (2.5ms)[0m  [1m[34mSELECT COUNT(*) FROM "time_records" WHERE (punched_at >= '2026-07-23 00:00:00') /*action='index',application='ApiPonto',controller='dashboard'*/[0m
  ↳ app/controllers/dashboard_controller.rb:9:in 'DashboardController#index'
  [1m[36mTimeRecord Count (0.4ms)[0m  [1m[34mSELECT COUNT(*) FROM "time_records" WHERE (punched_at >= '2026-07-16 12:23:44.743038') /*action='index',application='ApiPonto',controller='dashboard'*/[0m
  ↳ app/controllers/dashboard_controller.rb:10:in 'DashboardController#index'
  [1m[36mTimeRecord Count (0.6ms)[0m  [1m[34mSELECT COUNT(*) FROM "time_records" WHERE (punched_at >= '2026-06-23 12:23:44.746383') /*action='index',application='ApiPonto',controller='dashboard'*/[0m
  ↳ app/controllers/dashboard_controller.rb:11:in 'DashboardController#index'
  Rendering layout layouts/application.html.erb
  Rendering dashboard/index.html.erb within layouts/application
  [1m[36mTimeRecord Load (1.2ms)[0m  [1m[34mSELECT "time_records".* FROM "time_records" ORDER BY "time_records"."created_at" DESC LIMIT 10 /*action='index',application='ApiPonto',controller='dashboard'*/[0m
  ↳ app/views/dashboard/index.html.erb:86
  [1m[36mUser Load (3.1ms)[0m  [1m[34mSELECT "users".* FROM "users" WHERE "users"."id" IN (1, 2) /*action='index',application='ApiPonto',controller='dashboard'*/[0m
  ↳ app/views/dashboard/index.html.erb:86
  Rendered dashboard/index.html.erb within layouts/application (Duration: 40.1ms | GC: 0.0ms)
  Rendered layout layouts/application.html.erb (Duration: 51.5ms | GC: 0.0ms)
Completed 200 OK in 119ms (Views: 51.2ms | ActiveRecord: 18.7ms (9 queries, 0 cached) | GC: 0.0ms)


Started GET "/users" for ::1 at 2026-07-23 09:23:44 -0300
Processing by UsersController#index as */*
  [1m[36mUser Load (1.4ms)[0m  [1m[34mSELECT "users".* FROM "users" WHERE "users"."id" = 3 LIMIT 1 /*action='index',application='ApiPonto',controller='users'*/[0m
  ↳ app/controllers/application_controller.rb:11:in 'ApplicationController#current_user'
  Rendering layout layouts/application.html.erb
  Rendering users/index.html.erb within layouts/application
  [1m[36mUser Load (1.0ms)[0m  [1m[34mSELECT "users".* FROM "users" ORDER BY "users"."nome_completo" ASC /*action='index',application='ApiPonto',controller='users'*/[0m
  ↳ app/views/users/index.html.erb:20
  Rendered users/index.html.erb within layouts/application (Duration: 10.7ms | GC: 0.0ms)
  Rendered layout layouts/application.html.erb (Duration: 13.0ms | GC: 0.0ms)
Completed 200 OK in 22ms (Views: 13.3ms | ActiveRecord: 2.3ms (2 queries, 0 cached) | GC: 0.0ms)


Started GET "/login" for 127.0.0.1 at 2026-07-23 09:24:42 -0300
  [1m[36mActiveRecord::SchemaMigration Load (0.9ms)[0m  [1m[34mSELECT "schema_migrations"."version" FROM "schema_migrations" ORDER BY "schema_migrations"."version" ASC /*application='ApiPonto'*/[0m
Processing by SessionsController#new as HTML
  Rendering layout layouts/login.html.erb
  Rendering sessions/new.html.erb within layouts/login
  Rendered sessions/new.html.erb within layouts/login (Duration: 3.6ms | GC: 0.0ms)
  Rendered layout layouts/login.html.erb (Duration: 6.1ms | GC: 0.0ms)
Completed 200 OK in 28ms (Views: 12.7ms | ActiveRecord: 0.0ms (0 queries, 0 cached) | GC: 0.0ms)


Started POST "/login" for 127.0.0.1 at 2026-07-23 09:25:11 -0300
Processing by SessionsController#create as HTML
  Parameters: {"authenticity_token" => "[FILTERED]", "username" => "admin.admin", "password" => "[FILTERED]", "commit" => "Entrar"}
  [1m[36mUser Load (1.3ms)[0m  [1m[34mSELECT "users".* FROM "users" WHERE "users"."username" = 'admin.admin' LIMIT 1 /*action='create',application='ApiPonto',controller='sessions'*/[0m
  ↳ app/controllers/sessions_controller.rb:14:in 'SessionsController#create'
Redirected to http://localhost:3000/dashboard
Completed 302 Found in 360ms (ActiveRecord: 17.0ms (1 query, 0 cached) | GC: 0.0ms)


Started GET "/dashboard" for 127.0.0.1 at 2026-07-23 09:25:11 -0300
Processing by DashboardController#index as HTML
  [1m[36mUser Load (0.5ms)[0m  [1m[34mSELECT "users".* FROM "users" WHERE "users"."id" = 3 LIMIT 1 /*action='index',application='ApiPonto',controller='dashboard'*/[0m
  ↳ app/controllers/application_controller.rb:11:in 'ApplicationController#current_user'
  [1m[36mUser Count (0.5ms)[0m  [1m[34mSELECT COUNT(*) FROM "users" /*action='index',application='ApiPonto',controller='dashboard'*/[0m
  ↳ app/controllers/dashboard_controller.rb:3:in 'DashboardController#index'
  [1m[36mUser Count (0.8ms)[0m  [1m[34mSELECT COUNT(*) FROM "users" WHERE "users"."status" = 1 /*action='index',application='ApiPonto',controller='dashboard'*/[0m
  ↳ app/controllers/dashboard_controller.rb:4:in 'DashboardController#index'
  [1m[36mUser Count (0.4ms)[0m  [1m[34mSELECT COUNT(*) FROM "users" WHERE "users"."digitais_hash" IS NOT NULL /*action='index',application='ApiPonto',controller='dashboard'*/[0m
  ↳ app/controllers/dashboard_controller.rb:6:in 'DashboardController#index'
  [1m[36mTimeRecord Count (1.1ms)[0m  [1m[34mSELECT COUNT(*) FROM "time_records" WHERE (punched_at >= '2026-07-23 00:00:00') /*action='index',application='ApiPonto',controller='dashboard'*/[0m
  ↳ app/controllers/dashboard_controller.rb:9:in 'DashboardController#index'
  [1m[36mTimeRecord Count (1.8ms)[0m  [1m[34mSELECT COUNT(*) FROM "time_records" WHERE (punched_at >= '2026-07-16 12:25:11.467568') /*action='index',application='ApiPonto',controller='dashboard'*/[0m
  ↳ app/controllers/dashboard_controller.rb:10:in 'DashboardController#index'
  [1m[36mTimeRecord Count (0.7ms)[0m  [1m[34mSELECT COUNT(*) FROM "time_records" WHERE (punched_at >= '2026-06-23 12:25:11.473724') /*action='index',application='ApiPonto',controller='dashboard'*/[0m
  ↳ app/controllers/dashboard_controller.rb:11:in 'DashboardController#index'
  Rendering layout layouts/application.html.erb
  Rendering dashboard/index.html.erb within layouts/application
  [1m[36mTimeRecord Load (0.9ms)[0m  [1m[34mSELECT "time_records".* FROM "time_records" ORDER BY "time_records"."created_at" DESC LIMIT 10 /*action='index',application='ApiPonto',controller='dashboard'*/[0m
  ↳ app/views/dashboard/index.html.erb:86
  [1m[36mUser Load (0.6ms)[0m  [1m[34mSELECT "users".* FROM "users" WHERE "users"."id" IN (1, 2) /*action='index',application='ApiPonto',controller='dashboard'*/[0m
  ↳ app/views/dashboard/index.html.erb:86
  Rendered dashboard/index.html.erb within layouts/application (Duration: 30.1ms | GC: 0.0ms)
  Rendered layout layouts/application.html.erb (Duration: 36.8ms | GC: 0.0ms)
Completed 200 OK in 78ms (Views: 33.7ms | ActiveRecord: 11.6ms (9 queries, 0 cached) | GC: 0.0ms)


Started GET "/stylesheets/application.css" for 127.0.0.1 at 2026-07-23 09:25:11 -0300
  
ActionController::RoutingError (No route matches [GET] "/stylesheets/application.css"):
  
Started GET "/application.js" for 127.0.0.1 at 2026-07-23 09:25:11 -0300
Started GET "/controllers/application.js" for 127.0.0.1 at 2026-07-23 09:25:11 -0300
Started GET "/controllers/hello_controller.js" for 127.0.0.1 at 2026-07-23 09:25:11 -0300
  
ActionController::RoutingError (No route matches [GET] "/controllers/application.js"):
  
  
ActionController::RoutingError (No route matches [GET] "/controllers/hello_controller.js"):
  
Started GET "/stimulus-loading.js" for 127.0.0.1 at 2026-07-23 09:25:11 -0300
Started GET "/stimulus.min.js" for 127.0.0.1 at 2026-07-23 09:25:11 -0300
  
ActionController::RoutingError (No route matches [GET] "/application.js"):
  
Started GET "/turbo.min.js" for 127.0.0.1 at 2026-07-23 09:25:11 -0300
  
ActionController::RoutingError (No route matches [GET] "/turbo.min.js"):
  
  
ActionController::RoutingError (No route matches [GET] "/stimulus.min.js"):
  
Started GET "/controllers/index.js" for 127.0.0.1 at 2026-07-23 09:25:11 -0300
Started GET "/controllers/username_preview_controller.js" for 127.0.0.1 at 2026-07-23 09:25:11 -0300
  
ActionController::RoutingError (No route matches [GET] "/stimulus-loading.js"):
  
  
ActionController::RoutingError (No route matches [GET] "/controllers/username_preview_controller.js"):
  
  
ActionController::RoutingError (No route matches [GET] "/controllers/index.js"):
  
Started GET "/users" for 127.0.0.1 at 2026-07-23 09:25:49 -0300
Processing by UsersController#index as HTML
  [1m[36mUser Load (0.8ms)[0m  [1m[34mSELECT "users".* FROM "users" WHERE "users"."id" = 3 LIMIT 1 /*action='index',application='ApiPonto',controller='users'*/[0m
  ↳ app/controllers/application_controller.rb:11:in 'ApplicationController#current_user'
  Rendering layout layouts/application.html.erb
  Rendering users/index.html.erb within layouts/application
  [1m[36mUser Load (1.6ms)[0m  [1m[34mSELECT "users".* FROM "users" ORDER BY "users"."nome_completo" ASC /*action='index',application='ApiPonto',controller='users'*/[0m
  ↳ app/views/users/index.html.erb:20
  Rendered users/index.html.erb within layouts/application (Duration: 10.8ms | GC: 0.4ms)
  Rendered layout layouts/application.html.erb (Duration: 15.9ms | GC: 0.4ms)
Completed 200 OK in 26ms (Views: 15.5ms | ActiveRecord: 2.4ms (2 queries, 0 cached) | GC: 0.4ms)


Started GET "/stylesheets/application.css" for 127.0.0.1 at 2026-07-23 09:25:49 -0300
  
ActionController::RoutingError (No route matches [GET] "/stylesheets/application.css"):
  
Started GET "/controllers/application.js" for 127.0.0.1 at 2026-07-23 09:25:49 -0300
Started GET "/stimulus-loading.js" for 127.0.0.1 at 2026-07-23 09:25:49 -0300
Started GET "/stimulus.min.js" for 127.0.0.1 at 2026-07-23 09:25:49 -0300
  
ActionController::RoutingError (No route matches [GET] "/stimulus-loading.js"):
  
  
ActionController::RoutingError (No route matches [GET] "/stimulus.min.js"):
  
Started GET "/turbo.min.js" for 127.0.0.1 at 2026-07-23 09:25:49 -0300
Started GET "/application.js" for 127.0.0.1 at 2026-07-23 09:25:49 -0300
  
ActionController::RoutingError (No route matches [GET] "/controllers/application.js"):
  
Started GET "/controllers/hello_controller.js" for 127.0.0.1 at 2026-07-23 09:25:49 -0300
  
ActionController::RoutingError (No route matches [GET] "/controllers/hello_controller.js"):
  
Started GET "/controllers/index.js" for 127.0.0.1 at 2026-07-23 09:25:49 -0300
  
ActionController::RoutingError (No route matches [GET] "/turbo.min.js"):
  
Started GET "/controllers/username_preview_controller.js" for 127.0.0.1 at 2026-07-23 09:25:49 -0300
  
ActionController::RoutingError (No route matches [GET] "/application.js"):
  
  
ActionController::RoutingError (No route matches [GET] "/controllers/index.js"):
  
  
ActionController::RoutingError (No route matches [GET] "/controllers/username_preview_controller.js"):
  
Started GET "/users/new" for 127.0.0.1 at 2026-07-23 09:25:53 -0300
Processing by UsersController#new as HTML
  [1m[36mUser Load (1.4ms)[0m  [1m[34mSELECT "users".* FROM "users" WHERE "users"."id" = 3 LIMIT 1 /*action='new',application='ApiPonto',controller='users'*/[0m
  ↳ app/controllers/application_controller.rb:11:in 'ApplicationController#current_user'
  Rendering layout layouts/application.html.erb
  Rendering users/new.html.erb within layouts/application
  Rendered users/new.html.erb within layouts/application (Duration: 13.2ms | GC: 0.5ms)
  Rendered layout layouts/application.html.erb (Duration: 15.1ms | GC: 0.5ms)
Completed 200 OK in 23ms (Views: 15.8ms | ActiveRecord: 1.3ms (1 query, 0 cached) | GC: 0.6ms)


Started GET "/stylesheets/application.css" for 127.0.0.1 at 2026-07-23 09:25:53 -0300
Started GET "/application.js" for 127.0.0.1 at 2026-07-23 09:25:53 -0300
  
ActionController::RoutingError (No route matches [GET] "/stylesheets/application.css"):
  
Started GET "/stimulus-loading.js" for 127.0.0.1 at 2026-07-23 09:25:53 -0300
Started GET "/stimulus.min.js" for 127.0.0.1 at 2026-07-23 09:25:53 -0300
  
ActionController::RoutingError (No route matches [GET] "/application.js"):
  
  
ActionController::RoutingError (No route matches [GET] "/stimulus-loading.js"):
  
Started GET "/turbo.min.js" for 127.0.0.1 at 2026-07-23 09:25:53 -0300
Started GET "/controllers/application.js" for 127.0.0.1 at 2026-07-23 09:25:53 -0300
  
ActionController::RoutingError (No route matches [GET] "/stimulus.min.js"):
  
  
ActionController::RoutingError (No route matches [GET] "/turbo.min.js"):
  
Started GET "/controllers/hello_controller.js" for 127.0.0.1 at 2026-07-23 09:25:53 -0300
Started GET "/controllers/index.js" for 127.0.0.1 at 2026-07-23 09:25:53 -0300
  
ActionController::RoutingError (No route matches [GET] "/controllers/application.js"):
  
Started GET "/controllers/username_preview_controller.js" for 127.0.0.1 at 2026-07-23 09:25:54 -0300
  
ActionController::RoutingError (No route matches [GET] "/controllers/hello_controller.js"):
  
  
ActionController::RoutingError (No route matches [GET] "/controllers/username_preview_controller.js"):
  
  
ActionController::RoutingError (No route matches [GET] "/controllers/index.js"):
  
Started GET "/users" for 127.0.0.1 at 2026-07-23 09:29:42 -0300
Processing by UsersController#index as HTML
  [1m[36mUser Load (3.1ms)[0m  [1m[34mSELECT "users".* FROM "users" WHERE "users"."id" = 3 LIMIT 1 /*action='index',application='ApiPonto',controller='users'*/[0m
  ↳ app/controllers/application_controller.rb:11:in 'ApplicationController#current_user'
  Rendering layout layouts/application.html.erb
  Rendering users/index.html.erb within layouts/application
  [1m[36mUser Load (0.7ms)[0m  [1m[34mSELECT "users".* FROM "users" ORDER BY "users"."nome_completo" ASC /*action='index',application='ApiPonto',controller='users'*/[0m
  ↳ app/views/users/index.html.erb:20
  Rendered users/index.html.erb within layouts/application (Duration: 10.2ms | GC: 0.6ms)
  Rendered layout layouts/application.html.erb (Duration: 13.8ms | GC: 0.6ms)
Completed 200 OK in 24ms (Views: 14.1ms | ActiveRecord: 3.4ms (2 queries, 0 cached) | GC: 0.6ms)


Started GET "/stylesheets/application.css" for 127.0.0.1 at 2026-07-23 09:29:42 -0300
  
ActionController::RoutingError (No route matches [GET] "/stylesheets/application.css"):
  
Started GET "/controllers/application.js" for 127.0.0.1 at 2026-07-23 09:29:42 -0300
Started GET "/stimulus-loading.js" for 127.0.0.1 at 2026-07-23 09:29:42 -0300
Started GET "/stimulus.min.js" for 127.0.0.1 at 2026-07-23 09:29:42 -0300
  
ActionController::RoutingError (No route matches [GET] "/stimulus-loading.js"):
  
Started GET "/turbo.min.js" for 127.0.0.1 at 2026-07-23 09:29:42 -0300
  
ActionController::RoutingError (No route matches [GET] "/controllers/application.js"):
  
Started GET "/application.js" for 127.0.0.1 at 2026-07-23 09:29:42 -0300
  
ActionController::RoutingError (No route matches [GET] "/stimulus.min.js"):
  
Started GET "/controllers/hello_controller.js" for 127.0.0.1 at 2026-07-23 09:29:43 -0300
  
ActionController::RoutingError (No route matches [GET] "/turbo.min.js"):
  
Started GET "/controllers/index.js" for 127.0.0.1 at 2026-07-23 09:29:43 -0300
  
ActionController::RoutingError (No route matches [GET] "/controllers/hello_controller.js"):
  
Started GET "/controllers/username_preview_controller.js" for 127.0.0.1 at 2026-07-23 09:29:43 -0300
  
ActionController::RoutingError (No route matches [GET] "/application.js"):
  
  
ActionController::RoutingError (No route matches [GET] "/controllers/index.js"):
  
  
ActionController::RoutingError (No route matches [GET] "/controllers/username_preview_controller.js"):
  
Started GET "/users/5/edit" for 127.0.0.1 at 2026-07-23 09:30:15 -0300
Processing by UsersController#edit as HTML
  Parameters: {"id" => "5"}
  [1m[36mUser Load (0.7ms)[0m  [1m[34mSELECT "users".* FROM "users" WHERE "users"."id" = 3 LIMIT 1 /*action='edit',application='ApiPonto',controller='users'*/[0m
  ↳ app/controllers/application_controller.rb:11:in 'ApplicationController#current_user'
  [1m[36mUser Load (1.8ms)[0m  [1m[34mSELECT "users".* FROM "users" WHERE "users"."id" = 5 LIMIT 1 /*action='edit',application='ApiPonto',controller='users'*/[0m
  ↳ app/controllers/users_controller.rb:40:in 'UsersController#set_user'
  Rendering layout layouts/application.html.erb
  Rendering users/edit.html.erb within layouts/application
  Rendered users/edit.html.erb within layouts/application (Duration: 16.2ms | GC: 0.0ms)
  Rendered layout layouts/application.html.erb (Duration: 18.9ms | GC: 0.0ms)
Completed 200 OK in 34ms (Views: 20.7ms | ActiveRecord: 2.4ms (2 queries, 0 cached) | GC: 0.5ms)


Started GET "/stylesheets/application.css" for 127.0.0.1 at 2026-07-23 09:30:15 -0300
  
ActionController::RoutingError (No route matches [GET] "/stylesheets/application.css"):
  
Started GET "/controllers/application.js" for 127.0.0.1 at 2026-07-23 09:30:15 -0300
Started GET "/stimulus.min.js" for 127.0.0.1 at 2026-07-23 09:30:15 -0300
Started GET "/stimulus-loading.js" for 127.0.0.1 at 2026-07-23 09:30:15 -0300
  
ActionController::RoutingError (No route matches [GET] "/stimulus.min.js"):
  
  
ActionController::RoutingError (No route matches [GET] "/controllers/application.js"):
  
Started GET "/turbo.min.js" for 127.0.0.1 at 2026-07-23 09:30:15 -0300
Started GET "/application.js" for 127.0.0.1 at 2026-07-23 09:30:15 -0300
  
ActionController::RoutingError (No route matches [GET] "/stimulus-loading.js"):
  
Started GET "/controllers/hello_controller.js" for 127.0.0.1 at 2026-07-23 09:30:15 -0300
  
ActionController::RoutingError (No route matches [GET] "/application.js"):
  
Started GET "/controllers/index.js" for 127.0.0.1 at 2026-07-23 09:30:15 -0300
  
ActionController::RoutingError (No route matches [GET] "/controllers/index.js"):
  
Started GET "/controllers/username_preview_controller.js" for 127.0.0.1 at 2026-07-23 09:30:15 -0300
  
ActionController::RoutingError (No route matches [GET] "/controllers/hello_controller.js"):
  
  
ActionController::RoutingError (No route matches [GET] "/controllers/username_preview_controller.js"):
  
  
ActionController::RoutingError (No route matches [GET] "/turbo.min.js"):
  
Started GET "/users" for 127.0.0.1 at 2026-07-23 09:30:21 -0300
Processing by UsersController#index as HTML
  [1m[36mUser Load (1.6ms)[0m  [1m[34mSELECT "users".* FROM "users" WHERE "users"."id" = 3 LIMIT 1 /*action='index',application='ApiPonto',controller='users'*/[0m
  ↳ app/controllers/application_controller.rb:11:in 'ApplicationController#current_user'
  Rendering layout layouts/application.html.erb
  Rendering users/index.html.erb within layouts/application
  [1m[36mUser Load (0.5ms)[0m  [1m[34mSELECT "users".* FROM "users" ORDER BY "users"."nome_completo" ASC /*action='index',application='ApiPonto',controller='users'*/[0m
  ↳ app/views/users/index.html.erb:20
  Rendered users/index.html.erb within layouts/application (Duration: 9.8ms | GC: 0.0ms)
  Rendered layout layouts/application.html.erb (Duration: 12.6ms | GC: 0.0ms)
Completed 200 OK in 22ms (Views: 13.0ms | ActiveRecord: 2.1ms (2 queries, 0 cached) | GC: 0.5ms)


Started GET "/stylesheets/application.css" for 127.0.0.1 at 2026-07-23 09:30:21 -0300
Started GET "/application.js" for 127.0.0.1 at 2026-07-23 09:30:21 -0300
Started GET "/stimulus-loading.js" for 127.0.0.1 at 2026-07-23 09:30:21 -0300
  
ActionController::RoutingError (No route matches [GET] "/stylesheets/application.css"):
  
Started GET "/stimulus.min.js" for 127.0.0.1 at 2026-07-23 09:30:21 -0300
  
ActionController::RoutingError (No route matches [GET] "/application.js"):
  
  
ActionController::RoutingError (No route matches [GET] "/stimulus-loading.js"):
  
Started GET "/turbo.min.js" for 127.0.0.1 at 2026-07-23 09:30:21 -0300
Started GET "/controllers/application.js" for 127.0.0.1 at 2026-07-23 09:30:21 -0300
  
ActionController::RoutingError (No route matches [GET] "/controllers/application.js"):
  
Started GET "/controllers/hello_controller.js" for 127.0.0.1 at 2026-07-23 09:30:21 -0300
  
ActionController::RoutingError (No route matches [GET] "/stimulus.min.js"):
  
Started GET "/controllers/index.js" for 127.0.0.1 at 2026-07-23 09:30:21 -0300
  
ActionController::RoutingError (No route matches [GET] "/turbo.min.js"):
  
Started GET "/controllers/username_preview_controller.js" for 127.0.0.1 at 2026-07-23 09:30:22 -0300
  
ActionController::RoutingError (No route matches [GET] "/controllers/index.js"):
  
  
ActionController::RoutingError (No route matches [GET] "/controllers/hello_controller.js"):
  
  
ActionController::RoutingError (No route matches [GET] "/controllers/username_preview_controller.js"):
  
Started GET "/users/2/edit" for 127.0.0.1 at 2026-07-23 09:30:32 -0300
Processing by UsersController#edit as HTML
  Parameters: {"id" => "2"}
  [1m[36mUser Load (2.0ms)[0m  [1m[34mSELECT "users".* FROM "users" WHERE "users"."id" = 3 LIMIT 1 /*action='edit',application='ApiPonto',controller='users'*/[0m
  ↳ app/controllers/application_controller.rb:11:in 'ApplicationController#current_user'
  [1m[36mUser Load (0.4ms)[0m  [1m[34mSELECT "users".* FROM "users" WHERE "users"."id" = 2 LIMIT 1 /*action='edit',application='ApiPonto',controller='users'*/[0m
  ↳ app/controllers/users_controller.rb:40:in 'UsersController#set_user'
  Rendering layout layouts/application.html.erb
  Rendering users/edit.html.erb within layouts/application
  Rendered users/edit.html.erb within layouts/application (Duration: 6.5ms | GC: 0.5ms)
  Rendered layout layouts/application.html.erb (Duration: 9.3ms | GC: 0.5ms)
Completed 200 OK in 22ms (Views: 10.3ms | ActiveRecord: 2.4ms (2 queries, 0 cached) | GC: 0.6ms)


Started GET "/stylesheets/application.css" for 127.0.0.1 at 2026-07-23 09:30:32 -0300
Started GET "/turbo.min.js" for 127.0.0.1 at 2026-07-23 09:30:32 -0300
Started GET "/application.js" for 127.0.0.1 at 2026-07-23 09:30:32 -0300
  
ActionController::RoutingError (No route matches [GET] "/turbo.min.js"):
  
Started GET "/controllers/application.js" for 127.0.0.1 at 2026-07-23 09:30:32 -0300
  
ActionController::RoutingError (No route matches [GET] "/application.js"):
  
  
ActionController::RoutingError (No route matches [GET] "/stylesheets/application.css"):
  
Started GET "/stimulus-loading.js" for 127.0.0.1 at 2026-07-23 09:30:32 -0300
Started GET "/stimulus.min.js" for 127.0.0.1 at 2026-07-23 09:30:32 -0300
  
ActionController::RoutingError (No route matches [GET] "/stimulus-loading.js"):
  
  
ActionController::RoutingError (No route matches [GET] "/stimulus.min.js"):
  
Started GET "/controllers/hello_controller.js" for 127.0.0.1 at 2026-07-23 09:30:32 -0300
Started GET "/controllers/index.js" for 127.0.0.1 at 2026-07-23 09:30:32 -0300
  
ActionController::RoutingError (No route matches [GET] "/controllers/application.js"):
  
Started GET "/controllers/username_preview_controller.js" for 127.0.0.1 at 2026-07-23 09:30:32 -0300
  
ActionController::RoutingError (No route matches [GET] "/controllers/hello_controller.js"):
  
  
ActionController::RoutingError (No route matches [GET] "/controllers/username_preview_controller.js"):
  
  
ActionController::RoutingError (No route matches [GET] "/controllers/index.js"):
  
Started GET "/users" for 127.0.0.1 at 2026-07-23 09:30:43 -0300
Processing by UsersController#index as HTML
  [1m[36mUser Load (0.7ms)[0m  [1m[34mSELECT "users".* FROM "users" WHERE "users"."id" = 3 LIMIT 1 /*action='index',application='ApiPonto',controller='users'*/[0m
  ↳ app/controllers/application_controller.rb:11:in 'ApplicationController#current_user'
  Rendering layout layouts/application.html.erb
  Rendering users/index.html.erb within layouts/application
  [1m[36mUser Load (0.6ms)[0m  [1m[34mSELECT "users".* FROM "users" ORDER BY "users"."nome_completo" ASC /*action='index',application='ApiPonto',controller='users'*/[0m
  ↳ app/views/users/index.html.erb:20
  Rendered users/index.html.erb within layouts/application (Duration: 6.0ms | GC: 0.2ms)
  Rendered layout layouts/application.html.erb (Duration: 7.9ms | GC: 0.2ms)
Completed 200 OK in 13ms (Views: 8.2ms | ActiveRecord: 1.3ms (2 queries, 0 cached) | GC: 0.2ms)


Started GET "/stylesheets/application.css" for 127.0.0.1 at 2026-07-23 09:30:43 -0300
  
ActionController::RoutingError (No route matches [GET] "/stylesheets/application.css"):
  
Started GET "/application.js" for 127.0.0.1 at 2026-07-23 09:30:43 -0300
Started GET "/controllers/application.js" for 127.0.0.1 at 2026-07-23 09:30:43 -0300
Started GET "/stimulus-loading.js" for 127.0.0.1 at 2026-07-23 09:30:43 -0300
  
ActionController::RoutingError (No route matches [GET] "/application.js"):
  
Started GET "/stimulus.min.js" for 127.0.0.1 at 2026-07-23 09:30:43 -0300
  
ActionController::RoutingError (No route matches [GET] "/stimulus-loading.js"):
  
  
ActionController::RoutingError (No route matches [GET] "/controllers/application.js"):
  
Started GET "/turbo.min.js" for 127.0.0.1 at 2026-07-23 09:30:43 -0300
Started GET "/controllers/hello_controller.js" for 127.0.0.1 at 2026-07-23 09:30:43 -0300
  
ActionController::RoutingError (No route matches [GET] "/stimulus.min.js"):
  
Started GET "/controllers/index.js" for 127.0.0.1 at 2026-07-23 09:30:43 -0300
  
ActionController::RoutingError (No route matches [GET] "/turbo.min.js"):
  
Started GET "/controllers/username_preview_controller.js" for 127.0.0.1 at 2026-07-23 09:30:43 -0300
  
ActionController::RoutingError (No route matches [GET] "/controllers/hello_controller.js"):
  
  
ActionController::RoutingError (No route matches [GET] "/controllers/index.js"):
  
  
ActionController::RoutingError (No route matches [GET] "/controllers/username_preview_controller.js"):
  
Started GET "/users/new" for 127.0.0.1 at 2026-07-23 09:31:00 -0300
Processing by UsersController#new as HTML
  [1m[36mUser Load (3.7ms)[0m  [1m[34mSELECT "users".* FROM "users" WHERE "users"."id" = 3 LIMIT 1 /*action='new',application='ApiPonto',controller='users'*/[0m
  ↳ app/controllers/application_controller.rb:11:in 'ApplicationController#current_user'
  Rendering layout layouts/application.html.erb
  Rendering users/new.html.erb within layouts/application
  Rendered users/new.html.erb within layouts/application (Duration: 2.9ms | GC: 0.0ms)
  Rendered layout layouts/application.html.erb (Duration: 5.1ms | GC: 0.0ms)
Completed 200 OK in 13ms (Views: 5.8ms | ActiveRecord: 3.7ms (1 query, 0 cached) | GC: 0.0ms)


Started GET "/stylesheets/application.css" for 127.0.0.1 at 2026-07-23 09:31:00 -0300
  
ActionController::RoutingError (No route matches [GET] "/stylesheets/application.css"):
  
Started GET "/application.js" for 127.0.0.1 at 2026-07-23 09:31:01 -0300
Started GET "/controllers/application.js" for 127.0.0.1 at 2026-07-23 09:31:01 -0300
Started GET "/stimulus-loading.js" for 127.0.0.1 at 2026-07-23 09:31:01 -0300
  
ActionController::RoutingError (No route matches [GET] "/controllers/application.js"):
  
Started GET "/stimulus.min.js" for 127.0.0.1 at 2026-07-23 09:31:01 -0300
  
ActionController::RoutingError (No route matches [GET] "/stimulus-loading.js"):
  
  
ActionController::RoutingError (No route matches [GET] "/application.js"):
  
  
ActionController::RoutingError (No route matches [GET] "/stimulus.min.js"):
  
Started GET "/turbo.min.js" for 127.0.0.1 at 2026-07-23 09:31:01 -0300
Started GET "/controllers/hello_controller.js" for 127.0.0.1 at 2026-07-23 09:31:01 -0300
Started GET "/controllers/index.js" for 127.0.0.1 at 2026-07-23 09:31:01 -0300
  
ActionController::RoutingError (No route matches [GET] "/controllers/index.js"):
  
Started GET "/controllers/username_preview_controller.js" for 127.0.0.1 at 2026-07-23 09:31:01 -0300
  
ActionController::RoutingError (No route matches [GET] "/turbo.min.js"):
  
  
ActionController::RoutingError (No route matches [GET] "/controllers/username_preview_controller.js"):
  
  
ActionController::RoutingError (No route matches [GET] "/controllers/hello_controller.js"):
  
Started GET "/users" for 127.0.0.1 at 2026-07-23 09:31:07 -0300
Processing by UsersController#index as HTML
  [1m[36mUser Load (0.9ms)[0m  [1m[34mSELECT "users".* FROM "users" WHERE "users"."id" = 3 LIMIT 1 /*action='index',application='ApiPonto',controller='users'*/[0m
  ↳ app/controllers/application_controller.rb:11:in 'ApplicationController#current_user'
  Rendering layout layouts/application.html.erb
  Rendering users/index.html.erb within layouts/application
  [1m[36mUser Load (0.6ms)[0m  [1m[34mSELECT "users".* FROM "users" ORDER BY "users"."nome_completo" ASC /*action='index',application='ApiPonto',controller='users'*/[0m
  ↳ app/views/users/index.html.erb:20
  Rendered users/index.html.erb within layouts/application (Duration: 7.8ms | GC: 0.0ms)
  Rendered layout layouts/application.html.erb (Duration: 10.1ms | GC: 0.0ms)
Completed 200 OK in 17ms (Views: 10.8ms | ActiveRecord: 1.5ms (2 queries, 0 cached) | GC: 0.0ms)


Started GET "/stylesheets/application.css" for 127.0.0.1 at 2026-07-23 09:31:07 -0300
  
ActionController::RoutingError (No route matches [GET] "/stylesheets/application.css"):
  
Started GET "/application.js" for 127.0.0.1 at 2026-07-23 09:31:07 -0300
Started GET "/stimulus.min.js" for 127.0.0.1 at 2026-07-23 09:31:07 -0300
Started GET "/turbo.min.js" for 127.0.0.1 at 2026-07-23 09:31:07 -0300
  
ActionController::RoutingError (No route matches [GET] "/stimulus.min.js"):
  
  
ActionController::RoutingError (No route matches [GET] "/application.js"):
  
Started GET "/controllers/application.js" for 127.0.0.1 at 2026-07-23 09:31:07 -0300
Started GET "/stimulus-loading.js" for 127.0.0.1 at 2026-07-23 09:31:07 -0300
  
ActionController::RoutingError (No route matches [GET] "/stimulus-loading.js"):
  
Started GET "/controllers/hello_controller.js" for 127.0.0.1 at 2026-07-23 09:31:07 -0300
  
ActionController::RoutingError (No route matches [GET] "/turbo.min.js"):
  
Started GET "/controllers/index.js" for 127.0.0.1 at 2026-07-23 09:31:07 -0300
  
ActionController::RoutingError (No route matches [GET] "/controllers/application.js"):
  
  
ActionController::RoutingError (No route matches [GET] "/controllers/index.js"):
  
Started GET "/controllers/username_preview_controller.js" for 127.0.0.1 at 2026-07-23 09:31:07 -0300
  
ActionController::RoutingError (No route matches [GET] "/controllers/username_preview_controller.js"):
  
  
ActionController::RoutingError (No route matches [GET] "/controllers/hello_controller.js"):
  
Started GET "/" for 127.0.0.1 at 2026-07-23 09:31:09 -0300
Processing by DashboardController#index as HTML
  [1m[36mUser Load (0.7ms)[0m  [1m[34mSELECT "users".* FROM "users" WHERE "users"."id" = 3 LIMIT 1 /*action='index',application='ApiPonto',controller='dashboard'*/[0m
  ↳ app/controllers/application_controller.rb:11:in 'ApplicationController#current_user'
  [1m[36mUser Count (0.5ms)[0m  [1m[34mSELECT COUNT(*) FROM "users" /*action='index',application='ApiPonto',controller='dashboard'*/[0m
  ↳ app/controllers/dashboard_controller.rb:3:in 'DashboardController#index'
  [1m[36mUser Count (0.4ms)[0m  [1m[34mSELECT COUNT(*) FROM "users" WHERE "users"."status" = 1 /*action='index',application='ApiPonto',controller='dashboard'*/[0m
  ↳ app/controllers/dashboard_controller.rb:4:in 'DashboardController#index'
  [1m[36mUser Count (2.6ms)[0m  [1m[34mSELECT COUNT(*) FROM "users" WHERE "users"."digitais_hash" IS NOT NULL /*action='index',application='ApiPonto',controller='dashboard'*/[0m
  ↳ app/controllers/dashboard_controller.rb:6:in 'DashboardController#index'
  [1m[36mTimeRecord Count (0.9ms)[0m  [1m[34mSELECT COUNT(*) FROM "time_records" WHERE (punched_at >= '2026-07-23 00:00:00') /*action='index',application='ApiPonto',controller='dashboard'*/[0m
  ↳ app/controllers/dashboard_controller.rb:9:in 'DashboardController#index'
  [1m[36mTimeRecord Count (0.5ms)[0m  [1m[34mSELECT COUNT(*) FROM "time_records" WHERE (punched_at >= '2026-07-16 12:31:09.334570') /*action='index',application='ApiPonto',controller='dashboard'*/[0m
  ↳ app/controllers/dashboard_controller.rb:10:in 'DashboardController#index'
  [1m[36mTimeRecord Count (0.6ms)[0m  [1m[34mSELECT COUNT(*) FROM "time_records" WHERE (punched_at >= '2026-06-23 12:31:09.337504') /*action='index',application='ApiPonto',controller='dashboard'*/[0m
  ↳ app/controllers/dashboard_controller.rb:11:in 'DashboardController#index'
  Rendering layout layouts/application.html.erb
  Rendering dashboard/index.html.erb within layouts/application
  [1m[36mTimeRecord Load (0.5ms)[0m  [1m[34mSELECT "time_records".* FROM "time_records" ORDER BY "time_records"."created_at" DESC LIMIT 10 /*action='index',application='ApiPonto',controller='dashboard'*/[0m
  ↳ app/views/dashboard/index.html.erb:86
  [1m[36mUser Load (0.8ms)[0m  [1m[34mSELECT "users".* FROM "users" WHERE "users"."id" IN (1, 2) /*action='index',application='ApiPonto',controller='dashboard'*/[0m
  ↳ app/views/dashboard/index.html.erb:86
  Rendered dashboard/index.html.erb within layouts/application (Duration: 10.4ms | GC: 0.8ms)
  Rendered layout layouts/application.html.erb (Duration: 12.9ms | GC: 0.8ms)
Completed 200 OK in 42ms (Views: 12.7ms | ActiveRecord: 7.2ms (9 queries, 0 cached) | GC: 0.8ms)


Started GET "/stylesheets/application.css" for 127.0.0.1 at 2026-07-23 09:31:09 -0300
Started GET "/application.js" for 127.0.0.1 at 2026-07-23 09:31:09 -0300
  
ActionController::RoutingError (No route matches [GET] "/stylesheets/application.css"):
  
Started GET "/turbo.min.js" for 127.0.0.1 at 2026-07-23 09:31:09 -0300
Started GET "/controllers/application.js" for 127.0.0.1 at 2026-07-23 09:31:09 -0300
  
ActionController::RoutingError (No route matches [GET] "/application.js"):
  
Started GET "/stimulus-loading.js" for 127.0.0.1 at 2026-07-23 09:31:09 -0300
  
ActionController::RoutingError (No route matches [GET] "/controllers/application.js"):
  
  
ActionController::RoutingError (No route matches [GET] "/turbo.min.js"):
  
Started GET "/stimulus.min.js" for 127.0.0.1 at 2026-07-23 09:31:09 -0300
Started GET "/controllers/hello_controller.js" for 127.0.0.1 at 2026-07-23 09:31:09 -0300
  
ActionController::RoutingError (No route matches [GET] "/controllers/hello_controller.js"):
  
  
ActionController::RoutingError (No route matches [GET] "/stimulus-loading.js"):
  
Started GET "/controllers/index.js" for 127.0.0.1 at 2026-07-23 09:31:09 -0300
Started GET "/controllers/username_preview_controller.js" for 127.0.0.1 at 2026-07-23 09:31:09 -0300
  
ActionController::RoutingError (No route matches [GET] "/stimulus.min.js"):
  
  
ActionController::RoutingError (No route matches [GET] "/controllers/index.js"):
  
  
ActionController::RoutingError (No route matches [GET] "/controllers/username_preview_controller.js"):
  
Started GET "/users" for 127.0.0.1 at 2026-07-23 09:33:06 -0300
Processing by UsersController#index as HTML
  [1m[36mUser Load (0.7ms)[0m  [1m[34mSELECT "users".* FROM "users" WHERE "users"."id" = 3 LIMIT 1 /*action='index',application='ApiPonto',controller='users'*/[0m
  ↳ app/controllers/application_controller.rb:11:in 'ApplicationController#current_user'
  Rendering layout layouts/application.html.erb
  Rendering users/index.html.erb within layouts/application
  [1m[36mUser Load (0.6ms)[0m  [1m[34mSELECT "users".* FROM "users" ORDER BY "users"."nome_completo" ASC /*action='index',application='ApiPonto',controller='users'*/[0m
  ↳ app/views/users/index.html.erb:20
  Rendered users/index.html.erb within layouts/application (Duration: 5.9ms | GC: 0.0ms)
  Rendered layout layouts/application.html.erb (Duration: 8.1ms | GC: 0.0ms)
Completed 200 OK in 13ms (Views: 8.3ms | ActiveRecord: 1.2ms (2 queries, 0 cached) | GC: 0.0ms)


Started GET "/stylesheets/application.css" for 127.0.0.1 at 2026-07-23 09:33:06 -0300
  
ActionController::RoutingError (No route matches [GET] "/stylesheets/application.css"):
  
Started GET "/stimulus-loading.js" for 127.0.0.1 at 2026-07-23 09:33:06 -0300
Started GET "/stimulus.min.js" for 127.0.0.1 at 2026-07-23 09:33:06 -0300
Started GET "/turbo.min.js" for 127.0.0.1 at 2026-07-23 09:33:06 -0300
  
ActionController::RoutingError (No route matches [GET] "/stimulus.min.js"):
  
Started GET "/application.js" for 127.0.0.1 at 2026-07-23 09:33:06 -0300
  
ActionController::RoutingError (No route matches [GET] "/turbo.min.js"):
  
Started GET "/controllers/application.js" for 127.0.0.1 at 2026-07-23 09:33:06 -0300
  
ActionController::RoutingError (No route matches [GET] "/stimulus-loading.js"):
  
Started GET "/controllers/hello_controller.js" for 127.0.0.1 at 2026-07-23 09:33:06 -0300
  
ActionController::RoutingError (No route matches [GET] "/application.js"):
  
Started GET "/controllers/index.js" for 127.0.0.1 at 2026-07-23 09:33:06 -0300
  
ActionController::RoutingError (No route matches [GET] "/controllers/application.js"):
  
  
ActionController::RoutingError (No route matches [GET] "/controllers/hello_controller.js"):
  
Started GET "/controllers/username_preview_controller.js" for 127.0.0.1 at 2026-07-23 09:33:06 -0300
  
ActionController::RoutingError (No route matches [GET] "/controllers/index.js"):
  
  
ActionController::RoutingError (No route matches [GET] "/controllers/username_preview_controller.js"):
  
Started GET "/users/5/edit" for 127.0.0.1 at 2026-07-23 09:33:23 -0300
Processing by UsersController#edit as HTML
  Parameters: {"id" => "5"}
  [1m[36mUser Load (0.5ms)[0m  [1m[34mSELECT "users".* FROM "users" WHERE "users"."id" = 3 LIMIT 1 /*action='edit',application='ApiPonto',controller='users'*/[0m
  ↳ app/controllers/application_controller.rb:11:in 'ApplicationController#current_user'
  [1m[36mUser Load (0.4ms)[0m  [1m[34mSELECT "users".* FROM "users" WHERE "users"."id" = 5 LIMIT 1 /*action='edit',application='ApiPonto',controller='users'*/[0m
  ↳ app/controllers/users_controller.rb:40:in 'UsersController#set_user'
  Rendering layout layouts/application.html.erb
  Rendering users/edit.html.erb within layouts/application
  Rendered users/edit.html.erb within layouts/application (Duration: 4.1ms | GC: 0.0ms)
  Rendered layout layouts/application.html.erb (Duration: 6.1ms | GC: 0.0ms)
Completed 200 OK in 14ms (Views: 6.8ms | ActiveRecord: 0.9ms (2 queries, 0 cached) | GC: 0.0ms)


Started GET "/stylesheets/application.css" for 127.0.0.1 at 2026-07-23 09:33:23 -0300
Started GET "/controllers/application.js" for 127.0.0.1 at 2026-07-23 09:33:23 -0300
Started GET "/stimulus-loading.js" for 127.0.0.1 at 2026-07-23 09:33:23 -0300
  
ActionController::RoutingError (No route matches [GET] "/stylesheets/application.css"):
  
  
ActionController::RoutingError (No route matches [GET] "/stimulus-loading.js"):
  
Started GET "/stimulus.min.js" for 127.0.0.1 at 2026-07-23 09:33:23 -0300
Started GET "/turbo.min.js" for 127.0.0.1 at 2026-07-23 09:33:23 -0300
  
ActionController::RoutingError (No route matches [GET] "/controllers/application.js"):
  
Started GET "/application.js" for 127.0.0.1 at 2026-07-23 09:33:23 -0300
  
ActionController::RoutingError (No route matches [GET] "/stimulus.min.js"):
  
Started GET "/controllers/hello_controller.js" for 127.0.0.1 at 2026-07-23 09:33:23 -0300
  
ActionController::RoutingError (No route matches [GET] "/turbo.min.js"):
  
Started GET "/controllers/index.js" for 127.0.0.1 at 2026-07-23 09:33:23 -0300
  
ActionController::RoutingError (No route matches [GET] "/controllers/index.js"):
  
Started GET "/controllers/username_preview_controller.js" for 127.0.0.1 at 2026-07-23 09:33:23 -0300
  
ActionController::RoutingError (No route matches [GET] "/controllers/hello_controller.js"):
  
  
ActionController::RoutingError (No route matches [GET] "/application.js"):
  
  
ActionController::RoutingError (No route matches [GET] "/controllers/username_preview_controller.js"):
  
Started GET "/users" for 127.0.0.1 at 2026-07-23 09:33:29 -0300
Processing by UsersController#index as HTML
  [1m[36mUser Load (0.8ms)[0m  [1m[34mSELECT "users".* FROM "users" WHERE "users"."id" = 3 LIMIT 1 /*action='index',application='ApiPonto',controller='users'*/[0m
  ↳ app/controllers/application_controller.rb:11:in 'ApplicationController#current_user'
  Rendering layout layouts/application.html.erb
  Rendering users/index.html.erb within layouts/application
  [1m[36mUser Load (1.1ms)[0m  [1m[34mSELECT "users".* FROM "users" ORDER BY "users"."nome_completo" ASC /*action='index',application='ApiPonto',controller='users'*/[0m
  ↳ app/views/users/index.html.erb:20
  Rendered users/index.html.erb within layouts/application (Duration: 8.6ms | GC: 0.0ms)
  Rendered layout layouts/application.html.erb (Duration: 11.9ms | GC: 1.1ms)
Completed 200 OK in 18ms (Views: 11.7ms | ActiveRecord: 1.8ms (2 queries, 0 cached) | GC: 1.1ms)


Started GET "/stylesheets/application.css" for 127.0.0.1 at 2026-07-23 09:33:29 -0300
  
ActionController::RoutingError (No route matches [GET] "/stylesheets/application.css"):
  
Started GET "/stimulus-loading.js" for 127.0.0.1 at 2026-07-23 09:33:29 -0300
Started GET "/stimulus.min.js" for 127.0.0.1 at 2026-07-23 09:33:29 -0300
Started GET "/turbo.min.js" for 127.0.0.1 at 2026-07-23 09:33:29 -0300
  
ActionController::RoutingError (No route matches [GET] "/stimulus.min.js"):
  
  
ActionController::RoutingError (No route matches [GET] "/stimulus-loading.js"):
  
Started GET "/application.js" for 127.0.0.1 at 2026-07-23 09:33:29 -0300
  
ActionController::RoutingError (No route matches [GET] "/turbo.min.js"):
  
Started GET "/controllers/application.js" for 127.0.0.1 at 2026-07-23 09:33:29 -0300
Started GET "/controllers/hello_controller.js" for 127.0.0.1 at 2026-07-23 09:33:29 -0300
  
ActionController::RoutingError (No route matches [GET] "/controllers/hello_controller.js"):
  
Started GET "/controllers/index.js" for 127.0.0.1 at 2026-07-23 09:33:29 -0300
  
ActionController::RoutingError (No route matches [GET] "/application.js"):
  
Started GET "/controllers/username_preview_controller.js" for 127.0.0.1 at 2026-07-23 09:33:29 -0300
  
ActionController::RoutingError (No route matches [GET] "/controllers/application.js"):
  
  
ActionController::RoutingError (No route matches [GET] "/controllers/username_preview_controller.js"):
  
  
ActionController::RoutingError (No route matches [GET] "/controllers/index.js"):
  
Started DELETE "/logout" for 127.0.0.1 at 2026-07-23 09:34:07 -0300
Processing by SessionsController#destroy as HTML
  Parameters: {"authenticity_token" => "[FILTERED]"}
  [1m[36mUser Load (0.9ms)[0m  [1m[34mSELECT "users".* FROM "users" WHERE "users"."id" = 3 LIMIT 1 /*action='destroy',application='ApiPonto',controller='sessions'*/[0m
  ↳ app/controllers/application_controller.rb:11:in 'ApplicationController#current_user'
Redirected to http://localhost:3000/login
Completed 302 Found in 7ms (ActiveRecord: 0.9ms (1 query, 0 cached) | GC: 0.0ms)


Started GET "/login" for 127.0.0.1 at 2026-07-23 09:34:07 -0300
Processing by SessionsController#new as HTML
  Rendering layout layouts/login.html.erb
  Rendering sessions/new.html.erb within layouts/login
  Rendered sessions/new.html.erb within layouts/login (Duration: 1.4ms | GC: 0.0ms)
  Rendered layout layouts/login.html.erb (Duration: 2.5ms | GC: 0.0ms)
Completed 200 OK in 5ms (Views: 3.8ms | ActiveRecord: 0.0ms (0 queries, 0 cached) | GC: 0.0ms)


Started GET "/presenca/CarregaRelogioAtual" for 172.19.0.2 at 2026-07-23 09:35:00 -0300
  [1m[36mActiveRecord::SchemaMigration Load (0.7ms)[0m  [1m[34mSELECT "schema_migrations"."version" FROM "schema_migrations" ORDER BY "schema_migrations"."version" ASC /*application='ApiPonto'*/[0m
Processing by Presenca::CarregaRelogioAtualController#show as HTML
Completed 200 OK in 6ms (Views: 0.3ms | ActiveRecord: 0.0ms (0 queries, 0 cached) | GC: 0.0ms)


Started GET "/presenca/IniciarPonto" for 172.19.0.2 at 2026-07-23 09:35:00 -0300
Processing by Presenca::IniciarPontoController#show as HTML
Completed 200 OK in 1ms (Views: 0.2ms | ActiveRecord: 0.0ms (0 queries, 0 cached) | GC: 0.0ms)


Started GET "/presenca/InicializarPonto?codigoAtivacao=SistemaOperacionalNaoSuportado&codigoUnicoMaquina=" for 172.19.0.2 at 2026-07-23 09:35:00 -0300
Processing by Presenca::InicializarPontoController#show as HTML
  Parameters: {"codigoAtivacao" => "SistemaOperacionalNaoSuportado", "codigoUnicoMaquina" => ""}
Completed 200 OK in 1ms (Views: 0.2ms | ActiveRecord: 0.0ms (0 queries, 0 cached) | GC: 0.0ms)


Started GET "/presenca/PontoDePresenca" for 172.19.0.2 at 2026-07-23 09:35:00 -0300
Processing by Presenca::PontoDePresencaController#show as HTML
Completed 200 OK in 3ms (Views: 0.2ms | ActiveRecord: 0.0ms (0 queries, 0 cached) | GC: 0.0ms)


Started POST "/login" for 127.0.0.1 at 2026-07-23 09:35:46 -0300
Processing by SessionsController#create as HTML
  Parameters: {"authenticity_token" => "[FILTERED]", "username" => "admin.admin", "password" => "[FILTERED]", "commit" => "Entrar"}
  [1m[36mUser Load (0.7ms)[0m  [1m[34mSELECT "users".* FROM "users" WHERE "users"."username" = 'admin.admin' LIMIT 1 /*action='create',application='ApiPonto',controller='sessions'*/[0m
  ↳ app/controllers/sessions_controller.rb:14:in 'SessionsController#create'
Redirected to http://localhost:3000/dashboard
Completed 302 Found in 358ms (ActiveRecord: 14.5ms (1 query, 0 cached) | GC: 0.0ms)


Started GET "/dashboard" for 127.0.0.1 at 2026-07-23 09:35:47 -0300
Processing by DashboardController#index as HTML
  [1m[36mUser Load (0.5ms)[0m  [1m[34mSELECT "users".* FROM "users" WHERE "users"."id" = 3 LIMIT 1 /*action='index',application='ApiPonto',controller='dashboard'*/[0m
  ↳ app/controllers/application_controller.rb:11:in 'ApplicationController#current_user'
  [1m[36mUser Count (0.4ms)[0m  [1m[34mSELECT COUNT(*) FROM "users" /*action='index',application='ApiPonto',controller='dashboard'*/[0m
  ↳ app/controllers/dashboard_controller.rb:3:in 'DashboardController#index'
  [1m[36mUser Count (0.4ms)[0m  [1m[34mSELECT COUNT(*) FROM "users" WHERE "users"."status" = 1 /*action='index',application='ApiPonto',controller='dashboard'*/[0m
  ↳ app/controllers/dashboard_controller.rb:4:in 'DashboardController#index'
  [1m[36mUser Count (0.4ms)[0m  [1m[34mSELECT COUNT(*) FROM "users" WHERE "users"."digitais_hash" IS NOT NULL /*action='index',application='ApiPonto',controller='dashboard'*/[0m
  ↳ app/controllers/dashboard_controller.rb:6:in 'DashboardController#index'
  [1m[36mTimeRecord Count (0.9ms)[0m  [1m[34mSELECT COUNT(*) FROM "time_records" WHERE (punched_at >= '2026-07-23 00:00:00') /*action='index',application='ApiPonto',controller='dashboard'*/[0m
  ↳ app/controllers/dashboard_controller.rb:9:in 'DashboardController#index'
  [1m[36mTimeRecord Count (0.3ms)[0m  [1m[34mSELECT COUNT(*) FROM "time_records" WHERE (punched_at >= '2026-07-16 12:35:47.075704') /*action='index',application='ApiPonto',controller='dashboard'*/[0m
  ↳ app/controllers/dashboard_controller.rb:10:in 'DashboardController#index'
  [1m[36mTimeRecord Count (0.3ms)[0m  [1m[34mSELECT COUNT(*) FROM "time_records" WHERE (punched_at >= '2026-06-23 12:35:47.077848') /*action='index',application='ApiPonto',controller='dashboard'*/[0m
  ↳ app/controllers/dashboard_controller.rb:11:in 'DashboardController#index'
  Rendering layout layouts/application.html.erb
  Rendering dashboard/index.html.erb within layouts/application
  [1m[36mTimeRecord Load (0.7ms)[0m  [1m[34mSELECT "time_records".* FROM "time_records" ORDER BY "time_records"."created_at" DESC LIMIT 10 /*action='index',application='ApiPonto',controller='dashboard'*/[0m
  ↳ app/views/dashboard/index.html.erb:86
  [1m[36mUser Load (0.5ms)[0m  [1m[34mSELECT "users".* FROM "users" WHERE "users"."id" IN (1, 2) /*action='index',application='ApiPonto',controller='dashboard'*/[0m
  ↳ app/views/dashboard/index.html.erb:86
  Rendered dashboard/index.html.erb within layouts/application (Duration: 21.3ms | GC: 0.0ms)
  Rendered layout layouts/application.html.erb (Duration: 27.3ms | GC: 0.0ms)
Completed 200 OK in 62ms (Views: 27.1ms | ActiveRecord: 7.9ms (9 queries, 0 cached) | GC: 0.0ms)


Started GET "/stylesheets/application.css" for 127.0.0.1 at 2026-07-23 09:35:47 -0300
Started GET "/application.js" for 127.0.0.1 at 2026-07-23 09:35:47 -0300
Started GET "/turbo.min.js" for 127.0.0.1 at 2026-07-23 09:35:47 -0300
  
ActionController::RoutingError (No route matches [GET] "/stylesheets/application.css"):
  
Started GET "/stimulus-loading.js" for 127.0.0.1 at 2026-07-23 09:35:47 -0300
  
ActionController::RoutingError (No route matches [GET] "/application.js"):
  
Started GET "/stimulus.min.js" for 127.0.0.1 at 2026-07-23 09:35:47 -0300
  
ActionController::RoutingError (No route matches [GET] "/turbo.min.js"):
  
Started GET "/controllers/application.js" for 127.0.0.1 at 2026-07-23 09:35:47 -0300
  
ActionController::RoutingError (No route matches [GET] "/stimulus-loading.js"):
  
Started GET "/controllers/hello_controller.js" for 127.0.0.1 at 2026-07-23 09:35:47 -0300
  
ActionController::RoutingError (No route matches [GET] "/stimulus.min.js"):
  
Started GET "/controllers/index.js" for 127.0.0.1 at 2026-07-23 09:35:47 -0300
  
ActionController::RoutingError (No route matches [GET] "/controllers/application.js"):
  
Started GET "/controllers/username_preview_controller.js" for 127.0.0.1 at 2026-07-23 09:35:47 -0300
  
ActionController::RoutingError (No route matches [GET] "/controllers/hello_controller.js"):
  
  
ActionController::RoutingError (No route matches [GET] "/controllers/index.js"):
  
  
ActionController::RoutingError (No route matches [GET] "/controllers/username_preview_controller.js"):
  
Started GET "/users" for 127.0.0.1 at 2026-07-23 09:49:55 -0300
Processing by UsersController#index as HTML
  [1m[36mUser Load (13.1ms)[0m  [1m[34mSELECT "users".* FROM "users" WHERE "users"."id" = 3 LIMIT 1 /*action='index',application='ApiPonto',controller='users'*/[0m
  ↳ app/controllers/application_controller.rb:11:in 'ApplicationController#current_user'
  Rendering layout layouts/application.html.erb
  Rendering users/index.html.erb within layouts/application
  [1m[36mUser Load (0.8ms)[0m  [1m[34mSELECT "users".* FROM "users" ORDER BY "users"."nome_completo" ASC /*action='index',application='ApiPonto',controller='users'*/[0m
  ↳ app/views/users/index.html.erb:20
  Rendered users/index.html.erb within layouts/application (Duration: 32.8ms | GC: 25.2ms)
  Rendered layout layouts/application.html.erb (Duration: 34.8ms | GC: 25.2ms)
Completed 200 OK in 56ms (Views: 35.1ms | ActiveRecord: 18.9ms (2 queries, 0 cached) | GC: 25.2ms)


Started GET "/stylesheets/application.css" for 127.0.0.1 at 2026-07-23 09:49:55 -0300
Started GET "/application.js" for 127.0.0.1 at 2026-07-23 09:49:55 -0300
  
ActionController::RoutingError (No route matches [GET] "/stylesheets/application.css"):
  
Started GET "/controllers/application.js" for 127.0.0.1 at 2026-07-23 09:49:55 -0300
Started GET "/stimulus-loading.js" for 127.0.0.1 at 2026-07-23 09:49:55 -0300
  
ActionController::RoutingError (No route matches [GET] "/controllers/application.js"):
  
Started GET "/stimulus.min.js" for 127.0.0.1 at 2026-07-23 09:49:55 -0300
  
ActionController::RoutingError (No route matches [GET] "/stimulus-loading.js"):
  
Started GET "/turbo.min.js" for 127.0.0.1 at 2026-07-23 09:49:55 -0300
  
ActionController::RoutingError (No route matches [GET] "/application.js"):
  
Started GET "/controllers/hello_controller.js" for 127.0.0.1 at 2026-07-23 09:49:55 -0300
  
ActionController::RoutingError (No route matches [GET] "/stimulus.min.js"):
  
Started GET "/controllers/index.js" for 127.0.0.1 at 2026-07-23 09:49:55 -0300
  
ActionController::RoutingError (No route matches [GET] "/turbo.min.js"):
  
Started GET "/controllers/username_preview_controller.js" for 127.0.0.1 at 2026-07-23 09:49:55 -0300
  
ActionController::RoutingError (No route matches [GET] "/controllers/hello_controller.js"):
  
  
ActionController::RoutingError (No route matches [GET] "/controllers/index.js"):
  
  
ActionController::RoutingError (No route matches [GET] "/controllers/username_preview_controller.js"):
  
Started GET "/presenca/PontoDePresenca" for ::1 at 2026-07-23 09:51:52 -0300
  [1m[36mActiveRecord::SchemaMigration Load (0.8ms)[0m  [1m[34mSELECT "schema_migrations"."version" FROM "schema_migrations" ORDER BY "schema_migrations"."version" ASC /*application='ApiPonto'*/[0m
Processing by Presenca::PontoDePresencaController#show as */*
Completed 200 OK in 8ms (Views: 0.3ms | ActiveRecord: 0.0ms (0 queries, 0 cached) | GC: 0.0ms)


Started GET "/presenca/CarregaRelogioAtual" for ::1 at 2026-07-23 09:51:52 -0300
Processing by Presenca::CarregaRelogioAtualController#show as */*
Completed 200 OK in 1ms (Views: 0.2ms | ActiveRecord: 0.0ms (0 queries, 0 cached) | GC: 0.0ms)


Started GET "/presenca/CarregaRelogioAtual" for 172.19.0.2 at 2026-07-23 09:53:27 -0300
  [1m[36mActiveRecord::SchemaMigration Load (0.8ms)[0m  [1m[34mSELECT "schema_migrations"."version" FROM "schema_migrations" ORDER BY "schema_migrations"."version" ASC /*application='ApiPonto'*/[0m
Processing by Presenca::CarregaRelogioAtualController#show as HTML
Completed 200 OK in 6ms (Views: 0.3ms | ActiveRecord: 0.0ms (0 queries, 0 cached) | GC: 0.0ms)


Started GET "/presenca/IniciarPonto" for 172.19.0.2 at 2026-07-23 09:53:27 -0300
Processing by Presenca::IniciarPontoController#show as HTML
Completed 200 OK in 0ms (Views: 0.1ms | ActiveRecord: 0.0ms (0 queries, 0 cached) | GC: 0.0ms)


Started GET "/presenca/InicializarPonto?codigoAtivacao=SistemaOperacionalNaoSuportado&codigoUnicoMaquina=" for 172.19.0.2 at 2026-07-23 09:53:27 -0300
Processing by Presenca::InicializarPontoController#show as HTML
  Parameters: {"codigoAtivacao" => "SistemaOperacionalNaoSuportado", "codigoUnicoMaquina" => ""}
Completed 200 OK in 1ms (Views: 0.2ms | ActiveRecord: 0.0ms (0 queries, 0 cached) | GC: 0.0ms)


Started GET "/presenca/PontoDePresenca" for 172.19.0.2 at 2026-07-23 09:53:27 -0300
Processing by Presenca::PontoDePresencaController#show as HTML
Completed 200 OK in 2ms (Views: 0.2ms | ActiveRecord: 0.0ms (0 queries, 0 cached) | GC: 0.0ms)


Started GET "/users/5/edit" for 127.0.0.1 at 2026-07-23 09:53:52 -0300
Processing by UsersController#edit as HTML
  Parameters: {"id" => "5"}
  [1m[36mUser Load (0.7ms)[0m  [1m[34mSELECT "users".* FROM "users" WHERE "users"."id" = 3 LIMIT 1 /*action='edit',application='ApiPonto',controller='users'*/[0m
  ↳ app/controllers/application_controller.rb:11:in 'ApplicationController#current_user'
  [1m[36mUser Load (0.4ms)[0m  [1m[34mSELECT "users".* FROM "users" WHERE "users"."id" = 5 LIMIT 1 /*action='edit',application='ApiPonto',controller='users'*/[0m
  ↳ app/controllers/users_controller.rb:40:in 'UsersController#set_user'
  Rendering layout layouts/application.html.erb
  Rendering users/edit.html.erb within layouts/application
  Rendered users/edit.html.erb within layouts/application (Duration: 9.6ms | GC: 0.0ms)
  Rendered layout layouts/application.html.erb (Duration: 13.7ms | GC: 0.0ms)
Completed 200 OK in 80ms (Views: 17.6ms | ActiveRecord: 11.2ms (2 queries, 0 cached) | GC: 0.0ms)


Started GET "/stylesheets/application.css" for 127.0.0.1 at 2026-07-23 09:53:52 -0300
Started GET "/stimulus-loading.js" for 127.0.0.1 at 2026-07-23 09:53:52 -0300
Started GET "/controllers/application.js" for 127.0.0.1 at 2026-07-23 09:53:52 -0300
  
ActionController::RoutingError (No route matches [GET] "/stylesheets/application.css"):
  
Started GET "/application.js" for 127.0.0.1 at 2026-07-23 09:53:52 -0300
  
ActionController::RoutingError (No route matches [GET] "/controllers/application.js"):
  
Started GET "/stimulus.min.js" for 127.0.0.1 at 2026-07-23 09:53:52 -0300
  
ActionController::RoutingError (No route matches [GET] "/stimulus-loading.js"):
  
Started GET "/turbo.min.js" for 127.0.0.1 at 2026-07-23 09:53:52 -0300
  
ActionController::RoutingError (No route matches [GET] "/application.js"):
  
Started GET "/controllers/hello_controller.js" for 127.0.0.1 at 2026-07-23 09:53:52 -0300
  
ActionController::RoutingError (No route matches [GET] "/turbo.min.js"):
  
Started GET "/controllers/index.js" for 127.0.0.1 at 2026-07-23 09:53:52 -0300
  
ActionController::RoutingError (No route matches [GET] "/controllers/hello_controller.js"):
  
Started GET "/controllers/username_preview_controller.js" for 127.0.0.1 at 2026-07-23 09:53:52 -0300
  
ActionController::RoutingError (No route matches [GET] "/stimulus.min.js"):
  
  
ActionController::RoutingError (No route matches [GET] "/controllers/index.js"):
  
  
ActionController::RoutingError (No route matches [GET] "/controllers/username_preview_controller.js"):
  
Started PATCH "/users/5" for 127.0.0.1 at 2026-07-23 09:54:04 -0300
Processing by UsersController#update as HTML
  Parameters: {"authenticity_token" => "[FILTERED]", "user" => {"nome_completo" => "Carlos Pereira", "password" => "[FILTERED]", "password_confirmation" => "[FILTERED]", "status" => "1", "digitais_hash" => ""}, "commit" => "Salvar", "id" => "5"}
  [1m[36mUser Load (0.7ms)[0m  [1m[34mSELECT "users".* FROM "users" WHERE "users"."id" = 3 LIMIT 1 /*action='update',application='ApiPonto',controller='users'*/[0m
  ↳ app/controllers/application_controller.rb:11:in 'ApplicationController#current_user'
  [1m[36mUser Load (0.4ms)[0m  [1m[34mSELECT "users".* FROM "users" WHERE "users"."id" = 5 LIMIT 1 /*action='update',application='ApiPonto',controller='users'*/[0m
  ↳ app/controllers/users_controller.rb:40:in 'UsersController#set_user'
  [1m[36mTRANSACTION (0.2ms)[0m  [1m[35mBEGIN /*action='update',application='ApiPonto',controller='users'*/[0m
  ↳ app/controllers/users_controller.rb:25:in 'UsersController#update'
  [1m[36mUser Exists? (3.0ms)[0m  [1m[34mSELECT 1 AS one FROM "users" WHERE LOWER("users"."username") = LOWER('carlos.pereira') AND "users"."id" != 5 LIMIT 1 /*action='update',application='ApiPonto',controller='users'*/[0m
  ↳ app/controllers/users_controller.rb:25:in 'UsersController#update'
  [1m[36mUser Update (0.5ms)[0m  [1m[33mUPDATE "users" SET "password_digest" = '$2a$12$0SAQl6TRYcz2JEiemBJrjO3146L7z3O6C8NaHdF5wQ9V.MWu9otei', "digitais_hash" = '', "updated_at" = '2026-07-23 12:54:04.601610' WHERE "users"."id" = 5 /*action='update',application='ApiPonto',controller='users'*/[0m
  ↳ app/controllers/users_controller.rb:25:in 'UsersController#update'
  [1m[36mTRANSACTION (6.5ms)[0m  [1m[35mCOMMIT /*action='update',application='ApiPonto',controller='users'*/[0m
  ↳ app/controllers/users_controller.rb:25:in 'UsersController#update'
Redirected to http://localhost:3000/users
Completed 302 Found in 313ms (ActiveRecord: 14.0ms (4 queries, 0 cached) | GC: 0.0ms)


Started GET "/users" for 127.0.0.1 at 2026-07-23 09:54:04 -0300
Processing by UsersController#index as HTML
  [1m[36mUser Load (0.6ms)[0m  [1m[34mSELECT "users".* FROM "users" WHERE "users"."id" = 3 LIMIT 1 /*action='index',application='ApiPonto',controller='users'*/[0m
  ↳ app/controllers/application_controller.rb:11:in 'ApplicationController#current_user'
  Rendering layout layouts/application.html.erb
  Rendering users/index.html.erb within layouts/application
  [1m[36mUser Load (0.9ms)[0m  [1m[34mSELECT "users".* FROM "users" ORDER BY "users"."nome_completo" ASC /*action='index',application='ApiPonto',controller='users'*/[0m
  ↳ app/views/users/index.html.erb:20
  Rendered users/index.html.erb within layouts/application (Duration: 5.8ms | GC: 0.0ms)
  Rendered layout layouts/application.html.erb (Duration: 7.0ms | GC: 0.0ms)
Completed 200 OK in 11ms (Views: 6.7ms | ActiveRecord: 1.3ms (2 queries, 0 cached) | GC: 0.0ms)


Started GET "/stylesheets/application.css" for 127.0.0.1 at 2026-07-23 09:54:04 -0300
Started GET "/controllers/application.js" for 127.0.0.1 at 2026-07-23 09:54:04 -0300
Started GET "/stimulus-loading.js" for 127.0.0.1 at 2026-07-23 09:54:04 -0300
  
ActionController::RoutingError (No route matches [GET] "/stylesheets/application.css"):
  
  
ActionController::RoutingError (No route matches [GET] "/controllers/application.js"):
  
Started GET "/stimulus.min.js" for 127.0.0.1 at 2026-07-23 09:54:04 -0300
Started GET "/turbo.min.js" for 127.0.0.1 at 2026-07-23 09:54:04 -0300
  
ActionController::RoutingError (No route matches [GET] "/stimulus-loading.js"):
  
Started GET "/application.js" for 127.0.0.1 at 2026-07-23 09:54:04 -0300
  
ActionController::RoutingError (No route matches [GET] "/stimulus.min.js"):
  
Started GET "/controllers/hello_controller.js" for 127.0.0.1 at 2026-07-23 09:54:04 -0300
  
ActionController::RoutingError (No route matches [GET] "/turbo.min.js"):
  
Started GET "/controllers/index.js" for 127.0.0.1 at 2026-07-23 09:54:04 -0300
  
ActionController::RoutingError (No route matches [GET] "/application.js"):
  
Started GET "/controllers/username_preview_controller.js" for 127.0.0.1 at 2026-07-23 09:54:04 -0300
  
ActionController::RoutingError (No route matches [GET] "/controllers/index.js"):
  
  
ActionController::RoutingError (No route matches [GET] "/controllers/hello_controller.js"):
  
  
ActionController::RoutingError (No route matches [GET] "/controllers/username_preview_controller.js"):
  
Started GET "/" for 127.0.0.1 at 2026-07-23 09:54:34 -0300
Processing by DashboardController#index as HTML
  [1m[36mUser Load (1.3ms)[0m  [1m[34mSELECT "users".* FROM "users" WHERE "users"."id" = 3 LIMIT 1 /*action='index',application='ApiPonto',controller='dashboard'*/[0m
  ↳ app/controllers/application_controller.rb:11:in 'ApplicationController#current_user'
  [1m[36mUser Count (0.9ms)[0m  [1m[34mSELECT COUNT(*) FROM "users" /*action='index',application='ApiPonto',controller='dashboard'*/[0m
  ↳ app/controllers/dashboard_controller.rb:3:in 'DashboardController#index'
  [1m[36mUser Count (0.7ms)[0m  [1m[34mSELECT COUNT(*) FROM "users" WHERE "users"."status" = 1 /*action='index',application='ApiPonto',controller='dashboard'*/[0m
  ↳ app/controllers/dashboard_controller.rb:4:in 'DashboardController#index'
  [1m[36mUser Count (0.6ms)[0m  [1m[34mSELECT COUNT(*) FROM "users" WHERE "users"."digitais_hash" IS NOT NULL /*action='index',application='ApiPonto',controller='dashboard'*/[0m
  ↳ app/controllers/dashboard_controller.rb:6:in 'DashboardController#index'
  [1m[36mTimeRecord Count (1.3ms)[0m  [1m[34mSELECT COUNT(*) FROM "time_records" WHERE (punched_at >= '2026-07-23 00:00:00') /*action='index',application='ApiPonto',controller='dashboard'*/[0m
  ↳ app/controllers/dashboard_controller.rb:9:in 'DashboardController#index'
  [1m[36mTimeRecord Count (0.8ms)[0m  [1m[34mSELECT COUNT(*) FROM "time_records" WHERE (punched_at >= '2026-07-16 12:54:34.360194') /*action='index',application='ApiPonto',controller='dashboard'*/[0m
  ↳ app/controllers/dashboard_controller.rb:10:in 'DashboardController#index'
  [1m[36mTimeRecord Count (0.6ms)[0m  [1m[34mSELECT COUNT(*) FROM "time_records" WHERE (punched_at >= '2026-06-23 12:54:34.363604') /*action='index',application='ApiPonto',controller='dashboard'*/[0m
  ↳ app/controllers/dashboard_controller.rb:11:in 'DashboardController#index'
  Rendering layout layouts/application.html.erb
  Rendering dashboard/index.html.erb within layouts/application
  [1m[36mTimeRecord Load (0.9ms)[0m  [1m[34mSELECT "time_records".* FROM "time_records" ORDER BY "time_records"."created_at" DESC LIMIT 10 /*action='index',application='ApiPonto',controller='dashboard'*/[0m
  ↳ app/views/dashboard/index.html.erb:86
  [1m[36mUser Load (0.5ms)[0m  [1m[34mSELECT "users".* FROM "users" WHERE "users"."id" IN (1, 2) /*action='index',application='ApiPonto',controller='dashboard'*/[0m
  ↳ app/views/dashboard/index.html.erb:86
  Rendered dashboard/index.html.erb within layouts/application (Duration: 20.2ms | GC: 0.1ms)
  Rendered layout layouts/application.html.erb (Duration: 21.8ms | GC: 0.1ms)
Completed 200 OK in 58ms (Views: 18.1ms | ActiveRecord: 12.3ms (9 queries, 0 cached) | GC: 2.0ms)


Started GET "/stylesheets/application.css" for 127.0.0.1 at 2026-07-23 09:54:34 -0300
  
ActionController::RoutingError (No route matches [GET] "/stylesheets/application.css"):
  
Started GET "/application.js" for 127.0.0.1 at 2026-07-23 09:54:34 -0300
Started GET "/controllers/application.js" for 127.0.0.1 at 2026-07-23 09:54:34 -0300
Started GET "/stimulus-loading.js" for 127.0.0.1 at 2026-07-23 09:54:34 -0300
  
ActionController::RoutingError (No route matches [GET] "/stimulus-loading.js"):
  
Started GET "/stimulus.min.js" for 127.0.0.1 at 2026-07-23 09:54:34 -0300
  
ActionController::RoutingError (No route matches [GET] "/controllers/application.js"):
  
Started GET "/turbo.min.js" for 127.0.0.1 at 2026-07-23 09:54:34 -0300
  
ActionController::RoutingError (No route matches [GET] "/application.js"):
  
Started GET "/controllers/hello_controller.js" for 127.0.0.1 at 2026-07-23 09:54:34 -0300
  
ActionController::RoutingError (No route matches [GET] "/turbo.min.js"):
  
  
ActionController::RoutingError (No route matches [GET] "/stimulus.min.js"):
  
Started GET "/controllers/index.js" for 127.0.0.1 at 2026-07-23 09:54:34 -0300
Started GET "/controllers/username_preview_controller.js" for 127.0.0.1 at 2026-07-23 09:54:34 -0300
  
ActionController::RoutingError (No route matches [GET] "/controllers/hello_controller.js"):
  
  
ActionController::RoutingError (No route matches [GET] "/controllers/index.js"):
  
  
ActionController::RoutingError (No route matches [GET] "/controllers/username_preview_controller.js"):
  
Started GET "/presenca/PontoDePresenca" for ::1 at 2026-07-23 10:03:47 -0300
  [1m[36mActiveRecord::SchemaMigration Load (0.9ms)[0m  [1m[34mSELECT "schema_migrations"."version" FROM "schema_migrations" ORDER BY "schema_migrations"."version" ASC /*application='ApiPonto'*/[0m
Processing by Presenca::PontoDePresencaController#show as */*
Completed 200 OK in 8ms (Views: 0.2ms | ActiveRecord: 0.0ms (0 queries, 0 cached) | GC: 0.0ms)


Started GET "/presenca/CarregaRelogioAtual" for 172.19.0.2 at 2026-07-23 10:05:16 -0300
  [1m[36mActiveRecord::SchemaMigration Load (0.9ms)[0m  [1m[34mSELECT "schema_migrations"."version" FROM "schema_migrations" ORDER BY "schema_migrations"."version" ASC /*application='ApiPonto'*/[0m
Processing by Presenca::CarregaRelogioAtualController#show as HTML
Completed 200 OK in 7ms (Views: 0.3ms | ActiveRecord: 0.0ms (0 queries, 0 cached) | GC: 0.0ms)


Started GET "/presenca/IniciarPonto" for 172.19.0.2 at 2026-07-23 10:05:16 -0300
Processing by Presenca::IniciarPontoController#show as HTML
Completed 200 OK in 0ms (Views: 0.2ms | ActiveRecord: 0.0ms (0 queries, 0 cached) | GC: 0.0ms)


Started GET "/presenca/InicializarPonto?codigoAtivacao=SistemaOperacionalNaoSuportado&codigoUnicoMaquina=" for 172.19.0.2 at 2026-07-23 10:05:16 -0300
Processing by Presenca::InicializarPontoController#show as HTML
  Parameters: {"codigoAtivacao" => "SistemaOperacionalNaoSuportado", "codigoUnicoMaquina" => ""}
Completed 200 OK in 1ms (Views: 0.3ms | ActiveRecord: 0.0ms (0 queries, 0 cached) | GC: 0.0ms)


Started GET "/presenca/PontoDePresenca" for 172.19.0.2 at 2026-07-23 10:05:16 -0300
Processing by Presenca::PontoDePresencaController#show as HTML
Completed 200 OK in 2ms (Views: 0.2ms | ActiveRecord: 0.0ms (0 queries, 0 cached) | GC: 0.0ms)


Started GET "/users" for 127.0.0.1 at 2026-07-23 10:05:49 -0300
Processing by UsersController#index as HTML
  [1m[36mUser Load (0.9ms)[0m  [1m[34mSELECT "users".* FROM "users" WHERE "users"."id" = 3 LIMIT 1 /*action='index',application='ApiPonto',controller='users'*/[0m
  ↳ app/controllers/application_controller.rb:11:in 'ApplicationController#current_user'
  Rendering layout layouts/application.html.erb
  Rendering users/index.html.erb within layouts/application
  [1m[36mUser Load (2.1ms)[0m  [1m[34mSELECT "users".* FROM "users" ORDER BY "users"."nome_completo" ASC /*action='index',application='ApiPonto',controller='users'*/[0m
  ↳ app/views/users/index.html.erb:20
  Rendered users/index.html.erb within layouts/application (Duration: 10.1ms | GC: 0.0ms)
  Rendered layout layouts/application.html.erb (Duration: 15.7ms | GC: 0.0ms)
Completed 200 OK in 91ms (Views: 16.9ms | ActiveRecord: 16.1ms (2 queries, 0 cached) | GC: 0.0ms)


Started GET "/stylesheets/application.css" for 127.0.0.1 at 2026-07-23 10:05:49 -0300
  
ActionController::RoutingError (No route matches [GET] "/stylesheets/application.css"):
  
Started GET "/application.js" for 127.0.0.1 at 2026-07-23 10:05:49 -0300
Started GET "/stimulus.min.js" for 127.0.0.1 at 2026-07-23 10:05:49 -0300
Started GET "/stimulus-loading.js" for 127.0.0.1 at 2026-07-23 10:05:49 -0300
  
ActionController::RoutingError (No route matches [GET] "/stimulus.min.js"):
  
Started GET "/controllers/application.js" for 127.0.0.1 at 2026-07-23 10:05:49 -0300
  
ActionController::RoutingError (No route matches [GET] "/application.js"):
  
Started GET "/turbo.min.js" for 127.0.0.1 at 2026-07-23 10:05:49 -0300
  
ActionController::RoutingError (No route matches [GET] "/stimulus-loading.js"):
  
Started GET "/controllers/hello_controller.js" for 127.0.0.1 at 2026-07-23 10:05:49 -0300
  
ActionController::RoutingError (No route matches [GET] "/controllers/hello_controller.js"):
  
  
ActionController::RoutingError (No route matches [GET] "/turbo.min.js"):
  
Started GET "/controllers/index.js" for 127.0.0.1 at 2026-07-23 10:05:49 -0300
Started GET "/controllers/username_preview_controller.js" for 127.0.0.1 at 2026-07-23 10:05:49 -0300
  
ActionController::RoutingError (No route matches [GET] "/controllers/application.js"):
  
  
ActionController::RoutingError (No route matches [GET] "/controllers/username_preview_controller.js"):
  
  
ActionController::RoutingError (No route matches [GET] "/controllers/index.js"):
  
Started GET "/presenca/CarregaRelogioAtual" for 172.19.0.2 at 2026-07-23 10:10:49 -0300
Processing by Presenca::CarregaRelogioAtualController#show as HTML
Completed 200 OK in 1ms (Views: 0.2ms | ActiveRecord: 0.0ms (0 queries, 0 cached) | GC: 0.0ms)


Started GET "/presenca/IniciarPonto" for 172.19.0.2 at 2026-07-23 10:10:50 -0300
Processing by Presenca::IniciarPontoController#show as HTML
Completed 200 OK in 1ms (Views: 0.2ms | ActiveRecord: 0.0ms (0 queries, 0 cached) | GC: 0.0ms)


Started GET "/presenca/InicializarPonto?codigoAtivacao=SistemaOperacionalNaoSuportado&codigoUnicoMaquina=" for 172.19.0.2 at 2026-07-23 10:10:50 -0300
Processing by Presenca::InicializarPontoController#show as HTML
  Parameters: {"codigoAtivacao" => "SistemaOperacionalNaoSuportado", "codigoUnicoMaquina" => ""}
Completed 200 OK in 1ms (Views: 0.2ms | ActiveRecord: 0.0ms (0 queries, 0 cached) | GC: 0.0ms)


Started GET "/presenca/PontoDePresenca" for 172.19.0.2 at 2026-07-23 10:10:50 -0300
Processing by Presenca::PontoDePresencaController#show as HTML
Completed 200 OK in 2ms (Views: 0.2ms | ActiveRecord: 0.0ms (0 queries, 0 cached) | GC: 0.0ms)


Started GET "/users/new" for 127.0.0.1 at 2026-07-23 10:11:30 -0300
Processing by UsersController#new as HTML
  [1m[36mUser Load (0.5ms)[0m  [1m[34mSELECT "users".* FROM "users" WHERE "users"."id" = 3 LIMIT 1 /*action='new',application='ApiPonto',controller='users'*/[0m
  ↳ app/controllers/application_controller.rb:11:in 'ApplicationController#current_user'
  Rendering layout layouts/application.html.erb
  Rendering users/new.html.erb within layouts/application
  Rendered users/new.html.erb within layouts/application (Duration: 9.4ms | GC: 0.3ms)
  Rendered layout layouts/application.html.erb (Duration: 15.7ms | GC: 0.9ms)
Completed 200 OK in 42ms (Views: 17.3ms | ActiveRecord: 5.6ms (1 query, 0 cached) | GC: 2.3ms)


Started GET "/stylesheets/application.css" for 127.0.0.1 at 2026-07-23 10:11:30 -0300
Started GET "/stimulus.min.js" for 127.0.0.1 at 2026-07-23 10:11:30 -0300
Started GET "/turbo.min.js" for 127.0.0.1 at 2026-07-23 10:11:30 -0300
  
ActionController::RoutingError (No route matches [GET] "/stylesheets/application.css"):
  
  
ActionController::RoutingError (No route matches [GET] "/turbo.min.js"):
  
  
ActionController::RoutingError (No route matches [GET] "/stimulus.min.js"):
  
Started GET "/application.js" for 127.0.0.1 at 2026-07-23 10:11:31 -0300
Started GET "/stimulus-loading.js" for 127.0.0.1 at 2026-07-23 10:11:31 -0300
Started GET "/controllers/application.js" for 127.0.0.1 at 2026-07-23 10:11:31 -0300
  
ActionController::RoutingError (No route matches [GET] "/application.js"):
  
Started GET "/controllers/hello_controller.js" for 127.0.0.1 at 2026-07-23 10:11:31 -0300
  
ActionController::RoutingError (No route matches [GET] "/controllers/application.js"):
  
  
ActionController::RoutingError (No route matches [GET] "/stimulus-loading.js"):
  
Started GET "/controllers/index.js" for 127.0.0.1 at 2026-07-23 10:11:31 -0300
Started GET "/controllers/username_preview_controller.js" for 127.0.0.1 at 2026-07-23 10:11:31 -0300
  
ActionController::RoutingError (No route matches [GET] "/controllers/hello_controller.js"):
  
  
ActionController::RoutingError (No route matches [GET] "/controllers/index.js"):
  
  
ActionController::RoutingError (No route matches [GET] "/controllers/username_preview_controller.js"):
  
Started GET "/" for 127.0.0.1 at 2026-07-23 10:11:32 -0300
Processing by DashboardController#index as HTML
  [1m[36mUser Load (0.6ms)[0m  [1m[34mSELECT "users".* FROM "users" WHERE "users"."id" = 3 LIMIT 1 /*action='index',application='ApiPonto',controller='dashboard'*/[0m
  ↳ app/controllers/application_controller.rb:11:in 'ApplicationController#current_user'
  [1m[36mUser Count (0.5ms)[0m  [1m[34mSELECT COUNT(*) FROM "users" /*action='index',application='ApiPonto',controller='dashboard'*/[0m
  ↳ app/controllers/dashboard_controller.rb:3:in 'DashboardController#index'
  [1m[36mUser Count (0.6ms)[0m  [1m[34mSELECT COUNT(*) FROM "users" WHERE "users"."status" = 1 /*action='index',application='ApiPonto',controller='dashboard'*/[0m
  ↳ app/controllers/dashboard_controller.rb:4:in 'DashboardController#index'
  [1m[36mUser Count (1.0ms)[0m  [1m[34mSELECT COUNT(*) FROM "users" WHERE "users"."digitais_hash" IS NOT NULL /*action='index',application='ApiPonto',controller='dashboard'*/[0m
  ↳ app/controllers/dashboard_controller.rb:6:in 'DashboardController#index'
  [1m[36mTimeRecord Count (0.8ms)[0m  [1m[34mSELECT COUNT(*) FROM "time_records" WHERE (punched_at >= '2026-07-23 00:00:00') /*action='index',application='ApiPonto',controller='dashboard'*/[0m
  ↳ app/controllers/dashboard_controller.rb:9:in 'DashboardController#index'
  [1m[36mTimeRecord Count (0.3ms)[0m  [1m[34mSELECT COUNT(*) FROM "time_records" WHERE (punched_at >= '2026-07-16 13:11:32.684240') /*action='index',application='ApiPonto',controller='dashboard'*/[0m
  ↳ app/controllers/dashboard_controller.rb:10:in 'DashboardController#index'
  [1m[36mTimeRecord Count (0.3ms)[0m  [1m[34mSELECT COUNT(*) FROM "time_records" WHERE (punched_at >= '2026-06-23 13:11:32.686311') /*action='index',application='ApiPonto',controller='dashboard'*/[0m
  ↳ app/controllers/dashboard_controller.rb:11:in 'DashboardController#index'
  Rendering layout layouts/application.html.erb
  Rendering dashboard/index.html.erb within layouts/application
  [1m[36mTimeRecord Load (0.7ms)[0m  [1m[34mSELECT "time_records".* FROM "time_records" ORDER BY "time_records"."created_at" DESC LIMIT 10 /*action='index',application='ApiPonto',controller='dashboard'*/[0m
  ↳ app/views/dashboard/index.html.erb:86
  [1m[36mUser Load (0.7ms)[0m  [1m[34mSELECT "users".* FROM "users" WHERE "users"."id" IN (1, 2) /*action='index',application='ApiPonto',controller='dashboard'*/[0m
  ↳ app/views/dashboard/index.html.erb:86
  Rendered dashboard/index.html.erb within layouts/application (Duration: 20.9ms | GC: 0.2ms)
  Rendered layout layouts/application.html.erb (Duration: 22.5ms | GC: 0.2ms)
Completed 200 OK in 53ms (Views: 19.9ms | ActiveRecord: 8.9ms (9 queries, 0 cached) | GC: 0.7ms)


Started GET "/stylesheets/application.css" for 127.0.0.1 at 2026-07-23 10:11:32 -0300
Started GET "/stimulus-loading.js" for 127.0.0.1 at 2026-07-23 10:11:32 -0300
Started GET "/controllers/application.js" for 127.0.0.1 at 2026-07-23 10:11:32 -0300
  
ActionController::RoutingError (No route matches [GET] "/stylesheets/application.css"):
  
Started GET "/stimulus.min.js" for 127.0.0.1 at 2026-07-23 10:11:32 -0300
  
ActionController::RoutingError (No route matches [GET] "/controllers/application.js"):
  
Started GET "/turbo.min.js" for 127.0.0.1 at 2026-07-23 10:11:32 -0300
  
ActionController::RoutingError (No route matches [GET] "/stimulus-loading.js"):
  
  
ActionController::RoutingError (No route matches [GET] "/turbo.min.js"):
  
Started GET "/application.js" for 127.0.0.1 at 2026-07-23 10:11:32 -0300
Started GET "/controllers/hello_controller.js" for 127.0.0.1 at 2026-07-23 10:11:32 -0300
  
ActionController::RoutingError (No route matches [GET] "/stimulus.min.js"):
  
Started GET "/controllers/index.js" for 127.0.0.1 at 2026-07-23 10:11:32 -0300
  
ActionController::RoutingError (No route matches [GET] "/controllers/hello_controller.js"):
  
Started GET "/controllers/username_preview_controller.js" for 127.0.0.1 at 2026-07-23 10:11:32 -0300
  
ActionController::RoutingError (No route matches [GET] "/application.js"):
  
  
ActionController::RoutingError (No route matches [GET] "/controllers/index.js"):
  
  
ActionController::RoutingError (No route matches [GET] "/controllers/username_preview_controller.js"):
  
Started GET "/time_records" for 127.0.0.1 at 2026-07-23 10:11:37 -0300
Processing by TimeRecordsController#index as HTML
  [1m[36mUser Load (1.1ms)[0m  [1m[34mSELECT "users".* FROM "users" WHERE "users"."id" = 3 LIMIT 1 /*action='index',application='ApiPonto',controller='time_records'*/[0m
  ↳ app/controllers/application_controller.rb:11:in 'ApplicationController#current_user'
  [1m[36mTimeRecord Count (0.3ms)[0m  [1m[34mSELECT COUNT(*) FROM "time_records" /*action='index',application='ApiPonto',controller='time_records'*/[0m
  ↳ app/controllers/time_records_controller.rb:21:in 'TimeRecordsController#index'
  Rendering layout layouts/application.html.erb
  Rendering time_records/index.html.erb within layouts/application
  [1m[36mUser Load (0.5ms)[0m  [1m[34mSELECT "users".* FROM "users" ORDER BY "users"."nome_completo" ASC /*action='index',application='ApiPonto',controller='time_records'*/[0m
  ↳ app/views/time_records/index.html.erb:19
  [1m[36mTimeRecord Load (1.1ms)[0m  [1m[34mSELECT "time_records".* FROM "time_records" ORDER BY "time_records"."punched_at" DESC LIMIT 50 /*action='index',application='ApiPonto',controller='time_records'*/[0m
  ↳ app/views/time_records/index.html.erb:44
  [1m[36mUser Load (0.6ms)[0m  [1m[34mSELECT "users".* FROM "users" WHERE "users"."id" IN (2, 1) /*action='index',application='ApiPonto',controller='time_records'*/[0m
  ↳ app/views/time_records/index.html.erb:44
  Rendered time_records/index.html.erb within layouts/application (Duration: 17.5ms | GC: 0.4ms)
  Rendered layout layouts/application.html.erb (Duration: 20.1ms | GC: 0.4ms)
Completed 200 OK in 30ms (Views: 19.4ms | ActiveRecord: 3.6ms (5 queries, 0 cached) | GC: 0.6ms)


Started GET "/stylesheets/application.css" for 127.0.0.1 at 2026-07-23 10:11:37 -0300
  
ActionController::RoutingError (No route matches [GET] "/stylesheets/application.css"):
  
Started GET "/application.js" for 127.0.0.1 at 2026-07-23 10:11:37 -0300
Started GET "/turbo.min.js" for 127.0.0.1 at 2026-07-23 10:11:37 -0300
Started GET "/stimulus-loading.js" for 127.0.0.1 at 2026-07-23 10:11:37 -0300
  
ActionController::RoutingError (No route matches [GET] "/application.js"):
  
Started GET "/stimulus.min.js" for 127.0.0.1 at 2026-07-23 10:11:37 -0300
  
ActionController::RoutingError (No route matches [GET] "/turbo.min.js"):
  
Started GET "/controllers/application.js" for 127.0.0.1 at 2026-07-23 10:11:37 -0300
  
ActionController::RoutingError (No route matches [GET] "/stimulus.min.js"):
  
  
ActionController::RoutingError (No route matches [GET] "/controllers/application.js"):
  
Started GET "/controllers/hello_controller.js" for 127.0.0.1 at 2026-07-23 10:11:37 -0300
Started GET "/controllers/index.js" for 127.0.0.1 at 2026-07-23 10:11:37 -0300
  
ActionController::RoutingError (No route matches [GET] "/stimulus-loading.js"):
  
Started GET "/controllers/username_preview_controller.js" for 127.0.0.1 at 2026-07-23 10:11:37 -0300
  
ActionController::RoutingError (No route matches [GET] "/controllers/index.js"):
  
  
ActionController::RoutingError (No route matches [GET] "/controllers/hello_controller.js"):
  
  
ActionController::RoutingError (No route matches [GET] "/controllers/username_preview_controller.js"):
  
Started GET "/presenca/CarregaRelogioAtual" for 172.19.0.2 at 2026-07-23 10:14:56 -0300
  [1m[36mActiveRecord::SchemaMigration Load (0.7ms)[0m  [1m[34mSELECT "schema_migrations"."version" FROM "schema_migrations" ORDER BY "schema_migrations"."version" ASC /*application='ApiPonto'*/[0m
Processing by Presenca::CarregaRelogioAtualController#show as HTML
Completed 200 OK in 7ms (Views: 0.3ms | ActiveRecord: 0.0ms (0 queries, 0 cached) | GC: 0.0ms)


Started GET "/presenca/IniciarPonto" for 172.19.0.2 at 2026-07-23 10:14:57 -0300
Processing by Presenca::IniciarPontoController#show as HTML
Completed 200 OK in 1ms (Views: 0.2ms | ActiveRecord: 0.0ms (0 queries, 0 cached) | GC: 0.0ms)


Started GET "/presenca/InicializarPonto?codigoAtivacao=SistemaOperacionalNaoSuportado&codigoUnicoMaquina=" for 172.19.0.2 at 2026-07-23 10:14:57 -0300
Processing by Presenca::InicializarPontoController#show as HTML
  Parameters: {"codigoAtivacao" => "SistemaOperacionalNaoSuportado", "codigoUnicoMaquina" => ""}
Completed 200 OK in 1ms (Views: 0.2ms | ActiveRecord: 0.0ms (0 queries, 0 cached) | GC: 0.0ms)


Started GET "/presenca/PontoDePresenca" for 172.19.0.2 at 2026-07-23 10:14:57 -0300
Processing by Presenca::PontoDePresencaController#show as HTML
Completed 200 OK in 2ms (Views: 0.1ms | ActiveRecord: 0.0ms (0 queries, 0 cached) | GC: 0.0ms)


Started GET "/" for 127.0.0.1 at 2026-07-23 10:15:33 -0300
Processing by DashboardController#index as HTML
  [1m[36mUser Load (0.7ms)[0m  [1m[34mSELECT "users".* FROM "users" WHERE "users"."id" = 3 LIMIT 1 /*action='index',application='ApiPonto',controller='dashboard'*/[0m
  ↳ app/controllers/application_controller.rb:11:in 'ApplicationController#current_user'
  [1m[36mUser Count (0.5ms)[0m  [1m[34mSELECT COUNT(*) FROM "users" /*action='index',application='ApiPonto',controller='dashboard'*/[0m
  ↳ app/controllers/dashboard_controller.rb:3:in 'DashboardController#index'
  [1m[36mUser Count (0.3ms)[0m  [1m[34mSELECT COUNT(*) FROM "users" WHERE "users"."status" = 1 /*action='index',application='ApiPonto',controller='dashboard'*/[0m
  ↳ app/controllers/dashboard_controller.rb:4:in 'DashboardController#index'
  [1m[36mUser Count (0.2ms)[0m  [1m[34mSELECT COUNT(*) FROM "users" WHERE "users"."digitais_hash" IS NOT NULL /*action='index',application='ApiPonto',controller='dashboard'*/[0m
  ↳ app/controllers/dashboard_controller.rb:6:in 'DashboardController#index'
  [1m[36mTimeRecord Count (0.9ms)[0m  [1m[34mSELECT COUNT(*) FROM "time_records" WHERE (punched_at >= '2026-07-23 00:00:00') /*action='index',application='ApiPonto',controller='dashboard'*/[0m
  ↳ app/controllers/dashboard_controller.rb:9:in 'DashboardController#index'
  [1m[36mTimeRecord Count (0.4ms)[0m  [1m[34mSELECT COUNT(*) FROM "time_records" WHERE (punched_at >= '2026-07-16 13:15:33.432041') /*action='index',application='ApiPonto',controller='dashboard'*/[0m
  ↳ app/controllers/dashboard_controller.rb:10:in 'DashboardController#index'
  [1m[36mTimeRecord Count (0.4ms)[0m  [1m[34mSELECT COUNT(*) FROM "time_records" WHERE (punched_at >= '2026-06-23 13:15:33.434554') /*action='index',application='ApiPonto',controller='dashboard'*/[0m
  ↳ app/controllers/dashboard_controller.rb:11:in 'DashboardController#index'
  Rendering layout layouts/application.html.erb
  Rendering dashboard/index.html.erb within layouts/application
  [1m[36mTimeRecord Load (0.7ms)[0m  [1m[34mSELECT "time_records".* FROM "time_records" ORDER BY "time_records"."created_at" DESC LIMIT 10 /*action='index',application='ApiPonto',controller='dashboard'*/[0m
  ↳ app/views/dashboard/index.html.erb:86
  [1m[36mUser Load (0.5ms)[0m  [1m[34mSELECT "users".* FROM "users" WHERE "users"."id" IN (1, 2) /*action='index',application='ApiPonto',controller='dashboard'*/[0m
  ↳ app/views/dashboard/index.html.erb:86
  Rendered dashboard/index.html.erb within layouts/application (Duration: 26.3ms | GC: 0.0ms)
  Rendered layout layouts/application.html.erb (Duration: 28.7ms | GC: 0.0ms)
Completed 200 OK in 134ms (Views: 29.5ms | ActiveRecord: 18.5ms (9 queries, 0 cached) | GC: 0.0ms)


Started GET "/time_records" for 127.0.0.1 at 2026-07-23 10:15:41 -0300
Processing by TimeRecordsController#index as HTML
  [1m[36mUser Load (1.7ms)[0m  [1m[34mSELECT "users".* FROM "users" WHERE "users"."id" = 3 LIMIT 1 /*action='index',application='ApiPonto',controller='time_records'*/[0m
  ↳ app/controllers/application_controller.rb:11:in 'ApplicationController#current_user'
  [1m[36mTimeRecord Count (0.5ms)[0m  [1m[34mSELECT COUNT(*) FROM "time_records" /*action='index',application='ApiPonto',controller='time_records'*/[0m
  ↳ app/controllers/time_records_controller.rb:21:in 'TimeRecordsController#index'
  Rendering layout layouts/application.html.erb
  Rendering time_records/index.html.erb within layouts/application
  [1m[36mUser Load (1.0ms)[0m  [1m[34mSELECT "users".* FROM "users" ORDER BY "users"."nome_completo" ASC /*action='index',application='ApiPonto',controller='time_records'*/[0m
  ↳ app/views/time_records/index.html.erb:19
  [1m[36mTimeRecord Load (0.4ms)[0m  [1m[34mSELECT "time_records".* FROM "time_records" ORDER BY "time_records"."punched_at" DESC LIMIT 50 /*action='index',application='ApiPonto',controller='time_records'*/[0m
  ↳ app/views/time_records/index.html.erb:44
  [1m[36mUser Load (0.5ms)[0m  [1m[34mSELECT "users".* FROM "users" WHERE "users"."id" IN (2, 1) /*action='index',application='ApiPonto',controller='time_records'*/[0m
  ↳ app/views/time_records/index.html.erb:44
  Rendered time_records/index.html.erb within layouts/application (Duration: 16.6ms | GC: 0.0ms)
  Rendered layout layouts/application.html.erb (Duration: 18.0ms | GC: 0.0ms)
Completed 200 OK in 31ms (Views: 17.2ms | ActiveRecord: 3.9ms (5 queries, 0 cached) | GC: 0.0ms)


Started GET "/" for 127.0.0.1 at 2026-07-23 10:15:46 -0300
Processing by DashboardController#index as HTML
  [1m[36mUser Load (1.0ms)[0m  [1m[34mSELECT "users".* FROM "users" WHERE "users"."id" = 3 LIMIT 1 /*action='index',application='ApiPonto',controller='dashboard'*/[0m
  ↳ app/controllers/application_controller.rb:11:in 'ApplicationController#current_user'
  [1m[36mUser Count (0.4ms)[0m  [1m[34mSELECT COUNT(*) FROM "users" /*action='index',application='ApiPonto',controller='dashboard'*/[0m
  ↳ app/controllers/dashboard_controller.rb:3:in 'DashboardController#index'
  [1m[36mUser Count (1.6ms)[0m  [1m[34mSELECT COUNT(*) FROM "users" WHERE "users"."status" = 1 /*action='index',application='ApiPonto',controller='dashboard'*/[0m
  ↳ app/controllers/dashboard_controller.rb:4:in 'DashboardController#index'
  [1m[36mUser Count (0.4ms)[0m  [1m[34mSELECT COUNT(*) FROM "users" WHERE "users"."digitais_hash" IS NOT NULL /*action='index',application='ApiPonto',controller='dashboard'*/[0m
  ↳ app/controllers/dashboard_controller.rb:6:in 'DashboardController#index'
  [1m[36mTimeRecord Count (0.6ms)[0m  [1m[34mSELECT COUNT(*) FROM "time_records" WHERE (punched_at >= '2026-07-23 00:00:00') /*action='index',application='ApiPonto',controller='dashboard'*/[0m
  ↳ app/controllers/dashboard_controller.rb:9:in 'DashboardController#index'
  [1m[36mTimeRecord Count (0.6ms)[0m  [1m[34mSELECT COUNT(*) FROM "time_records" WHERE (punched_at >= '2026-07-16 13:15:46.712589') /*action='index',application='ApiPonto',controller='dashboard'*/[0m
  ↳ app/controllers/dashboard_controller.rb:10:in 'DashboardController#index'
  [1m[36mTimeRecord Count (0.4ms)[0m  [1m[34mSELECT COUNT(*) FROM "time_records" WHERE (punched_at >= '2026-06-23 13:15:46.715406') /*action='index',application='ApiPonto',controller='dashboard'*/[0m
  ↳ app/controllers/dashboard_controller.rb:11:in 'DashboardController#index'
  Rendering layout layouts/application.html.erb
  Rendering dashboard/index.html.erb within layouts/application
  [1m[36mTimeRecord Load (0.5ms)[0m  [1m[34mSELECT "time_records".* FROM "time_records" ORDER BY "time_records"."created_at" DESC LIMIT 10 /*action='index',application='ApiPonto',controller='dashboard'*/[0m
  ↳ app/views/dashboard/index.html.erb:86
  [1m[36mUser Load (0.5ms)[0m  [1m[34mSELECT "users".* FROM "users" WHERE "users"."id" IN (1, 2) /*action='index',application='ApiPonto',controller='dashboard'*/[0m
  ↳ app/views/dashboard/index.html.erb:86
  Rendered dashboard/index.html.erb within layouts/application (Duration: 8.0ms | GC: 0.0ms)
  Rendered layout layouts/application.html.erb (Duration: 9.1ms | GC: 0.0ms)
Completed 200 OK in 35ms (Views: 8.9ms | ActiveRecord: 5.8ms (9 queries, 0 cached) | GC: 0.0ms)


Started GET "/users" for 127.0.0.1 at 2026-07-23 10:15:50 -0300
Processing by UsersController#index as HTML
  [1m[36mUser Load (1.1ms)[0m  [1m[34mSELECT "users".* FROM "users" WHERE "users"."id" = 3 LIMIT 1 /*action='index',application='ApiPonto',controller='users'*/[0m
  ↳ app/controllers/application_controller.rb:11:in 'ApplicationController#current_user'
  Rendering layout layouts/application.html.erb
  Rendering users/index.html.erb within layouts/application
  [1m[36mUser Load (0.5ms)[0m  [1m[34mSELECT "users".* FROM "users" ORDER BY "users"."nome_completo" ASC /*action='index',application='ApiPonto',controller='users'*/[0m
  ↳ app/views/users/index.html.erb:20
  Rendered users/index.html.erb within layouts/application (Duration: 10.7ms | GC: 2.5ms)
  Rendered layout layouts/application.html.erb (Duration: 14.0ms | GC: 4.1ms)
Completed 200 OK in 25ms (Views: 16.6ms | ActiveRecord: 1.6ms (2 queries, 0 cached) | GC: 6.9ms)


Started GET "/presenca/CarregaRelogioAtual" for 172.19.0.2 at 2026-07-23 10:19:47 -0300
Processing by Presenca::CarregaRelogioAtualController#show as HTML
Completed 200 OK in 1ms (Views: 0.1ms | ActiveRecord: 0.0ms (0 queries, 0 cached) | GC: 0.0ms)


Started GET "/presenca/IniciarPonto" for 172.19.0.2 at 2026-07-23 10:19:48 -0300
Processing by Presenca::IniciarPontoController#show as HTML
Completed 200 OK in 3ms (Views: 2.8ms | ActiveRecord: 0.0ms (0 queries, 0 cached) | GC: 2.4ms)


Started GET "/presenca/InicializarPonto?codigoAtivacao=SistemaOperacionalNaoSuportado&codigoUnicoMaquina=" for 172.19.0.2 at 2026-07-23 10:19:48 -0300
Processing by Presenca::InicializarPontoController#show as HTML
  Parameters: {"codigoAtivacao" => "SistemaOperacionalNaoSuportado", "codigoUnicoMaquina" => ""}
Completed 200 OK in 3ms (Views: 0.2ms | ActiveRecord: 0.0ms (0 queries, 0 cached) | GC: 2.1ms)


Started GET "/presenca/PontoDePresenca" for 172.19.0.2 at 2026-07-23 10:19:48 -0300
Processing by Presenca::PontoDePresencaController#show as HTML
Completed 200 OK in 1ms (Views: 0.1ms | ActiveRecord: 0.0ms (0 queries, 0 cached) | GC: 0.0ms)


Started GET "/presenca/CarregaRelogioAtual" for 172.19.0.2 at 2026-07-23 10:19:58 -0300
Processing by Presenca::CarregaRelogioAtualController#show as HTML
Completed 200 OK in 0ms (Views: 0.1ms | ActiveRecord: 0.0ms (0 queries, 0 cached) | GC: 0.0ms)


Started GET "/" for 127.0.0.1 at 2026-07-23 10:20:46 -0300
Processing by DashboardController#index as HTML
  [1m[36mUser Load (3.2ms)[0m  [1m[34mSELECT "users".* FROM "users" WHERE "users"."id" = 3 LIMIT 1 /*action='index',application='ApiPonto',controller='dashboard'*/[0m
  ↳ app/controllers/application_controller.rb:11:in 'ApplicationController#current_user'
  [1m[36mUser Count (1.2ms)[0m  [1m[34mSELECT COUNT(*) FROM "users" /*action='index',application='ApiPonto',controller='dashboard'*/[0m
  ↳ app/controllers/dashboard_controller.rb:3:in 'DashboardController#index'
  [1m[36mUser Count (1.2ms)[0m  [1m[34mSELECT COUNT(*) FROM "users" WHERE "users"."status" = 1 /*action='index',application='ApiPonto',controller='dashboard'*/[0m
  ↳ app/controllers/dashboard_controller.rb:4:in 'DashboardController#index'
  [1m[36mUser Count (0.5ms)[0m  [1m[34mSELECT COUNT(*) FROM "users" WHERE "users"."digitais_hash" IS NOT NULL /*action='index',application='ApiPonto',controller='dashboard'*/[0m
  ↳ app/controllers/dashboard_controller.rb:6:in 'DashboardController#index'
  [1m[36mTimeRecord Count (0.8ms)[0m  [1m[34mSELECT COUNT(*) FROM "time_records" WHERE (punched_at >= '2026-07-23 00:00:00') /*action='index',application='ApiPonto',controller='dashboard'*/[0m
  ↳ app/controllers/dashboard_controller.rb:9:in 'DashboardController#index'
  [1m[36mTimeRecord Count (1.0ms)[0m  [1m[34mSELECT COUNT(*) FROM "time_records" WHERE (punched_at >= '2026-07-16 13:20:46.376908') /*action='index',application='ApiPonto',controller='dashboard'*/[0m
  ↳ app/controllers/dashboard_controller.rb:10:in 'DashboardController#index'
  [1m[36mTimeRecord Count (0.7ms)[0m  [1m[34mSELECT COUNT(*) FROM "time_records" WHERE (punched_at >= '2026-06-23 13:20:46.380911') /*action='index',application='ApiPonto',controller='dashboard'*/[0m
  ↳ app/controllers/dashboard_controller.rb:11:in 'DashboardController#index'
  Rendering layout layouts/application.html.erb
  Rendering dashboard/index.html.erb within layouts/application
  [1m[36mTimeRecord Load (0.5ms)[0m  [1m[34mSELECT "time_records".* FROM "time_records" ORDER BY "time_records"."created_at" DESC LIMIT 10 /*action='index',application='ApiPonto',controller='dashboard'*/[0m
  ↳ app/views/dashboard/index.html.erb:86
  [1m[36mUser Load (0.5ms)[0m  [1m[34mSELECT "users".* FROM "users" WHERE "users"."id" IN (1, 2) /*action='index',application='ApiPonto',controller='dashboard'*/[0m
  ↳ app/views/dashboard/index.html.erb:86
  Rendered dashboard/index.html.erb within layouts/application (Duration: 8.4ms | GC: 0.0ms)
  Rendered layout layouts/application.html.erb (Duration: 15.6ms | GC: 1.1ms)
Completed 200 OK in 51ms (Views: 15.5ms | ActiveRecord: 9.1ms (9 queries, 0 cached) | GC: 2.5ms)


Started GET "/time_records" for 127.0.0.1 at 2026-07-23 10:20:59 -0300
Processing by TimeRecordsController#index as HTML
  [1m[36mUser Load (0.7ms)[0m  [1m[34mSELECT "users".* FROM "users" WHERE "users"."id" = 3 LIMIT 1 /*action='index',application='ApiPonto',controller='time_records'*/[0m
  ↳ app/controllers/application_controller.rb:11:in 'ApplicationController#current_user'
  [1m[36mTimeRecord Count (0.4ms)[0m  [1m[34mSELECT COUNT(*) FROM "time_records" /*action='index',application='ApiPonto',controller='time_records'*/[0m
  ↳ app/controllers/time_records_controller.rb:21:in 'TimeRecordsController#index'
  Rendering layout layouts/application.html.erb
  Rendering time_records/index.html.erb within layouts/application
  [1m[36mUser Load (0.7ms)[0m  [1m[34mSELECT "users".* FROM "users" ORDER BY "users"."nome_completo" ASC /*action='index',application='ApiPonto',controller='time_records'*/[0m
  ↳ app/views/time_records/index.html.erb:19
  [1m[36mTimeRecord Load (0.9ms)[0m  [1m[34mSELECT "time_records".* FROM "time_records" ORDER BY "time_records"."punched_at" DESC LIMIT 50 /*action='index',application='ApiPonto',controller='time_records'*/[0m
  ↳ app/views/time_records/index.html.erb:44
  [1m[36mUser Load (0.5ms)[0m  [1m[34mSELECT "users".* FROM "users" WHERE "users"."id" IN (2, 1) /*action='index',application='ApiPonto',controller='time_records'*/[0m
  ↳ app/views/time_records/index.html.erb:44
  Rendered time_records/index.html.erb within layouts/application (Duration: 18.2ms | GC: 1.3ms)
  Rendered layout layouts/application.html.erb (Duration: 23.6ms | GC: 1.3ms)
Completed 200 OK in 39ms (Views: 23.2ms | ActiveRecord: 3.0ms (5 queries, 0 cached) | GC: 1.3ms)


Started GET "/presenca/CarregaRelogioAtual" for 172.19.0.2 at 2026-07-23 10:25:17 -0300
Processing by Presenca::CarregaRelogioAtualController#show as HTML
Completed 200 OK in 1ms (Views: 0.2ms | ActiveRecord: 0.0ms (0 queries, 0 cached) | GC: 0.0ms)


Started GET "/presenca/IniciarPonto" for 172.19.0.2 at 2026-07-23 10:25:18 -0300
Processing by Presenca::IniciarPontoController#show as HTML
Completed 200 OK in 1ms (Views: 0.2ms | ActiveRecord: 0.0ms (0 queries, 0 cached) | GC: 0.0ms)


Started GET "/presenca/InicializarPonto?codigoAtivacao=SistemaOperacionalNaoSuportado&codigoUnicoMaquina=" for 172.19.0.2 at 2026-07-23 10:25:18 -0300
Processing by Presenca::InicializarPontoController#show as HTML
  Parameters: {"codigoAtivacao" => "SistemaOperacionalNaoSuportado", "codigoUnicoMaquina" => ""}
Completed 200 OK in 0ms (Views: 0.1ms | ActiveRecord: 0.0ms (0 queries, 0 cached) | GC: 0.0ms)


Started GET "/presenca/PontoDePresenca" for 172.19.0.2 at 2026-07-23 10:25:18 -0300
Processing by Presenca::PontoDePresencaController#show as HTML
Completed 200 OK in 5ms (Views: 0.2ms | ActiveRecord: 0.0ms (0 queries, 0 cached) | GC: 0.0ms)


Started GET "/presenca/CarregaRelogioAtual" for 172.19.0.2 at 2026-07-23 10:26:27 -0300
  [1m[36mActiveRecord::SchemaMigration Load (1.0ms)[0m  [1m[34mSELECT "schema_migrations"."version" FROM "schema_migrations" ORDER BY "schema_migrations"."version" ASC /*application='ApiPonto'*/[0m
Processing by Presenca::CarregaRelogioAtualController#show as HTML
Completed 200 OK in 9ms (Views: 0.3ms | ActiveRecord: 0.0ms (0 queries, 0 cached) | GC: 0.0ms)


Started GET "/presenca/IniciarPonto" for 172.19.0.2 at 2026-07-23 10:26:27 -0300
Processing by Presenca::IniciarPontoController#show as HTML
Completed 200 OK in 0ms (Views: 0.1ms | ActiveRecord: 0.0ms (0 queries, 0 cached) | GC: 0.0ms)


Started GET "/presenca/InicializarPonto?codigoAtivacao=SistemaOperacionalNaoSuportado&codigoUnicoMaquina=" for 172.19.0.2 at 2026-07-23 10:26:27 -0300
Processing by Presenca::InicializarPontoController#show as HTML
  Parameters: {"codigoAtivacao" => "SistemaOperacionalNaoSuportado", "codigoUnicoMaquina" => ""}
Completed 200 OK in 1ms (Views: 0.1ms | ActiveRecord: 0.0ms (0 queries, 0 cached) | GC: 0.0ms)


Started GET "/presenca/PontoDePresenca" for 172.19.0.2 at 2026-07-23 10:26:27 -0300
Processing by Presenca::PontoDePresencaController#show as HTML
Completed 200 OK in 1ms (Views: 0.1ms | ActiveRecord: 0.0ms (0 queries, 0 cached) | GC: 0.0ms)


Started GET "/presenca/CarregaRelogioAtual" for 172.19.0.2 at 2026-07-23 10:31:02 -0300
Processing by Presenca::CarregaRelogioAtualController#show as HTML
Completed 200 OK in 1ms (Views: 0.1ms | ActiveRecord: 0.0ms (0 queries, 0 cached) | GC: 0.0ms)


Started GET "/presenca/IniciarPonto" for 172.19.0.2 at 2026-07-23 10:31:03 -0300
Processing by Presenca::IniciarPontoController#show as HTML
Completed 200 OK in 0ms (Views: 0.2ms | ActiveRecord: 0.0ms (0 queries, 0 cached) | GC: 0.0ms)


Started GET "/presenca/InicializarPonto?codigoAtivacao=SistemaOperacionalNaoSuportado&codigoUnicoMaquina=" for 172.19.0.2 at 2026-07-23 10:31:03 -0300
Processing by Presenca::InicializarPontoController#show as HTML
  Parameters: {"codigoAtivacao" => "SistemaOperacionalNaoSuportado", "codigoUnicoMaquina" => ""}
Completed 200 OK in 0ms (Views: 0.1ms | ActiveRecord: 0.0ms (0 queries, 0 cached) | GC: 0.0ms)


Started GET "/presenca/PontoDePresenca" for 172.19.0.2 at 2026-07-23 10:31:03 -0300
Processing by Presenca::PontoDePresencaController#show as HTML
Completed 200 OK in 1ms (Views: 0.1ms | ActiveRecord: 0.0ms (0 queries, 0 cached) | GC: 0.0ms)


Started GET "/presenca/CarregaRelogioAtual" for 172.19.0.2 at 2026-07-23 10:31:38 -0300
Processing by Presenca::CarregaRelogioAtualController#show as HTML
Completed 200 OK in 0ms (Views: 0.1ms | ActiveRecord: 0.0ms (0 queries, 0 cached) | GC: 0.0ms)


Started GET "/presenca/CarregaRelogioAtual" for 172.19.0.2 at 2026-07-23 10:32:44 -0300
  [1m[36mActiveRecord::SchemaMigration Load (0.7ms)[0m  [1m[34mSELECT "schema_migrations"."version" FROM "schema_migrations" ORDER BY "schema_migrations"."version" ASC /*application='ApiPonto'*/[0m
Processing by Presenca::CarregaRelogioAtualController#show as HTML
Completed 200 OK in 6ms (Views: 0.3ms | ActiveRecord: 0.0ms (0 queries, 0 cached) | GC: 0.0ms)


Started GET "/presenca/IniciarPonto" for 172.19.0.2 at 2026-07-23 10:32:44 -0300
Processing by Presenca::IniciarPontoController#show as HTML
Completed 200 OK in 1ms (Views: 0.3ms | ActiveRecord: 0.0ms (0 queries, 0 cached) | GC: 0.0ms)


Started GET "/presenca/InicializarPonto?codigoAtivacao=SistemaOperacionalNaoSuportado&codigoUnicoMaquina=" for 172.19.0.2 at 2026-07-23 10:32:44 -0300
Processing by Presenca::InicializarPontoController#show as HTML
  Parameters: {"codigoAtivacao" => "SistemaOperacionalNaoSuportado", "codigoUnicoMaquina" => ""}
Completed 200 OK in 1ms (Views: 1.1ms | ActiveRecord: 0.0ms (0 queries, 0 cached) | GC: 0.0ms)


Started GET "/presenca/PontoDePresenca" for 172.19.0.2 at 2026-07-23 10:32:44 -0300
Processing by Presenca::PontoDePresencaController#show as HTML
Completed 200 OK in 3ms (Views: 0.2ms | ActiveRecord: 0.0ms (0 queries, 0 cached) | GC: 0.0ms)


Started GET "/presenca/CarregaRelogioAtual" for 172.19.0.3 at 2026-07-23 10:34:22 -0300
Processing by Presenca::CarregaRelogioAtualController#show as HTML
Completed 200 OK in 1ms (Views: 0.1ms | ActiveRecord: 0.0ms (0 queries, 0 cached) | GC: 0.0ms)


Started GET "/presenca/IniciarPonto" for 172.19.0.3 at 2026-07-23 10:34:22 -0300
Processing by Presenca::IniciarPontoController#show as HTML
Completed 200 OK in 1ms (Views: 0.1ms | ActiveRecord: 0.0ms (0 queries, 0 cached) | GC: 0.0ms)


Started GET "/presenca/InicializarPonto?codigoAtivacao=SistemaOperacionalNaoSuportado&codigoUnicoMaquina=" for 172.19.0.3 at 2026-07-23 10:34:22 -0300
Processing by Presenca::InicializarPontoController#show as HTML
  Parameters: {"codigoAtivacao" => "SistemaOperacionalNaoSuportado", "codigoUnicoMaquina" => ""}
Completed 200 OK in 0ms (Views: 0.1ms | ActiveRecord: 0.0ms (0 queries, 0 cached) | GC: 0.0ms)


Started GET "/presenca/PontoDePresenca" for 172.19.0.3 at 2026-07-23 10:34:23 -0300
Processing by Presenca::PontoDePresencaController#show as HTML
Completed 200 OK in 5ms (Views: 0.1ms | ActiveRecord: 0.0ms (0 queries, 0 cached) | GC: 0.0ms)


Started GET "/presenca/CarregaRelogioAtual" for 172.19.0.3 at 2026-07-23 10:34:50 -0300
Processing by Presenca::CarregaRelogioAtualController#show as HTML
Completed 200 OK in 0ms (Views: 0.1ms | ActiveRecord: 0.0ms (0 queries, 0 cached) | GC: 0.0ms)


Started DELETE "/logout" for 127.0.0.1 at 2026-07-23 10:38:00 -0300
Processing by SessionsController#destroy as HTML
  Parameters: {"authenticity_token" => "[FILTERED]"}
  [1m[36mUser Load (0.7ms)[0m  [1m[34mSELECT "users".* FROM "users" WHERE "users"."id" = 3 LIMIT 1 /*action='destroy',application='ApiPonto',controller='sessions'*/[0m
  ↳ app/controllers/application_controller.rb:11:in 'ApplicationController#current_user'
Redirected to http://localhost:3000/login
Completed 302 Found in 59ms (ActiveRecord: 10.2ms (1 query, 0 cached) | GC: 0.0ms)


Started GET "/login" for 127.0.0.1 at 2026-07-23 10:38:00 -0300
Processing by SessionsController#new as HTML
  Rendering layout layouts/login.html.erb
  Rendering sessions/new.html.erb within layouts/login
  Rendered sessions/new.html.erb within layouts/login (Duration: 2.8ms | GC: 0.0ms)
  Rendered layout layouts/login.html.erb (Duration: 4.1ms | GC: 0.0ms)
Completed 200 OK in 16ms (Views: 14.4ms | ActiveRecord: 0.0ms (0 queries, 0 cached) | GC: 0.0ms)


Started POST "/login" for 127.0.0.1 at 2026-07-23 10:38:01 -0300
Processing by SessionsController#create as HTML
  Parameters: {"authenticity_token" => "[FILTERED]", "username" => "admin.admin", "password" => "[FILTERED]", "commit" => "Entrar"}
  [1m[36mUser Load (0.8ms)[0m  [1m[34mSELECT "users".* FROM "users" WHERE "users"."username" = 'admin.admin' LIMIT 1 /*action='create',application='ApiPonto',controller='sessions'*/[0m
  ↳ app/controllers/sessions_controller.rb:14:in 'SessionsController#create'
Redirected to http://localhost:3000/dashboard
Completed 302 Found in 291ms (ActiveRecord: 0.8ms (1 query, 0 cached) | GC: 0.0ms)


Started GET "/dashboard" for 127.0.0.1 at 2026-07-23 10:38:01 -0300
Processing by DashboardController#index as HTML
  [1m[36mUser Load (0.5ms)[0m  [1m[34mSELECT "users".* FROM "users" WHERE "users"."id" = 3 LIMIT 1 /*action='index',application='ApiPonto',controller='dashboard'*/[0m
  ↳ app/controllers/application_controller.rb:11:in 'ApplicationController#current_user'
  [1m[36mUser Count (0.6ms)[0m  [1m[34mSELECT COUNT(*) FROM "users" /*action='index',application='ApiPonto',controller='dashboard'*/[0m
  ↳ app/controllers/dashboard_controller.rb:3:in 'DashboardController#index'
  [1m[36mUser Count (0.6ms)[0m  [1m[34mSELECT COUNT(*) FROM "users" WHERE "users"."status" = 1 /*action='index',application='ApiPonto',controller='dashboard'*/[0m
  ↳ app/controllers/dashboard_controller.rb:4:in 'DashboardController#index'
  [1m[36mUser Count (0.5ms)[0m  [1m[34mSELECT COUNT(*) FROM "users" WHERE "users"."digitais_hash" IS NOT NULL /*action='index',application='ApiPonto',controller='dashboard'*/[0m
  ↳ app/controllers/dashboard_controller.rb:6:in 'DashboardController#index'
  [1m[36mTimeRecord Count (0.7ms)[0m  [1m[34mSELECT COUNT(*) FROM "time_records" WHERE (punched_at >= '2026-07-23 00:00:00') /*action='index',application='ApiPonto',controller='dashboard'*/[0m
  ↳ app/controllers/dashboard_controller.rb:9:in 'DashboardController#index'
  [1m[36mTimeRecord Count (0.5ms)[0m  [1m[34mSELECT COUNT(*) FROM "time_records" WHERE (punched_at >= '2026-07-16 13:38:01.925162') /*action='index',application='ApiPonto',controller='dashboard'*/[0m
  ↳ app/controllers/dashboard_controller.rb:10:in 'DashboardController#index'
  [1m[36mTimeRecord Count (0.5ms)[0m  [1m[34mSELECT COUNT(*) FROM "time_records" WHERE (punched_at >= '2026-06-23 13:38:01.928337') /*action='index',application='ApiPonto',controller='dashboard'*/[0m
  ↳ app/controllers/dashboard_controller.rb:11:in 'DashboardController#index'
  Rendering layout layouts/application.html.erb
  Rendering dashboard/index.html.erb within layouts/application
  [1m[36mTimeRecord Load (0.9ms)[0m  [1m[34mSELECT "time_records".* FROM "time_records" ORDER BY "time_records"."created_at" DESC LIMIT 10 /*action='index',application='ApiPonto',controller='dashboard'*/[0m
  ↳ app/views/dashboard/index.html.erb:86
  [1m[36mUser Load (0.7ms)[0m  [1m[34mSELECT "users".* FROM "users" WHERE "users"."id" IN (1, 2) /*action='index',application='ApiPonto',controller='dashboard'*/[0m
  ↳ app/views/dashboard/index.html.erb:86
  Rendered dashboard/index.html.erb within layouts/application (Duration: 25.6ms | GC: 2.5ms)
  Rendered layout layouts/application.html.erb (Duration: 31.0ms | GC: 5.7ms)
Completed 200 OK in 63ms (Views: 28.3ms | ActiveRecord: 8.5ms (9 queries, 0 cached) | GC: 5.7ms)


Started GET "/time_records" for 127.0.0.1 at 2026-07-23 10:38:07 -0300
Processing by TimeRecordsController#index as HTML
  [1m[36mUser Load (1.3ms)[0m  [1m[34mSELECT "users".* FROM "users" WHERE "users"."id" = 3 LIMIT 1 /*action='index',application='ApiPonto',controller='time_records'*/[0m
  ↳ app/controllers/application_controller.rb:11:in 'ApplicationController#current_user'
  [1m[36mTimeRecord Count (0.6ms)[0m  [1m[34mSELECT COUNT(*) FROM "time_records" /*action='index',application='ApiPonto',controller='time_records'*/[0m
  ↳ app/controllers/time_records_controller.rb:21:in 'TimeRecordsController#index'
  Rendering layout layouts/application.html.erb
  Rendering time_records/index.html.erb within layouts/application
  [1m[36mUser Load (0.6ms)[0m  [1m[34mSELECT "users".* FROM "users" ORDER BY "users"."nome_completo" ASC /*action='index',application='ApiPonto',controller='time_records'*/[0m
  ↳ app/views/time_records/index.html.erb:19
  [1m[36mTimeRecord Load (0.5ms)[0m  [1m[34mSELECT "time_records".* FROM "time_records" ORDER BY "time_records"."punched_at" DESC LIMIT 50 /*action='index',application='ApiPonto',controller='time_records'*/[0m
  ↳ app/views/time_records/index.html.erb:44
  [1m[36mUser Load (0.6ms)[0m  [1m[34mSELECT "users".* FROM "users" WHERE "users"."id" IN (2, 1) /*action='index',application='ApiPonto',controller='time_records'*/[0m
  ↳ app/views/time_records/index.html.erb:44
  Rendered time_records/index.html.erb within layouts/application (Duration: 31.1ms | GC: 16.9ms)
  Rendered layout layouts/application.html.erb (Duration: 35.8ms | GC: 19.7ms)
Completed 200 OK in 69ms (Views: 37.6ms | ActiveRecord: 3.5ms (5 queries, 0 cached) | GC: 35.4ms)


Started GET "/" for 127.0.0.1 at 2026-07-23 10:38:11 -0300
Processing by DashboardController#index as HTML
  [1m[36mUser Load (0.9ms)[0m  [1m[34mSELECT "users".* FROM "users" WHERE "users"."id" = 3 LIMIT 1 /*action='index',application='ApiPonto',controller='dashboard'*/[0m
  ↳ app/controllers/application_controller.rb:11:in 'ApplicationController#current_user'
  [1m[36mUser Count (0.4ms)[0m  [1m[34mSELECT COUNT(*) FROM "users" /*action='index',application='ApiPonto',controller='dashboard'*/[0m
  ↳ app/controllers/dashboard_controller.rb:3:in 'DashboardController#index'
  [1m[36mUser Count (0.6ms)[0m  [1m[34mSELECT COUNT(*) FROM "users" WHERE "users"."status" = 1 /*action='index',application='ApiPonto',controller='dashboard'*/[0m
  ↳ app/controllers/dashboard_controller.rb:4:in 'DashboardController#index'
  [1m[36mUser Count (0.4ms)[0m  [1m[34mSELECT COUNT(*) FROM "users" WHERE "users"."digitais_hash" IS NOT NULL /*action='index',application='ApiPonto',controller='dashboard'*/[0m
  ↳ app/controllers/dashboard_controller.rb:6:in 'DashboardController#index'
  [1m[36mTimeRecord Count (0.8ms)[0m  [1m[34mSELECT COUNT(*) FROM "time_records" WHERE (punched_at >= '2026-07-23 00:00:00') /*action='index',application='ApiPonto',controller='dashboard'*/[0m
  ↳ app/controllers/dashboard_controller.rb:9:in 'DashboardController#index'
  [1m[36mTimeRecord Count (0.7ms)[0m  [1m[34mSELECT COUNT(*) FROM "time_records" WHERE (punched_at >= '2026-07-16 13:38:11.513244') /*action='index',application='ApiPonto',controller='dashboard'*/[0m
  ↳ app/controllers/dashboard_controller.rb:10:in 'DashboardController#index'
  [1m[36mTimeRecord Count (0.5ms)[0m  [1m[34mSELECT COUNT(*) FROM "time_records" WHERE (punched_at >= '2026-06-23 13:38:11.515632') /*action='index',application='ApiPonto',controller='dashboard'*/[0m
  ↳ app/controllers/dashboard_controller.rb:11:in 'DashboardController#index'
  Rendering layout layouts/application.html.erb
  Rendering dashboard/index.html.erb within layouts/application
  [1m[36mTimeRecord Load (0.6ms)[0m  [1m[34mSELECT "time_records".* FROM "time_records" ORDER BY "time_records"."created_at" DESC LIMIT 10 /*action='index',application='ApiPonto',controller='dashboard'*/[0m
  ↳ app/views/dashboard/index.html.erb:86
  [1m[36mUser Load (0.6ms)[0m  [1m[34mSELECT "users".* FROM "users" WHERE "users"."id" IN (1, 2) /*action='index',application='ApiPonto',controller='dashboard'*/[0m
  ↳ app/views/dashboard/index.html.erb:86
  Rendered dashboard/index.html.erb within layouts/application (Duration: 7.8ms | GC: 0.0ms)
  Rendered layout layouts/application.html.erb (Duration: 9.2ms | GC: 0.0ms)
Completed 200 OK in 34ms (Views: 9.7ms | ActiveRecord: 5.2ms (9 queries, 0 cached) | GC: 0.8ms)


Started GET "/users" for 127.0.0.1 at 2026-07-23 10:38:14 -0300
Processing by UsersController#index as HTML
  [1m[36mUser Load (0.7ms)[0m  [1m[34mSELECT "users".* FROM "users" WHERE "users"."id" = 3 LIMIT 1 /*action='index',application='ApiPonto',controller='users'*/[0m
  ↳ app/controllers/application_controller.rb:11:in 'ApplicationController#current_user'
  Rendering layout layouts/application.html.erb
  Rendering users/index.html.erb within layouts/application
  [1m[36mUser Load (0.4ms)[0m  [1m[34mSELECT "users".* FROM "users" ORDER BY "users"."nome_completo" ASC /*action='index',application='ApiPonto',controller='users'*/[0m
  ↳ app/views/users/index.html.erb:20
  Rendered users/index.html.erb within layouts/application (Duration: 6.3ms | GC: 0.0ms)
  Rendered layout layouts/application.html.erb (Duration: 7.3ms | GC: 0.0ms)
Completed 200 OK in 14ms (Views: 7.7ms | ActiveRecord: 1.0ms (2 queries, 0 cached) | GC: 0.6ms)


Started GET "/users/new" for 127.0.0.1 at 2026-07-23 10:38:16 -0300
Processing by UsersController#new as HTML
  [1m[36mUser Load (0.5ms)[0m  [1m[34mSELECT "users".* FROM "users" WHERE "users"."id" = 3 LIMIT 1 /*action='new',application='ApiPonto',controller='users'*/[0m
  ↳ app/controllers/application_controller.rb:11:in 'ApplicationController#current_user'
  Rendering layout layouts/application.html.erb
  Rendering users/new.html.erb within layouts/application
  Rendered users/new.html.erb within layouts/application (Duration: 9.4ms | GC: 0.5ms)
  Rendered layout layouts/application.html.erb (Duration: 10.5ms | GC: 0.5ms)
Completed 200 OK in 17ms (Views: 12.3ms | ActiveRecord: 0.5ms (1 query, 0 cached) | GC: 1.5ms)


Started GET "/users" for 127.0.0.1 at 2026-07-23 10:38:26 -0300
Processing by UsersController#index as HTML
  [1m[36mUser Load (0.6ms)[0m  [1m[34mSELECT "users".* FROM "users" WHERE "users"."id" = 3 LIMIT 1 /*action='index',application='ApiPonto',controller='users'*/[0m
  ↳ app/controllers/application_controller.rb:11:in 'ApplicationController#current_user'
  Rendering layout layouts/application.html.erb
  Rendering users/index.html.erb within layouts/application
  [1m[36mUser Load (0.4ms)[0m  [1m[34mSELECT "users".* FROM "users" ORDER BY "users"."nome_completo" ASC /*action='index',application='ApiPonto',controller='users'*/[0m
  ↳ app/views/users/index.html.erb:20
  Rendered users/index.html.erb within layouts/application (Duration: 8.6ms | GC: 0.0ms)
  Rendered layout layouts/application.html.erb (Duration: 9.8ms | GC: 0.0ms)
Completed 200 OK in 15ms (Views: 10.0ms | ActiveRecord: 1.0ms (2 queries, 0 cached) | GC: 0.0ms)


Started GET "/users/new" for 127.0.0.1 at 2026-07-23 10:38:27 -0300
Processing by UsersController#new as HTML
  [1m[36mUser Load (2.5ms)[0m  [1m[34mSELECT "users".* FROM "users" WHERE "users"."id" = 3 LIMIT 1 /*action='new',application='ApiPonto',controller='users'*/[0m
  ↳ app/controllers/application_controller.rb:11:in 'ApplicationController#current_user'
  Rendering layout layouts/application.html.erb
  Rendering users/new.html.erb within layouts/application
  Rendered users/new.html.erb within layouts/application (Duration: 2.9ms | GC: 0.0ms)
  Rendered layout layouts/application.html.erb (Duration: 4.2ms | GC: 0.0ms)
Completed 200 OK in 15ms (Views: 4.9ms | ActiveRecord: 2.4ms (1 query, 0 cached) | GC: 1.2ms)


Started POST "/users" for 127.0.0.1 at 2026-07-23 10:38:33 -0300
Processing by UsersController#create as HTML
  Parameters: {"authenticity_token" => "[FILTERED]", "user" => {"nome_completo" => "admin.admin", "password" => "[FILTERED]", "password_confirmation" => "[FILTERED]", "status" => "1"}, "commit" => "Criar"}
  [1m[36mUser Load (1.8ms)[0m  [1m[34mSELECT "users".* FROM "users" WHERE "users"."id" = 3 LIMIT 1 /*action='create',application='ApiPonto',controller='users'*/[0m
  ↳ app/controllers/application_controller.rb:11:in 'ApplicationController#current_user'
  [1m[36mTRANSACTION (0.3ms)[0m  [1m[35mBEGIN /*action='create',application='ApiPonto',controller='users'*/[0m
  ↳ app/models/user.rb:33:in 'User#generate_username'
  [1m[36mUser Exists? (2.3ms)[0m  [1m[34mSELECT 1 AS one FROM "users" WHERE "users"."username" = 'adminadmin' LIMIT 1 /*action='create',application='ApiPonto',controller='users'*/[0m
  ↳ app/models/user.rb:33:in 'User#generate_username'
  [1m[36mUser Exists? (0.8ms)[0m  [1m[34mSELECT 1 AS one FROM "users" WHERE LOWER("users"."username") = LOWER('adminadmin') LIMIT 1 /*action='create',application='ApiPonto',controller='users'*/[0m
  ↳ app/controllers/users_controller.rb:14:in 'UsersController#create'
  [1m[36mTRANSACTION (0.2ms)[0m  [1m[31mROLLBACK /*action='create',application='ApiPonto',controller='users'*/[0m
  ↳ app/controllers/users_controller.rb:14:in 'UsersController#create'
  Rendering layout layouts/application.html.erb
  Rendering users/new.html.erb within layouts/application
  Rendered users/new.html.erb within layouts/application (Duration: 4.9ms | GC: 0.6ms)
  Rendered layout layouts/application.html.erb (Duration: 6.0ms | GC: 0.6ms)
Completed 422 Unprocessable Content in 319ms (Views: 6.6ms | ActiveRecord: 7.9ms (3 queries, 0 cached) | GC: 1.2ms)


Started GET "/users" for 127.0.0.1 at 2026-07-23 10:38:35 -0300
Processing by UsersController#index as HTML
  [1m[36mUser Load (0.5ms)[0m  [1m[34mSELECT "users".* FROM "users" WHERE "users"."id" = 3 LIMIT 1 /*action='index',application='ApiPonto',controller='users'*/[0m
  ↳ app/controllers/application_controller.rb:11:in 'ApplicationController#current_user'
  Rendering layout layouts/application.html.erb
  Rendering users/index.html.erb within layouts/application
  [1m[36mUser Load (0.4ms)[0m  [1m[34mSELECT "users".* FROM "users" ORDER BY "users"."nome_completo" ASC /*action='index',application='ApiPonto',controller='users'*/[0m
  ↳ app/views/users/index.html.erb:20
  Rendered users/index.html.erb within layouts/application (Duration: 7.9ms | GC: 0.2ms)
  Rendered layout layouts/application.html.erb (Duration: 9.1ms | GC: 0.2ms)
Completed 200 OK in 14ms (Views: 9.1ms | ActiveRecord: 0.9ms (2 queries, 0 cached) | GC: 0.2ms)


Started GET "/users/new" for 127.0.0.1 at 2026-07-23 10:38:39 -0300
Processing by UsersController#new as HTML
  [1m[36mUser Load (1.0ms)[0m  [1m[34mSELECT "users".* FROM "users" WHERE "users"."id" = 3 LIMIT 1 /*action='new',application='ApiPonto',controller='users'*/[0m
  ↳ app/controllers/application_controller.rb:11:in 'ApplicationController#current_user'
  Rendering layout layouts/application.html.erb
  Rendering users/new.html.erb within layouts/application
  Rendered users/new.html.erb within layouts/application (Duration: 8.7ms | GC: 3.4ms)
  Rendered layout layouts/application.html.erb (Duration: 10.8ms | GC: 3.4ms)
Completed 200 OK in 20ms (Views: 11.8ms | ActiveRecord: 1.0ms (1 query, 0 cached) | GC: 3.4ms)


Started POST "/users" for 127.0.0.1 at 2026-07-23 10:39:18 -0300
Processing by UsersController#create as HTML
  Parameters: {"authenticity_token" => "[FILTERED]", "user" => {"nome_completo" => "Francisca Maria Silva", "password" => "[FILTERED]", "password_confirmation" => "[FILTERED]", "status" => "1"}, "commit" => "Criar"}
  [1m[36mUser Load (0.6ms)[0m  [1m[34mSELECT "users".* FROM "users" WHERE "users"."id" = 3 LIMIT 1 /*action='create',application='ApiPonto',controller='users'*/[0m
  ↳ app/controllers/application_controller.rb:11:in 'ApplicationController#current_user'
  [1m[36mTRANSACTION (0.4ms)[0m  [1m[35mBEGIN /*action='create',application='ApiPonto',controller='users'*/[0m
  ↳ app/models/user.rb:33:in 'User#generate_username'
  [1m[36mUser Exists? (3.1ms)[0m  [1m[34mSELECT 1 AS one FROM "users" WHERE "users"."username" = 'francisca.silva' LIMIT 1 /*action='create',application='ApiPonto',controller='users'*/[0m
  ↳ app/models/user.rb:33:in 'User#generate_username'
  [1m[36mUser Exists? (0.6ms)[0m  [1m[34mSELECT 1 AS one FROM "users" WHERE LOWER("users"."username") = LOWER('francisca.silva') LIMIT 1 /*action='create',application='ApiPonto',controller='users'*/[0m
  ↳ app/controllers/users_controller.rb:14:in 'UsersController#create'
  [1m[36mTRANSACTION (0.2ms)[0m  [1m[31mROLLBACK /*action='create',application='ApiPonto',controller='users'*/[0m
  ↳ app/controllers/users_controller.rb:14:in 'UsersController#create'
  Rendering layout layouts/application.html.erb
  Rendering users/new.html.erb within layouts/application
  Rendered users/new.html.erb within layouts/application (Duration: 3.9ms | GC: 0.0ms)
  Rendered layout layouts/application.html.erb (Duration: 4.8ms | GC: 0.0ms)
Completed 422 Unprocessable Content in 307ms (Views: 5.3ms | ActiveRecord: 4.8ms (3 queries, 0 cached) | GC: 0.0ms)


Started POST "/users" for 127.0.0.1 at 2026-07-23 10:39:31 -0300
Processing by UsersController#create as HTML
  Parameters: {"authenticity_token" => "[FILTERED]", "user" => {"nome_completo" => "Francisca Maria Silva", "password" => "[FILTERED]", "password_confirmation" => "[FILTERED]", "status" => "1"}, "commit" => "Criar"}
  [1m[36mUser Load (0.6ms)[0m  [1m[34mSELECT "users".* FROM "users" WHERE "users"."id" = 3 LIMIT 1 /*action='create',application='ApiPonto',controller='users'*/[0m
  ↳ app/controllers/application_controller.rb:11:in 'ApplicationController#current_user'
  [1m[36mTRANSACTION (0.4ms)[0m  [1m[35mBEGIN /*action='create',application='ApiPonto',controller='users'*/[0m
  ↳ app/models/user.rb:33:in 'User#generate_username'
  [1m[36mUser Exists? (2.7ms)[0m  [1m[34mSELECT 1 AS one FROM "users" WHERE "users"."username" = 'francisca.silva' LIMIT 1 /*action='create',application='ApiPonto',controller='users'*/[0m
  ↳ app/models/user.rb:33:in 'User#generate_username'
  [1m[36mUser Exists? (0.6ms)[0m  [1m[34mSELECT 1 AS one FROM "users" WHERE LOWER("users"."username") = LOWER('francisca.silva') LIMIT 1 /*action='create',application='ApiPonto',controller='users'*/[0m
  ↳ app/controllers/users_controller.rb:14:in 'UsersController#create'
  [1m[36mUser Create (1.3ms)[0m  [1m[32mINSERT INTO "users" ("nome_completo", "username", "password_digest", "status", "digitais_hash", "created_at", "updated_at") VALUES ('Francisca Maria Silva', 'francisca.silva', '$2a$12$R8SMvX/ivcYAsrfsrjn6H.lPvPMtF5fbjr/9eb995rHClMDTiDX6u', 1, NULL, '2026-07-23 13:39:31.550961', '2026-07-23 13:39:31.550961') RETURNING "id" /*action='create',application='ApiPonto',controller='users'*/[0m
  ↳ app/controllers/users_controller.rb:14:in 'UsersController#create'
  [1m[36mTRANSACTION (3.1ms)[0m  [1m[35mCOMMIT /*action='create',application='ApiPonto',controller='users'*/[0m
  ↳ app/controllers/users_controller.rb:14:in 'UsersController#create'
Redirected to http://localhost:3000/users
Completed 302 Found in 306ms (ActiveRecord: 8.6ms (4 queries, 0 cached) | GC: 0.0ms)


Started GET "/users" for 127.0.0.1 at 2026-07-23 10:39:31 -0300
Processing by UsersController#index as HTML
  [1m[36mUser Load (0.6ms)[0m  [1m[34mSELECT "users".* FROM "users" WHERE "users"."id" = 3 LIMIT 1 /*action='index',application='ApiPonto',controller='users'*/[0m
  ↳ app/controllers/application_controller.rb:11:in 'ApplicationController#current_user'
  Rendering layout layouts/application.html.erb
  Rendering users/index.html.erb within layouts/application
  [1m[36mUser Load (0.5ms)[0m  [1m[34mSELECT "users".* FROM "users" ORDER BY "users"."nome_completo" ASC /*action='index',application='ApiPonto',controller='users'*/[0m
  ↳ app/views/users/index.html.erb:20
  Rendered users/index.html.erb within layouts/application (Duration: 8.5ms | GC: 0.0ms)
  Rendered layout layouts/application.html.erb (Duration: 10.3ms | GC: 0.0ms)
Completed 200 OK in 17ms (Views: 10.6ms | ActiveRecord: 1.1ms (2 queries, 0 cached) | GC: 0.0ms)


Started GET "/" for 127.0.0.1 at 2026-07-23 10:39:49 -0300
Processing by DashboardController#index as HTML
  [1m[36mUser Load (1.0ms)[0m  [1m[34mSELECT "users".* FROM "users" WHERE "users"."id" = 3 LIMIT 1 /*action='index',application='ApiPonto',controller='dashboard'*/[0m
  ↳ app/controllers/application_controller.rb:11:in 'ApplicationController#current_user'
  [1m[36mUser Count (0.8ms)[0m  [1m[34mSELECT COUNT(*) FROM "users" /*action='index',application='ApiPonto',controller='dashboard'*/[0m
  ↳ app/controllers/dashboard_controller.rb:3:in 'DashboardController#index'
  [1m[36mUser Count (0.6ms)[0m  [1m[34mSELECT COUNT(*) FROM "users" WHERE "users"."status" = 1 /*action='index',application='ApiPonto',controller='dashboard'*/[0m
  ↳ app/controllers/dashboard_controller.rb:4:in 'DashboardController#index'
  [1m[36mUser Count (0.4ms)[0m  [1m[34mSELECT COUNT(*) FROM "users" WHERE "users"."digitais_hash" IS NOT NULL /*action='index',application='ApiPonto',controller='dashboard'*/[0m
  ↳ app/controllers/dashboard_controller.rb:6:in 'DashboardController#index'
  [1m[36mTimeRecord Count (0.4ms)[0m  [1m[34mSELECT COUNT(*) FROM "time_records" WHERE (punched_at >= '2026-07-23 00:00:00') /*action='index',application='ApiPonto',controller='dashboard'*/[0m
  ↳ app/controllers/dashboard_controller.rb:9:in 'DashboardController#index'
  [1m[36mTimeRecord Count (0.4ms)[0m  [1m[34mSELECT COUNT(*) FROM "time_records" WHERE (punched_at >= '2026-07-16 13:39:49.228845') /*action='index',application='ApiPonto',controller='dashboard'*/[0m
  ↳ app/controllers/dashboard_controller.rb:10:in 'DashboardController#index'
  [1m[36mTimeRecord Count (0.6ms)[0m  [1m[34mSELECT COUNT(*) FROM "time_records" WHERE (punched_at >= '2026-06-23 13:39:49.231337') /*action='index',application='ApiPonto',controller='dashboard'*/[0m
  ↳ app/controllers/dashboard_controller.rb:11:in 'DashboardController#index'
  Rendering layout layouts/application.html.erb
  Rendering dashboard/index.html.erb within layouts/application
  [1m[36mTimeRecord Load (0.5ms)[0m  [1m[34mSELECT "time_records".* FROM "time_records" ORDER BY "time_records"."created_at" DESC LIMIT 10 /*action='index',application='ApiPonto',controller='dashboard'*/[0m
  ↳ app/views/dashboard/index.html.erb:86
  [1m[36mUser Load (0.5ms)[0m  [1m[34mSELECT "users".* FROM "users" WHERE "users"."id" IN (1, 2) /*action='index',application='ApiPonto',controller='dashboard'*/[0m
  ↳ app/views/dashboard/index.html.erb:86
  Rendered dashboard/index.html.erb within layouts/application (Duration: 6.3ms | GC: 0.0ms)
  Rendered layout layouts/application.html.erb (Duration: 7.5ms | GC: 0.0ms)
Completed 200 OK in 54ms (Views: 7.2ms | ActiveRecord: 5.0ms (9 queries, 0 cached) | GC: 24.4ms)


Started GET "/time_records" for 127.0.0.1 at 2026-07-23 10:39:53 -0300
Processing by TimeRecordsController#index as HTML
  [1m[36mUser Load (1.0ms)[0m  [1m[34mSELECT "users".* FROM "users" WHERE "users"."id" = 3 LIMIT 1 /*action='index',application='ApiPonto',controller='time_records'*/[0m
  ↳ app/controllers/application_controller.rb:11:in 'ApplicationController#current_user'
  [1m[36mTimeRecord Count (0.5ms)[0m  [1m[34mSELECT COUNT(*) FROM "time_records" /*action='index',application='ApiPonto',controller='time_records'*/[0m
  ↳ app/controllers/time_records_controller.rb:21:in 'TimeRecordsController#index'
  Rendering layout layouts/application.html.erb
  Rendering time_records/index.html.erb within layouts/application
  [1m[36mUser Load (0.7ms)[0m  [1m[34mSELECT "users".* FROM "users" ORDER BY "users"."nome_completo" ASC /*action='index',application='ApiPonto',controller='time_records'*/[0m
  ↳ app/views/time_records/index.html.erb:19
  [1m[36mTimeRecord Load (0.5ms)[0m  [1m[34mSELECT "time_records".* FROM "time_records" ORDER BY "time_records"."punched_at" DESC LIMIT 50 /*action='index',application='ApiPonto',controller='time_records'*/[0m
  ↳ app/views/time_records/index.html.erb:44
  [1m[36mUser Load (0.6ms)[0m  [1m[34mSELECT "users".* FROM "users" WHERE "users"."id" IN (2, 1) /*action='index',application='ApiPonto',controller='time_records'*/[0m
  ↳ app/views/time_records/index.html.erb:44
  Rendered time_records/index.html.erb within layouts/application (Duration: 16.7ms | GC: 1.2ms)
  Rendered layout layouts/application.html.erb (Duration: 18.6ms | GC: 1.2ms)
Completed 200 OK in 32ms (Views: 17.9ms | ActiveRecord: 3.2ms (5 queries, 0 cached) | GC: 1.2ms)


Started GET "/login" for 127.0.0.1 at 2026-07-23 13:01:58 -0300
  [1m[36mActiveRecord::SchemaMigration Load (1.8ms)[0m  [1m[34mSELECT "schema_migrations"."version" FROM "schema_migrations" ORDER BY "schema_migrations"."version" ASC /*application='ApiPonto'*/[0m
  
ActiveRecord::PendingMigrationError (

Migrations are pending. To resolve this issue, run:

        bin/rails db:migrate

You have 2 pending migrations:

db/migrate/20260723121710_add_index_status_to_users.rb
db/migrate/20260723160000_add_punch_type_explicit_to_time_records.rb


):
  
activerecord (8.0.5) lib/active_record/migration.rb:742:in 'ActiveRecord::Migration.check_pending_migrations'
activerecord (8.0.5) lib/active_record/migration.rb:659:in 'block (2 levels) in ActiveRecord::Migration::CheckPending#call'
activesupport (8.0.5) lib/active_support/file_update_checker.rb:85:in 'ActiveSupport::FileUpdateChecker#execute'
activerecord (8.0.5) lib/active_record/migration.rb:664:in 'block in ActiveRecord::Migration::CheckPending#call'
activerecord (8.0.5) lib/active_record/migration.rb:656:in 'Thread::Mutex#synchronize'
activerecord (8.0.5) lib/active_record/migration.rb:656:in 'ActiveRecord::Migration::CheckPending#call'
actionpack (8.0.5) lib/action_dispatch/middleware/callbacks.rb:31:in 'block in ActionDispatch::Callbacks#call'
activesupport (8.0.5) lib/active_support/callbacks.rb:100:in 'ActiveSupport::Callbacks#run_callbacks'
actionpack (8.0.5) lib/action_dispatch/middleware/callbacks.rb:30:in 'ActionDispatch::Callbacks#call'
actionpack (8.0.5) lib/action_dispatch/middleware/executor.rb:16:in 'ActionDispatch::Executor#call'
actionpack (8.0.5) lib/action_dispatch/middleware/actionable_exceptions.rb:18:in 'ActionDispatch::ActionableExceptions#call'
actionpack (8.0.5) lib/action_dispatch/middleware/debug_exceptions.rb:31:in 'ActionDispatch::DebugExceptions#call'
actionpack (8.0.5) lib/action_dispatch/middleware/show_exceptions.rb:32:in 'ActionDispatch::ShowExceptions#call'
railties (8.0.5) lib/rails/rack/logger.rb:41:in 'Rails::Rack::Logger#call_app'
railties (8.0.5) lib/rails/rack/logger.rb:29:in 'Rails::Rack::Logger#call'
actionpack (8.0.5) lib/action_dispatch/middleware/remote_ip.rb:96:in 'ActionDispatch::RemoteIp#call'
actionpack (8.0.5) lib/action_dispatch/middleware/request_id.rb:34:in 'ActionDispatch::RequestId#call'
rack (3.2.6) lib/rack/runtime.rb:24:in 'Rack::Runtime#call'
actionpack (8.0.5) lib/action_dispatch/middleware/server_timing.rb:61:in 'block in ActionDispatch::ServerTiming#call'
actionpack (8.0.5) lib/action_dispatch/middleware/server_timing.rb:26:in 'ActionDispatch::ServerTiming::Subscriber#collect_events'
actionpack (8.0.5) lib/action_dispatch/middleware/server_timing.rb:60:in 'ActionDispatch::ServerTiming#call'
actionpack (8.0.5) lib/action_dispatch/middleware/executor.rb:16:in 'ActionDispatch::Executor#call'
propshaft (1.3.2) lib/propshaft/server.rb:37:in 'Propshaft::Server#call'
actionpack (8.0.5) lib/action_dispatch/middleware/static.rb:27:in 'ActionDispatch::Static#call'
rack (3.2.6) lib/rack/sendfile.rb:131:in 'Rack::Sendfile#call'
actionpack (8.0.5) lib/action_dispatch/middleware/host_authorization.rb:143:in 'ActionDispatch::HostAuthorization#call'
railties (8.0.5) lib/rails/engine.rb:535:in 'Rails::Engine#call'
puma (8.0.2) lib/puma/configuration.rb:305:in 'Puma::Configuration::ConfigMiddleware#call'
puma (8.0.2) lib/puma/response.rb:79:in 'block in Puma::Response#handle_request'
puma (8.0.2) lib/puma/thread_pool.rb:434:in 'Puma::ThreadPool#with_force_shutdown'
puma (8.0.2) lib/puma/response.rb:78:in 'Puma::Response#handle_request'
puma (8.0.2) lib/puma/server.rb:508:in 'Puma::Server#process_client'
puma (8.0.2) lib/puma/server.rb:263:in 'block in Puma::Server#run'
puma (8.0.2) lib/puma/thread_pool.rb:246:in 'block in Puma::ThreadPool#spawn_thread'
  [1m[35m (0.5ms)[0m  [1m[34mSELECT pg_try_advisory_lock(7924882114928183895) /*application='ApiPonto'*/[0m
  [1m[36mActiveRecord::SchemaMigration Load (0.4ms)[0m  [1m[34mSELECT "schema_migrations"."version" FROM "schema_migrations" ORDER BY "schema_migrations"."version" ASC /*application='ApiPonto'*/[0m
  [1m[36mActiveRecord::InternalMetadata Load (2.0ms)[0m  [1m[34mSELECT * FROM "ar_internal_metadata" WHERE "ar_internal_metadata"."key" = 'environment' ORDER BY "ar_internal_metadata"."key" ASC LIMIT 1 /*application='ApiPonto'*/[0m
Migrating to AddIndexStatusToUsers (20260723121710)
  [1m[36mTRANSACTION (0.1ms)[0m  [1m[35mBEGIN /*application='ApiPonto'*/[0m
  [1m[35m (12.0ms)[0m  [1m[35mCREATE INDEX "index_users_on_status" ON "users" ("status") /*application='ApiPonto'*/[0m
  [1m[36mActiveRecord::SchemaMigration Create (0.2ms)[0m  [1m[32mINSERT INTO "schema_migrations" ("version") VALUES ('20260723121710') RETURNING "version" /*application='ApiPonto'*/[0m
  [1m[36mTRANSACTION (2.1ms)[0m  [1m[35mCOMMIT /*application='ApiPonto'*/[0m
Migrating to AddPunchTypeExplicitToTimeRecords (20260723160000)
  [1m[36mTRANSACTION (0.1ms)[0m  [1m[35mBEGIN /*application='ApiPonto'*/[0m
  [1m[35m (1.5ms)[0m  [1m[35mALTER TABLE "time_records" ADD "punch_type_explicit" boolean DEFAULT FALSE NOT NULL /*application='ApiPonto'*/[0m
  [1m[36mActiveRecord::SchemaMigration Create (0.1ms)[0m  [1m[32mINSERT INTO "schema_migrations" ("version") VALUES ('20260723160000') RETURNING "version" /*application='ApiPonto'*/[0m
  [1m[36mTRANSACTION (0.4ms)[0m  [1m[35mCOMMIT /*application='ApiPonto'*/[0m
  [1m[35m (0.1ms)[0m  [1m[34mSELECT pg_advisory_unlock(7924882114928183895) /*application='ApiPonto'*/[0m
  [1m[36mActiveRecord::SchemaMigration Load (0.1ms)[0m  [1m[34mSELECT "schema_migrations"."version" FROM "schema_migrations" ORDER BY "schema_migrations"."version" ASC /*application='ApiPonto'*/[0m
Started GET "/login" for 127.0.0.1 at 2026-07-23 13:02:50 -0300
  [1m[36mActiveRecord::SchemaMigration Load (0.4ms)[0m  [1m[34mSELECT "schema_migrations"."version" FROM "schema_migrations" ORDER BY "schema_migrations"."version" ASC /*application='ApiPonto'*/[0m
Processing by Admin::SessionsController#new as */*
  Rendering layout layouts/login.html.erb
  Rendering admin/sessions/new.html.erb within layouts/login
  Rendered admin/sessions/new.html.erb within layouts/login (Duration: 1.8ms | GC: 0.0ms)
  Rendered layout layouts/login.html.erb (Duration: 2.5ms | GC: 0.0ms)
Completed 200 OK in 9ms (Views: 7.4ms | ActiveRecord: 0.0ms (0 queries, 0 cached) | GC: 0.0ms)


Started GET "/PontoDePresenca" for 127.0.0.1 at 2026-07-23 13:02:50 -0300
  
ActionController::RoutingError (No route matches [GET] "/PontoDePresenca"):
  
Started GET "/presenca/PontoDePresenca" for 127.0.0.1 at 2026-07-23 13:03:05 -0300
Processing by Presenca::PontoDePresencaController#show as */*
  [1m[36mTimeRecord Load (5.9ms)[0m  [1m[34mSELECT "time_records".* FROM "time_records" WHERE "time_records"."user_id" = 1 AND "time_records"."punched_at" BETWEEN '2026-07-23 00:00:00' AND '2026-07-23 23:59:59.999999' ORDER BY "time_records"."punched_at" DESC, "time_records"."created_at" DESC LIMIT 1 /*action='show',application='ApiPonto',controller='ponto_de_presenca'*/[0m
  ↳ app/models/time_record.rb:13:in 'TimeRecord.last_today'
  Rendering layout layouts/application.html.erb
  Rendering presenca/ponto_de_presenca/index.html.erb within layouts/application
  [1m[36mTimeRecord Load (0.4ms)[0m  [1m[34mSELECT "time_records".* FROM "time_records" WHERE "time_records"."punched_at" BETWEEN '2026-07-23 00:00:00' AND '2026-07-23 23:59:59.999999' ORDER BY "time_records"."punched_at" ASC /*action='show',application='ApiPonto',controller='ponto_de_presenca'*/[0m
  ↳ app/views/presenca/ponto_de_presenca/index.html.erb:44
  Rendered presenca/ponto_de_presenca/index.html.erb within layouts/application (Duration: 2.7ms | GC: 0.0ms)
  Rendered layout layouts/application.html.erb (Duration: 4.2ms | GC: 0.0ms)
Completed 200 OK in 39ms (Views: 5.0ms | ActiveRecord: 11.5ms (2 queries, 0 cached) | GC: 0.0ms)


Started GET "/presenca/CarregaRelogioAtual" for 127.0.0.1 at 2026-07-23 13:15:36 -0300
Processing by Presenca::CarregaRelogioAtualController#show as HTML
Completed 200 OK in 2ms (Views: 1.9ms | ActiveRecord: 0.0ms (0 queries, 0 cached) | GC: 1.7ms)


Started GET "/presenca/IniciarPonto" for 127.0.0.1 at 2026-07-23 13:15:36 -0300
Processing by Presenca::IniciarPontoController#show as HTML
  [1m[36mTimeRecord Load (25.7ms)[0m  [1m[34mSELECT "time_records".* FROM "time_records" WHERE "time_records"."user_id" = 1 AND "time_records"."punched_at" BETWEEN '2026-07-23 00:00:00' AND '2026-07-23 23:59:59.999999' ORDER BY "time_records"."punched_at" DESC, "time_records"."created_at" DESC LIMIT 1 /*action='show',application='ApiPonto',controller='iniciar_ponto'*/[0m
  ↳ app/models/time_record.rb:13:in 'TimeRecord.last_today'
  Rendering layout layouts/application.html.erb
  Rendering presenca/iniciar_ponto/iniciar_ponto.html.erb within layouts/application
  Rendered presenca/iniciar_ponto/iniciar_ponto.html.erb within layouts/application (Duration: 0.8ms | GC: 0.0ms)
  Rendered layout layouts/application.html.erb (Duration: 1.5ms | GC: 0.0ms)
Completed 200 OK in 35ms (Views: 2.1ms | ActiveRecord: 31.1ms (1 query, 0 cached) | GC: 16.1ms)


Started GET "/presenca/InicializarPonto?codigoAtivacao=SistemaOperacionalNaoSuportado&codigoUnicoMaquina=e0c2934d-adea-453d-b2cd-8715d08281ee" for 127.0.0.1 at 2026-07-23 13:15:37 -0300
Processing by Presenca::InicializarPontoController#show as HTML
  Parameters: {"codigoAtivacao" => "SistemaOperacionalNaoSuportado", "codigoUnicoMaquina" => "e0c2934d-adea-453d-b2cd-8715d08281ee"}
  Rendering layout layouts/application.html.erb
  Rendering presenca/inicializar_ponto/inicializar_ponto.html.erb within layouts/application
  Rendered presenca/inicializar_ponto/inicializar_ponto.html.erb within layouts/application (Duration: 1.0ms | GC: 0.0ms)
  Rendered layout layouts/application.html.erb (Duration: 2.7ms | GC: 0.0ms)
Completed 200 OK in 5ms (Views: 4.4ms | ActiveRecord: 0.0ms (0 queries, 0 cached) | GC: 0.0ms)


Started GET "/presenca/PontoDePresenca" for 127.0.0.1 at 2026-07-23 13:15:39 -0300
Processing by Presenca::PontoDePresencaController#show as HTML
  [1m[36mTimeRecord Load (0.5ms)[0m  [1m[34mSELECT "time_records".* FROM "time_records" WHERE "time_records"."user_id" = 1 AND "time_records"."punched_at" BETWEEN '2026-07-23 00:00:00' AND '2026-07-23 23:59:59.999999' ORDER BY "time_records"."punched_at" DESC, "time_records"."created_at" DESC LIMIT 1 /*action='show',application='ApiPonto',controller='ponto_de_presenca'*/[0m
  ↳ app/models/time_record.rb:13:in 'TimeRecord.last_today'
  Rendering layout layouts/application.html.erb
  Rendering presenca/ponto_de_presenca/index.html.erb within layouts/application
  [1m[36mTimeRecord Load (0.3ms)[0m  [1m[34mSELECT "time_records".* FROM "time_records" WHERE "time_records"."punched_at" BETWEEN '2026-07-23 00:00:00' AND '2026-07-23 23:59:59.999999' ORDER BY "time_records"."punched_at" ASC /*action='show',application='ApiPonto',controller='ponto_de_presenca'*/[0m
  ↳ app/views/presenca/ponto_de_presenca/index.html.erb:44
  Rendered presenca/ponto_de_presenca/index.html.erb within layouts/application (Duration: 1.6ms | GC: 0.0ms)
  Rendered layout layouts/application.html.erb (Duration: 4.6ms | GC: 0.0ms)
Completed 200 OK in 18ms (Views: 4.6ms | ActiveRecord: 0.8ms (2 queries, 0 cached) | GC: 2.5ms)


Started GET "/" for 127.0.0.1 at 2026-07-23 13:18:22 -0300
  [1m[36mActiveRecord::SchemaMigration Load (0.6ms)[0m  [1m[34mSELECT "schema_migrations"."version" FROM "schema_migrations" ORDER BY "schema_migrations"."version" ASC /*application='ApiPonto'*/[0m
Processing by Admin::DashboardController#index as HTML
Redirected to http://localhost:3000/login
Filter chain halted as :require_login rendered or redirected
Completed 302 Found in 2ms (ActiveRecord: 0.0ms (0 queries, 0 cached) | GC: 0.0ms)


Started GET "/login" for 127.0.0.1 at 2026-07-23 13:18:22 -0300
Processing by Admin::SessionsController#new as HTML
  Rendering layout layouts/login.html.erb
  Rendering admin/sessions/new.html.erb within layouts/login
  Rendered admin/sessions/new.html.erb within layouts/login (Duration: 1.2ms | GC: 0.0ms)
  Rendered layout layouts/login.html.erb (Duration: 1.8ms | GC: 0.0ms)
Completed 200 OK in 16ms (Views: 15.4ms | ActiveRecord: 0.0ms (0 queries, 0 cached) | GC: 0.0ms)


Started GET "/firebase-messaging-sw.js" for 127.0.0.1 at 2026-07-23 13:18:23 -0300
  
ActionController::RoutingError (No route matches [GET] "/firebase-messaging-sw.js"):
  
Started POST "/login" for 127.0.0.1 at 2026-07-23 13:18:30 -0300
Processing by Admin::SessionsController#create as HTML
  Parameters: {"authenticity_token"=>"[FILTERED]", "username"=>"admin.admin", "password"=>"[FILTERED]", "commit"=>"Entrar"}
  [1m[36mUser Load (2.2ms)[0m  [1m[34mSELECT "users".* FROM "users" WHERE "users"."username" = 'admin.admin' LIMIT 1 /*action='create',application='ApiPonto',controller='sessions'*/[0m
  ↳ app/controllers/admin/sessions_controller.rb:15:in `create'
  Rendering layout layouts/login.html.erb
  Rendering admin/sessions/new.html.erb within layouts/login
  Rendered admin/sessions/new.html.erb within layouts/login (Duration: 0.4ms | GC: 0.0ms)
  Rendered layout layouts/login.html.erb (Duration: 0.6ms | GC: 0.0ms)
Completed 422 Unprocessable Content in 39ms (Views: 0.9ms | ActiveRecord: 7.1ms (1 query, 0 cached) | GC: 2.5ms)


Started GET "/firebase-messaging-sw.js" for 127.0.0.1 at 2026-07-23 13:18:32 -0300
  
ActionController::RoutingError (No route matches [GET] "/firebase-messaging-sw.js"):
  
Started POST "/login" for 127.0.0.1 at 2026-07-23 13:18:37 -0300
Processing by Admin::SessionsController#create as HTML
  Parameters: {"authenticity_token"=>"[FILTERED]", "username"=>"admin.admin", "password"=>"[FILTERED]", "commit"=>"Entrar"}
  [1m[36mUser Load (0.4ms)[0m  [1m[34mSELECT "users".* FROM "users" WHERE "users"."username" = 'admin.admin' LIMIT 1 /*action='create',application='ApiPonto',controller='sessions'*/[0m
  ↳ app/controllers/admin/sessions_controller.rb:15:in `create'
  Rendering layout layouts/login.html.erb
  Rendering admin/sessions/new.html.erb within layouts/login
  Rendered admin/sessions/new.html.erb within layouts/login (Duration: 0.7ms | GC: 0.0ms)
  Rendered layout layouts/login.html.erb (Duration: 1.3ms | GC: 0.0ms)
Completed 422 Unprocessable Content in 4ms (Views: 1.7ms | ActiveRecord: 0.4ms (1 query, 0 cached) | GC: 0.0ms)


Started GET "/firebase-messaging-sw.js" for 127.0.0.1 at 2026-07-23 13:18:38 -0300
  
ActionController::RoutingError (No route matches [GET] "/firebase-messaging-sw.js"):
  
Started GET "/presenca/CarregaRelogioAtual" for 127.0.0.1 at 2026-07-23 13:18:53 -0300
Processing by Presenca::CarregaRelogioAtualController#show as */*
Completed 200 OK in 0ms (Views: 0.1ms | ActiveRecord: 0.0ms (0 queries, 0 cached) | GC: 0.0ms)


Started GET "/presenca/CarregaRelogioAtual" for 127.0.0.1 at 2026-07-23 13:18:53 -0300
Processing by Presenca::CarregaRelogioAtualController#show as */*
Completed 200 OK in 0ms (Views: 0.1ms | ActiveRecord: 0.0ms (0 queries, 0 cached) | GC: 0.0ms)


Started POST "/login" for 127.0.0.1 at 2026-07-23 13:19:08 -0300
Processing by Admin::SessionsController#create as HTML
  Parameters: {"authenticity_token"=>"[FILTERED]", "username"=>"admin.admin", "password"=>"[FILTERED]", "commit"=>"Entrar"}
  [1m[36mUser Load (0.5ms)[0m  [1m[34mSELECT "users".* FROM "users" WHERE "users"."username" = 'admin.admin' LIMIT 1 /*action='create',application='ApiPonto',controller='sessions'*/[0m
  ↳ app/controllers/admin/sessions_controller.rb:15:in `create'
  Rendering layout layouts/login.html.erb
  Rendering admin/sessions/new.html.erb within layouts/login
  Rendered admin/sessions/new.html.erb within layouts/login (Duration: 0.4ms | GC: 0.0ms)
  Rendered layout layouts/login.html.erb (Duration: 0.7ms | GC: 0.0ms)
Completed 422 Unprocessable Content in 3ms (Views: 0.9ms | ActiveRecord: 0.5ms (1 query, 0 cached) | GC: 0.0ms)


Started GET "/firebase-messaging-sw.js" for 127.0.0.1 at 2026-07-23 13:19:09 -0300
  
ActionController::RoutingError (No route matches [GET] "/firebase-messaging-sw.js"):
  
Started POST "/login" for 127.0.0.1 at 2026-07-23 13:21:01 -0300
Processing by Admin::SessionsController#create as HTML
  Parameters: {"authenticity_token"=>"[FILTERED]", "username"=>"admin.admin", "password"=>"[FILTERED]", "commit"=>"Entrar"}
  [1m[36mUser Load (0.3ms)[0m  [1m[34mSELECT "users".* FROM "users" WHERE "users"."username" = 'admin.admin' LIMIT 1 /*action='create',application='ApiPonto',controller='sessions'*/[0m
  ↳ app/controllers/admin/sessions_controller.rb:15:in `create'
  Rendering layout layouts/login.html.erb
  Rendering admin/sessions/new.html.erb within layouts/login
  Rendered admin/sessions/new.html.erb within layouts/login (Duration: 0.4ms | GC: 0.0ms)
  Rendered layout layouts/login.html.erb (Duration: 0.8ms | GC: 0.0ms)
Completed 422 Unprocessable Content in 3ms (Views: 1.1ms | ActiveRecord: 0.3ms (1 query, 0 cached) | GC: 0.0ms)


Started GET "/firebase-messaging-sw.js" for 127.0.0.1 at 2026-07-23 13:21:02 -0300
  
ActionController::RoutingError (No route matches [GET] "/firebase-messaging-sw.js"):
  
Started POST "/login" for 127.0.0.1 at 2026-07-23 13:21:50 -0300
Processing by Admin::SessionsController#create as HTML
  Parameters: {"authenticity_token"=>"[FILTERED]", "username"=>"admin.admin", "password"=>"[FILTERED]", "commit"=>"Entrar"}
  [1m[36mUser Load (0.3ms)[0m  [1m[34mSELECT "users".* FROM "users" WHERE "users"."username" = 'admin.admin' LIMIT 1 /*action='create',application='ApiPonto',controller='sessions'*/[0m
  ↳ app/controllers/admin/sessions_controller.rb:15:in `create'
  Rendering layout layouts/login.html.erb
  Rendering admin/sessions/new.html.erb within layouts/login
  Rendered admin/sessions/new.html.erb within layouts/login (Duration: 0.4ms | GC: 0.0ms)
  Rendered layout layouts/login.html.erb (Duration: 0.6ms | GC: 0.0ms)
Completed 422 Unprocessable Content in 2ms (Views: 0.8ms | ActiveRecord: 0.3ms (1 query, 0 cached) | GC: 0.0ms)


Started GET "/firebase-messaging-sw.js" for 127.0.0.1 at 2026-07-23 13:21:51 -0300
  
ActionController::RoutingError (No route matches [GET] "/firebase-messaging-sw.js"):
  
Started GET "/presenca/CarregaRelogioAtual" for 127.0.0.1 at 2026-07-23 13:27:22 -0300
  [1m[36mActiveRecord::SchemaMigration Load (0.4ms)[0m  [1m[34mSELECT "schema_migrations"."version" FROM "schema_migrations" ORDER BY "schema_migrations"."version" ASC /*application='ApiPonto'*/[0m
Processing by Presenca::CarregaRelogioAtualController#show as */*
Completed 200 OK in 4ms (Views: 0.1ms | ActiveRecord: 0.0ms (0 queries, 0 cached) | GC: 0.0ms)


Started GET "/presenca/CarregaRelogioAtual" for 127.0.0.1 at 2026-07-23 13:27:34 -0300
Processing by Presenca::CarregaRelogioAtualController#show as HTML
Completed 200 OK in 0ms (Views: 0.1ms | ActiveRecord: 0.0ms (0 queries, 0 cached) | GC: 0.0ms)


Started GET "/presenca/IniciarPonto" for 127.0.0.1 at 2026-07-23 13:27:34 -0300
Processing by Presenca::IniciarPontoController#show as HTML
  [1m[36mTimeRecord Load (0.6ms)[0m  [1m[34mSELECT "time_records".* FROM "time_records" WHERE "time_records"."user_id" = 1 AND "time_records"."punched_at" BETWEEN '2026-07-23 00:00:00' AND '2026-07-23 23:59:59.999999' ORDER BY "time_records"."punched_at" DESC, "time_records"."created_at" DESC LIMIT 1 /*action='show',application='ApiPonto',controller='iniciar_ponto'*/[0m
  ↳ app/models/time_record.rb:13:in `last_today'
  Rendering layout layouts/application.html.erb
  Rendering presenca/iniciar_ponto/iniciar_ponto.html.erb within layouts/application
  Rendered presenca/iniciar_ponto/iniciar_ponto.html.erb within layouts/application (Duration: 0.9ms | GC: 0.0ms)
  Rendered layout layouts/application.html.erb (Duration: 2.7ms | GC: 0.0ms)
Completed 200 OK in 46ms (Views: 9.8ms | ActiveRecord: 6.0ms (1 query, 0 cached) | GC: 0.0ms)


Started GET "/presenca/InicializarPonto?codigoAtivacao=SistemaOperacionalNaoSuportado&codigoUnicoMaquina=54d93b66-3d8c-4f8f-9d2b-59bb5540b181" for 127.0.0.1 at 2026-07-23 13:27:35 -0300
Processing by Presenca::InicializarPontoController#show as HTML
  Parameters: {"codigoAtivacao"=>"SistemaOperacionalNaoSuportado", "codigoUnicoMaquina"=>"54d93b66-3d8c-4f8f-9d2b-59bb5540b181"}
  Rendering layout layouts/application.html.erb
  Rendering presenca/inicializar_ponto/inicializar_ponto.html.erb within layouts/application
  Rendered presenca/inicializar_ponto/inicializar_ponto.html.erb within layouts/application (Duration: 0.4ms | GC: 0.0ms)
  Rendered layout layouts/application.html.erb (Duration: 1.1ms | GC: 0.0ms)
Completed 200 OK in 2ms (Views: 1.9ms | ActiveRecord: 0.0ms (0 queries, 0 cached) | GC: 0.0ms)


Started GET "/presenca/PontoDePresenca" for 127.0.0.1 at 2026-07-23 13:27:37 -0300
Processing by Presenca::PontoDePresencaController#show as HTML
  [1m[36mTimeRecord Load (0.5ms)[0m  [1m[34mSELECT "time_records".* FROM "time_records" WHERE "time_records"."user_id" = 1 AND "time_records"."punched_at" BETWEEN '2026-07-23 00:00:00' AND '2026-07-23 23:59:59.999999' ORDER BY "time_records"."punched_at" DESC, "time_records"."created_at" DESC LIMIT 1 /*action='show',application='ApiPonto',controller='ponto_de_presenca'*/[0m
  ↳ app/models/time_record.rb:13:in `last_today'
  Rendering layout layouts/application.html.erb
  Rendering presenca/ponto_de_presenca/index.html.erb within layouts/application
  [1m[36mTimeRecord Load (0.5ms)[0m  [1m[34mSELECT "time_records".* FROM "time_records" WHERE "time_records"."punched_at" BETWEEN '2026-07-23 00:00:00' AND '2026-07-23 23:59:59.999999' ORDER BY "time_records"."punched_at" ASC /*action='show',application='ApiPonto',controller='ponto_de_presenca'*/[0m
  ↳ app/views/presenca/ponto_de_presenca/index.html.erb:44
  Rendered presenca/ponto_de_presenca/index.html.erb within layouts/application (Duration: 3.5ms | GC: 0.0ms)
  Rendered layout layouts/application.html.erb (Duration: 7.7ms | GC: 0.0ms)
Completed 200 OK in 11ms (Views: 7.9ms | ActiveRecord: 1.0ms (2 queries, 0 cached) | GC: 0.0ms)


Started POST "/presenca/ajax/SincronizarRegistrosPonto" for 127.0.0.1 at 2026-07-23 13:27:40 -0300
Processing by Presenca::SincronizarRegistrosPontoController#create as HTML
  Parameters: {"registros"=>"1-23:07:2026:16:27:40", "codAtivacao"=>"poc-ativacao-001"}
  [1m[36mUser Load (0.4ms)[0m  [1m[34mSELECT "users".* FROM "users" WHERE "users"."id" = 1 LIMIT 1 /*action='create',application='ApiPonto',controller='sincronizar_registros_ponto'*/[0m
  ↳ app/controllers/presenca/sincronizar_registros_ponto_controller.rb:38:in `block in create'
  [1m[36mTimeRecord Load (0.4ms)[0m  [1m[34mSELECT "time_records".* FROM "time_records" WHERE "time_records"."user_id" = 1 AND "time_records"."punched_at" BETWEEN '2026-07-23 00:00:00' AND '2026-07-23 23:59:59.999999' ORDER BY "time_records"."punched_at" DESC, "time_records"."created_at" DESC LIMIT 1 /*action='create',application='ApiPonto',controller='sincronizar_registros_ponto'*/[0m
  ↳ app/models/time_record.rb:13:in `last_today'
  [1m[36mCACHE User Load (0.0ms)[0m  [1m[34mSELECT "users".* FROM "users" WHERE "users"."id" = 1 LIMIT 1[0m
  ↳ app/controllers/presenca/sincronizar_registros_ponto_controller.rb:62:in `block in create'
  [1m[36mTRANSACTION (0.1ms)[0m  [1m[35mBEGIN /*action='create',application='ApiPonto',controller='sincronizar_registros_ponto'*/[0m
  ↳ app/controllers/presenca/sincronizar_registros_ponto_controller.rb:62:in `block in create'
  [1m[36mTimeRecord Create (3.9ms)[0m  [1m[32mINSERT INTO "time_records" ("user_id", "raw_data", "punched_at", "authentication_mode", "created_at", "updated_at", "punch_type", "punch_type_explicit") VALUES (1, '1-23:07:2026:16:27:40', '2026-07-23 16:27:40', 'biometric', '2026-07-23 16:27:40.613617', '2026-07-23 16:27:40.613617', 'entry', FALSE) RETURNING "id" /*action='create',application='ApiPonto',controller='sincronizar_registros_ponto'*/[0m
  ↳ app/controllers/presenca/sincronizar_registros_ponto_controller.rb:62:in `block in create'
  [1m[36mTRANSACTION (1.1ms)[0m  [1m[35mCOMMIT /*action='create',application='ApiPonto',controller='sincronizar_registros_ponto'*/[0m
  ↳ app/controllers/presenca/sincronizar_registros_ponto_controller.rb:62:in `block in create'
Completed 200 OK in 60ms (Views: 0.1ms | ActiveRecord: 11.3ms (4 queries, 1 cached) | GC: 15.8ms)


Started GET "/presenca/PontoDePresenca" for 127.0.0.1 at 2026-07-23 13:27:41 -0300
Processing by Presenca::PontoDePresencaController#show as HTML
  [1m[36mTimeRecord Load (0.4ms)[0m  [1m[34mSELECT "time_records".* FROM "time_records" WHERE "time_records"."user_id" = 1 AND "time_records"."punched_at" BETWEEN '2026-07-23 00:00:00' AND '2026-07-23 23:59:59.999999' ORDER BY "time_records"."punched_at" DESC, "time_records"."created_at" DESC LIMIT 1 /*action='show',application='ApiPonto',controller='ponto_de_presenca'*/[0m
  ↳ app/models/time_record.rb:13:in `last_today'
  Rendering layout layouts/application.html.erb
  Rendering presenca/ponto_de_presenca/index.html.erb within layouts/application
  [1m[36mUser Load (0.3ms)[0m  [1m[34mSELECT "users".* FROM "users" WHERE "users"."id" = 1 LIMIT 1 /*action='show',application='ApiPonto',controller='ponto_de_presenca'*/[0m
  ↳ app/views/presenca/ponto_de_presenca/index.html.erb:17
  [1m[36mTimeRecord Load (0.3ms)[0m  [1m[34mSELECT "time_records".* FROM "time_records" WHERE "time_records"."punched_at" BETWEEN '2026-07-23 00:00:00' AND '2026-07-23 23:59:59.999999' ORDER BY "time_records"."punched_at" ASC /*action='show',application='ApiPonto',controller='ponto_de_presenca'*/[0m
  ↳ app/views/presenca/ponto_de_presenca/index.html.erb:44
  Rendered presenca/ponto_de_presenca/index.html.erb within layouts/application (Duration: 2.8ms | GC: 0.0ms)
  Rendered layout layouts/application.html.erb (Duration: 3.6ms | GC: 0.0ms)
Completed 200 OK in 7ms (Views: 3.3ms | ActiveRecord: 1.0ms (3 queries, 0 cached) | GC: 0.7ms)


Started POST "/presenca/ajax/SincronizarRegistrosPonto" for 127.0.0.1 at 2026-07-23 13:27:43 -0300
Processing by Presenca::SincronizarRegistrosPontoController#create as HTML
  Parameters: {"registros"=>"1-23:07:2026:16:27:43", "codAtivacao"=>"poc-ativacao-001"}
  [1m[36mUser Load (0.4ms)[0m  [1m[34mSELECT "users".* FROM "users" WHERE "users"."id" = 1 LIMIT 1 /*action='create',application='ApiPonto',controller='sincronizar_registros_ponto'*/[0m
  ↳ app/controllers/presenca/sincronizar_registros_ponto_controller.rb:38:in `block in create'
  [1m[36mTimeRecord Load (0.4ms)[0m  [1m[34mSELECT "time_records".* FROM "time_records" WHERE "time_records"."user_id" = 1 AND "time_records"."punched_at" BETWEEN '2026-07-23 00:00:00' AND '2026-07-23 23:59:59.999999' ORDER BY "time_records"."punched_at" DESC, "time_records"."created_at" DESC LIMIT 1 /*action='create',application='ApiPonto',controller='sincronizar_registros_ponto'*/[0m
  ↳ app/models/time_record.rb:13:in `last_today'
  [1m[36mCACHE User Load (0.0ms)[0m  [1m[34mSELECT "users".* FROM "users" WHERE "users"."id" = 1 LIMIT 1[0m
  ↳ app/controllers/presenca/sincronizar_registros_ponto_controller.rb:62:in `block in create'
  [1m[36mTRANSACTION (0.1ms)[0m  [1m[35mBEGIN /*action='create',application='ApiPonto',controller='sincronizar_registros_ponto'*/[0m
  ↳ app/controllers/presenca/sincronizar_registros_ponto_controller.rb:62:in `block in create'
  [1m[36mTimeRecord Create (1.0ms)[0m  [1m[32mINSERT INTO "time_records" ("user_id", "raw_data", "punched_at", "authentication_mode", "created_at", "updated_at", "punch_type", "punch_type_explicit") VALUES (1, '1-23:07:2026:16:27:43', '2026-07-23 16:27:43', 'biometric', '2026-07-23 16:27:43.774022', '2026-07-23 16:27:43.774022', 'exit', FALSE) RETURNING "id" /*action='create',application='ApiPonto',controller='sincronizar_registros_ponto'*/[0m
  ↳ app/controllers/presenca/sincronizar_registros_ponto_controller.rb:62:in `block in create'
  [1m[36mTRANSACTION (3.7ms)[0m  [1m[35mCOMMIT /*action='create',application='ApiPonto',controller='sincronizar_registros_ponto'*/[0m
  ↳ app/controllers/presenca/sincronizar_registros_ponto_controller.rb:62:in `block in create'
Completed 200 OK in 11ms (Views: 0.1ms | ActiveRecord: 5.7ms (4 queries, 1 cached) | GC: 0.5ms)


Started GET "/presenca/PontoDePresenca" for 127.0.0.1 at 2026-07-23 13:27:44 -0300
Processing by Presenca::PontoDePresencaController#show as HTML
  [1m[36mTimeRecord Load (0.6ms)[0m  [1m[34mSELECT "time_records".* FROM "time_records" WHERE "time_records"."user_id" = 1 AND "time_records"."punched_at" BETWEEN '2026-07-23 00:00:00' AND '2026-07-23 23:59:59.999999' ORDER BY "time_records"."punched_at" DESC, "time_records"."created_at" DESC LIMIT 1 /*action='show',application='ApiPonto',controller='ponto_de_presenca'*/[0m
  ↳ app/models/time_record.rb:13:in `last_today'
  Rendering layout layouts/application.html.erb
  Rendering presenca/ponto_de_presenca/index.html.erb within layouts/application
  [1m[36mUser Load (0.4ms)[0m  [1m[34mSELECT "users".* FROM "users" WHERE "users"."id" = 1 LIMIT 1 /*action='show',application='ApiPonto',controller='ponto_de_presenca'*/[0m
  ↳ app/views/presenca/ponto_de_presenca/index.html.erb:17
  [1m[36mTimeRecord Load (0.5ms)[0m  [1m[34mSELECT "time_records".* FROM "time_records" WHERE "time_records"."punched_at" BETWEEN '2026-07-23 00:00:00' AND '2026-07-23 23:59:59.999999' ORDER BY "time_records"."punched_at" ASC /*action='show',application='ApiPonto',controller='ponto_de_presenca'*/[0m
  ↳ app/views/presenca/ponto_de_presenca/index.html.erb:44
  Rendered presenca/ponto_de_presenca/index.html.erb within layouts/application (Duration: 4.9ms | GC: 1.0ms)
  Rendered layout layouts/application.html.erb (Duration: 6.8ms | GC: 1.4ms)
Completed 200 OK in 11ms (Views: 6.4ms | ActiveRecord: 1.4ms (3 queries, 0 cached) | GC: 1.4ms)


  [1m[36mTimeRecord Load (0.4ms)[0m  [1m[34mSELECT "time_records".* FROM "time_records" ORDER BY "time_records"."created_at" DESC LIMIT 10 /*application='ApiPonto'*/[0m
  [1m[36mTimeRecord Count (16.5ms)[0m  [1m[34mSELECT COUNT(*) FROM "time_records" /*application='ApiPonto'*/[0m
Started POST "/presenca/ajax/SincronizarRegistrosPonto" for 127.0.0.1 at 2026-07-23 13:32:40 -0300
Processing by Presenca::SincronizarRegistrosPontoController#create as HTML
  Parameters: {"registros"=>"1-23:07:2026:16:32:40", "codAtivacao"=>"poc-ativacao-001"}
  [1m[36mUser Load (0.4ms)[0m  [1m[34mSELECT "users".* FROM "users" WHERE "users"."id" = 1 LIMIT 1 /*action='create',application='ApiPonto',controller='sincronizar_registros_ponto'*/[0m
  ↳ app/controllers/presenca/sincronizar_registros_ponto_controller.rb:38:in `block in create'
  [1m[36mTimeRecord Load (0.3ms)[0m  [1m[34mSELECT "time_records".* FROM "time_records" WHERE "time_records"."user_id" = 1 AND "time_records"."punched_at" BETWEEN '2026-07-23 00:00:00' AND '2026-07-23 23:59:59.999999' ORDER BY "time_records"."punched_at" DESC, "time_records"."created_at" DESC LIMIT 1 /*action='create',application='ApiPonto',controller='sincronizar_registros_ponto'*/[0m
  ↳ app/models/time_record.rb:13:in `last_today'
  [1m[36mCACHE User Load (0.0ms)[0m  [1m[34mSELECT "users".* FROM "users" WHERE "users"."id" = 1 LIMIT 1[0m
  ↳ app/controllers/presenca/sincronizar_registros_ponto_controller.rb:62:in `block in create'
  [1m[36mTRANSACTION (0.1ms)[0m  [1m[35mBEGIN /*action='create',application='ApiPonto',controller='sincronizar_registros_ponto'*/[0m
  ↳ app/controllers/presenca/sincronizar_registros_ponto_controller.rb:62:in `block in create'
  [1m[36mTimeRecord Create (1.5ms)[0m  [1m[32mINSERT INTO "time_records" ("user_id", "raw_data", "punched_at", "authentication_mode", "created_at", "updated_at", "punch_type", "punch_type_explicit") VALUES (1, '1-23:07:2026:16:32:40', '2026-07-23 16:32:40', 'biometric', '2026-07-23 16:32:40.928761', '2026-07-23 16:32:40.928761', 'entry', FALSE) RETURNING "id" /*action='create',application='ApiPonto',controller='sincronizar_registros_ponto'*/[0m
  ↳ app/controllers/presenca/sincronizar_registros_ponto_controller.rb:62:in `block in create'
  [1m[36mTRANSACTION (1.6ms)[0m  [1m[35mCOMMIT /*action='create',application='ApiPonto',controller='sincronizar_registros_ponto'*/[0m
  ↳ app/controllers/presenca/sincronizar_registros_ponto_controller.rb:62:in `block in create'
Completed 200 OK in 10ms (Views: 0.1ms | ActiveRecord: 3.9ms (4 queries, 1 cached) | GC: 1.2ms)


Started GET "/presenca/PontoDePresenca" for 127.0.0.1 at 2026-07-23 13:32:41 -0300
Processing by Presenca::PontoDePresencaController#show as HTML
  [1m[36mTimeRecord Load (0.3ms)[0m  [1m[34mSELECT "time_records".* FROM "time_records" WHERE "time_records"."user_id" = 1 AND "time_records"."punched_at" BETWEEN '2026-07-23 00:00:00' AND '2026-07-23 23:59:59.999999' ORDER BY "time_records"."punched_at" DESC, "time_records"."created_at" DESC LIMIT 1 /*action='show',application='ApiPonto',controller='ponto_de_presenca'*/[0m
  ↳ app/models/time_record.rb:13:in `last_today'
  Rendering layout layouts/application.html.erb
  Rendering presenca/ponto_de_presenca/index.html.erb within layouts/application
  [1m[36mUser Load (0.3ms)[0m  [1m[34mSELECT "users".* FROM "users" WHERE "users"."id" = 1 LIMIT 1 /*action='show',application='ApiPonto',controller='ponto_de_presenca'*/[0m
  ↳ app/views/presenca/ponto_de_presenca/index.html.erb:17
  [1m[36mTimeRecord Load (0.3ms)[0m  [1m[34mSELECT "time_records".* FROM "time_records" WHERE "time_records"."punched_at" BETWEEN '2026-07-23 00:00:00' AND '2026-07-23 23:59:59.999999' ORDER BY "time_records"."punched_at" ASC /*action='show',application='ApiPonto',controller='ponto_de_presenca'*/[0m
  ↳ app/views/presenca/ponto_de_presenca/index.html.erb:44
  Rendered presenca/ponto_de_presenca/index.html.erb within layouts/application (Duration: 2.6ms | GC: 0.0ms)
  Rendered layout layouts/application.html.erb (Duration: 3.2ms | GC: 0.0ms)
Completed 200 OK in 5ms (Views: 3.0ms | ActiveRecord: 0.8ms (3 queries, 0 cached) | GC: 0.0ms)


Started POST "/presenca/ajax/SincronizarRegistrosPonto" for 127.0.0.1 at 2026-07-23 13:32:43 -0300
Processing by Presenca::SincronizarRegistrosPontoController#create as HTML
  Parameters: {"registros"=>"1-23:07:2026:16:32:43", "codAtivacao"=>"poc-ativacao-001"}
  [1m[36mUser Load (0.6ms)[0m  [1m[34mSELECT "users".* FROM "users" WHERE "users"."id" = 1 LIMIT 1 /*action='create',application='ApiPonto',controller='sincronizar_registros_ponto'*/[0m
  ↳ app/controllers/presenca/sincronizar_registros_ponto_controller.rb:38:in `block in create'
  [1m[36mTimeRecord Load (0.9ms)[0m  [1m[34mSELECT "time_records".* FROM "time_records" WHERE "time_records"."user_id" = 1 AND "time_records"."punched_at" BETWEEN '2026-07-23 00:00:00' AND '2026-07-23 23:59:59.999999' ORDER BY "time_records"."punched_at" DESC, "time_records"."created_at" DESC LIMIT 1 /*action='create',application='ApiPonto',controller='sincronizar_registros_ponto'*/[0m
  ↳ app/models/time_record.rb:13:in `last_today'
  [1m[36mCACHE User Load (0.0ms)[0m  [1m[34mSELECT "users".* FROM "users" WHERE "users"."id" = 1 LIMIT 1[0m
  ↳ app/controllers/presenca/sincronizar_registros_ponto_controller.rb:62:in `block in create'
  [1m[36mTRANSACTION (0.2ms)[0m  [1m[35mBEGIN /*action='create',application='ApiPonto',controller='sincronizar_registros_ponto'*/[0m
  ↳ app/controllers/presenca/sincronizar_registros_ponto_controller.rb:62:in `block in create'
  [1m[36mTimeRecord Create (1.2ms)[0m  [1m[32mINSERT INTO "time_records" ("user_id", "raw_data", "punched_at", "authentication_mode", "created_at", "updated_at", "punch_type", "punch_type_explicit") VALUES (1, '1-23:07:2026:16:32:43', '2026-07-23 16:32:43', 'biometric', '2026-07-23 16:32:43.267828', '2026-07-23 16:32:43.267828', 'exit', FALSE) RETURNING "id" /*action='create',application='ApiPonto',controller='sincronizar_registros_ponto'*/[0m
  ↳ app/controllers/presenca/sincronizar_registros_ponto_controller.rb:62:in `block in create'
  [1m[36mTRANSACTION (4.1ms)[0m  [1m[35mCOMMIT /*action='create',application='ApiPonto',controller='sincronizar_registros_ponto'*/[0m
  ↳ app/controllers/presenca/sincronizar_registros_ponto_controller.rb:62:in `block in create'
Completed 200 OK in 14ms (Views: 0.1ms | ActiveRecord: 6.9ms (4 queries, 1 cached) | GC: 0.0ms)


Started GET "/presenca/PontoDePresenca" for 127.0.0.1 at 2026-07-23 13:32:44 -0300
Processing by Presenca::PontoDePresencaController#show as HTML
  [1m[36mTimeRecord Load (0.3ms)[0m  [1m[34mSELECT "time_records".* FROM "time_records" WHERE "time_records"."user_id" = 1 AND "time_records"."punched_at" BETWEEN '2026-07-23 00:00:00' AND '2026-07-23 23:59:59.999999' ORDER BY "time_records"."punched_at" DESC, "time_records"."created_at" DESC LIMIT 1 /*action='show',application='ApiPonto',controller='ponto_de_presenca'*/[0m
  ↳ app/models/time_record.rb:13:in `last_today'
  Rendering layout layouts/application.html.erb
  Rendering presenca/ponto_de_presenca/index.html.erb within layouts/application
  [1m[36mUser Load (0.2ms)[0m  [1m[34mSELECT "users".* FROM "users" WHERE "users"."id" = 1 LIMIT 1 /*action='show',application='ApiPonto',controller='ponto_de_presenca'*/[0m
  ↳ app/views/presenca/ponto_de_presenca/index.html.erb:17
  [1m[36mTimeRecord Load (0.2ms)[0m  [1m[34mSELECT "time_records".* FROM "time_records" WHERE "time_records"."punched_at" BETWEEN '2026-07-23 00:00:00' AND '2026-07-23 23:59:59.999999' ORDER BY "time_records"."punched_at" ASC /*action='show',application='ApiPonto',controller='ponto_de_presenca'*/[0m
  ↳ app/views/presenca/ponto_de_presenca/index.html.erb:44
  Rendered presenca/ponto_de_presenca/index.html.erb within layouts/application (Duration: 2.5ms | GC: 0.0ms)
  Rendered layout layouts/application.html.erb (Duration: 3.2ms | GC: 0.0ms)
Completed 200 OK in 5ms (Views: 3.0ms | ActiveRecord: 0.7ms (3 queries, 0 cached) | GC: 0.0ms)


Started GET "/presenca/CarregaRelogioAtual" for 127.0.0.1 at 2026-07-23 13:33:37 -0300
Processing by Presenca::CarregaRelogioAtualController#show as */*
Completed 200 OK in 0ms (Views: 0.1ms | ActiveRecord: 0.0ms (0 queries, 0 cached) | GC: 0.0ms)


  [1m[36mTimeRecord Load (0.5ms)[0m  [1m[34mSELECT "time_records".* FROM "time_records" ORDER BY "time_records"."punched_at" ASC /*application='ApiPonto'*/[0m
  [1m[36mTimeRecord Count (0.3ms)[0m  [1m[34mSELECT COUNT(*) FROM "time_records" /*application='ApiPonto'*/[0m
  [1m[36mUser Load (0.4ms)[0m  [1m[34mSELECT "users".* FROM "users" ORDER BY "users"."id" ASC /*application='ApiPonto'*/[0m
  [1m[36mUser Count (0.3ms)[0m  [1m[34mSELECT COUNT(*) FROM "users" /*application='ApiPonto'*/[0m
  [1m[35m (11.3ms)[0m  [1m[34mSELECT current_database() /*application='ApiPonto'*/[0m
Started GET "/presenca/CarregaRelogioAtual" for 127.0.0.1 at 2026-07-23 14:11:44 -0300
Processing by Presenca::CarregaRelogioAtualController#show as */*
Completed 200 OK in 55ms (Views: 13.4ms | ActiveRecord: 0.0ms (0 queries, 0 cached) | GC: 0.0ms)


  [1m[35m (37.3ms)[0m  [1m[34mSELECT current_database() /*application='ApiPonto'*/[0m
  [1m[36mTimeRecord Load (1.7ms)[0m  [1m[34mSELECT "time_records".* FROM "time_records" ORDER BY "time_records"."punched_at" ASC /*application='ApiPonto'*/[0m
  [1m[36mTimeRecord Count (1.3ms)[0m  [1m[34mSELECT COUNT(*) FROM "time_records" /*application='ApiPonto'*/[0m
  [1m[36mUser Load (1.2ms)[0m  [1m[34mSELECT "users".* FROM "users" ORDER BY "users"."id" ASC /*application='ApiPonto'*/[0m
  [1m[36mUser Count (0.2ms)[0m  [1m[34mSELECT COUNT(*) FROM "users" /*application='ApiPonto'*/[0m
  [1m[36mTimeRecord Load (0.6ms)[0m  [1m[34mSELECT "time_records".* FROM "time_records" ORDER BY "time_records"."punched_at" ASC /*application='ApiPonto'*/[0m
  [1m[36mTimeRecord Count (0.5ms)[0m  [1m[34mSELECT COUNT(*) FROM "time_records" WHERE ("time_records"."punch_type" = '' OR "time_records"."punch_type" IS NULL) /*application='ApiPonto'*/[0m
  [1m[36mTimeRecord Count (0.2ms)[0m  [1m[34mSELECT COUNT(*) FROM "time_records" /*application='ApiPonto'*/[0m
Started GET "/presenca/CarregaRelogioAtual" for 127.0.0.1 at 2026-07-23 14:41:18 -0300
  [1m[36mActiveRecord::SchemaMigration Load (0.8ms)[0m  [1m[34mSELECT "schema_migrations"."version" FROM "schema_migrations" ORDER BY "schema_migrations"."version" ASC /*application='ApiPonto'*/[0m
  
ActiveRecord::PendingMigrationError (

Migrations are pending. To resolve this issue, run:

        bin/rails db:migrate

You have 2 pending migrations:

db/migrate/20260722152218_add_punch_type_to_time_records.rb
db/migrate/20260723160000_add_punch_type_explicit_to_time_records.rb


):
  
activerecord (8.0.5) lib/active_record/migration.rb:742:in 'ActiveRecord::Migration.check_pending_migrations'
activerecord (8.0.5) lib/active_record/migration.rb:659:in 'block (2 levels) in ActiveRecord::Migration::CheckPending#call'
activesupport (8.0.5) lib/active_support/file_update_checker.rb:85:in 'ActiveSupport::FileUpdateChecker#execute'
activerecord (8.0.5) lib/active_record/migration.rb:664:in 'block in ActiveRecord::Migration::CheckPending#call'
activerecord (8.0.5) lib/active_record/migration.rb:656:in 'Thread::Mutex#synchronize'
activerecord (8.0.5) lib/active_record/migration.rb:656:in 'ActiveRecord::Migration::CheckPending#call'
actionpack (8.0.5) lib/action_dispatch/middleware/callbacks.rb:31:in 'block in ActionDispatch::Callbacks#call'
activesupport (8.0.5) lib/active_support/callbacks.rb:100:in 'ActiveSupport::Callbacks#run_callbacks'
actionpack (8.0.5) lib/action_dispatch/middleware/callbacks.rb:30:in 'ActionDispatch::Callbacks#call'
actionpack (8.0.5) lib/action_dispatch/middleware/executor.rb:16:in 'ActionDispatch::Executor#call'
actionpack (8.0.5) lib/action_dispatch/middleware/actionable_exceptions.rb:18:in 'ActionDispatch::ActionableExceptions#call'
actionpack (8.0.5) lib/action_dispatch/middleware/debug_exceptions.rb:31:in 'ActionDispatch::DebugExceptions#call'
actionpack (8.0.5) lib/action_dispatch/middleware/show_exceptions.rb:32:in 'ActionDispatch::ShowExceptions#call'
railties (8.0.5) lib/rails/rack/logger.rb:41:in 'Rails::Rack::Logger#call_app'
railties (8.0.5) lib/rails/rack/logger.rb:29:in 'Rails::Rack::Logger#call'
actionpack (8.0.5) lib/action_dispatch/middleware/remote_ip.rb:96:in 'ActionDispatch::RemoteIp#call'
actionpack (8.0.5) lib/action_dispatch/middleware/request_id.rb:34:in 'ActionDispatch::RequestId#call'
rack (3.2.6) lib/rack/runtime.rb:24:in 'Rack::Runtime#call'
actionpack (8.0.5) lib/action_dispatch/middleware/server_timing.rb:61:in 'block in ActionDispatch::ServerTiming#call'
actionpack (8.0.5) lib/action_dispatch/middleware/server_timing.rb:26:in 'ActionDispatch::ServerTiming::Subscriber#collect_events'
actionpack (8.0.5) lib/action_dispatch/middleware/server_timing.rb:60:in 'ActionDispatch::ServerTiming#call'
actionpack (8.0.5) lib/action_dispatch/middleware/executor.rb:16:in 'ActionDispatch::Executor#call'
propshaft (1.3.2) lib/propshaft/server.rb:37:in 'Propshaft::Server#call'
actionpack (8.0.5) lib/action_dispatch/middleware/static.rb:27:in 'ActionDispatch::Static#call'
rack (3.2.6) lib/rack/sendfile.rb:131:in 'Rack::Sendfile#call'
actionpack (8.0.5) lib/action_dispatch/middleware/host_authorization.rb:143:in 'ActionDispatch::HostAuthorization#call'
railties (8.0.5) lib/rails/engine.rb:535:in 'Rails::Engine#call'
puma (8.0.2) lib/puma/configuration.rb:305:in 'Puma::Configuration::ConfigMiddleware#call'
puma (8.0.2) lib/puma/response.rb:79:in 'block in Puma::Response#handle_request'
puma (8.0.2) lib/puma/thread_pool.rb:434:in 'Puma::ThreadPool#with_force_shutdown'
puma (8.0.2) lib/puma/response.rb:78:in 'Puma::Response#handle_request'
puma (8.0.2) lib/puma/server.rb:508:in 'Puma::Server#process_client'
puma (8.0.2) lib/puma/server.rb:263:in 'block in Puma::Server#run'
puma (8.0.2) lib/puma/thread_pool.rb:246:in 'block in Puma::ThreadPool#spawn_thread'
Started GET "/presenca/CarregaRelogioAtual" for 127.0.0.1 at 2026-07-23 14:41:34 -0300
  [1m[36mActiveRecord::SchemaMigration Load (0.8ms)[0m  [1m[34mSELECT "schema_migrations"."version" FROM "schema_migrations" ORDER BY "schema_migrations"."version" ASC /*application='ApiPonto'*/[0m
  
ActiveRecord::PendingMigrationError (

Migrations are pending. To resolve this issue, run:

        bin/rails db:migrate

You have 2 pending migrations:

db/migrate/20260722152218_add_punch_type_to_time_records.rb
db/migrate/20260723160000_add_punch_type_explicit_to_time_records.rb


):
  
activerecord (8.0.5) lib/active_record/migration.rb:742:in 'ActiveRecord::Migration.check_pending_migrations'
activerecord (8.0.5) lib/active_record/migration.rb:659:in 'block (2 levels) in ActiveRecord::Migration::CheckPending#call'
activesupport (8.0.5) lib/active_support/file_update_checker.rb:85:in 'ActiveSupport::FileUpdateChecker#execute'
activerecord (8.0.5) lib/active_record/migration.rb:664:in 'block in ActiveRecord::Migration::CheckPending#call'
activerecord (8.0.5) lib/active_record/migration.rb:656:in 'Thread::Mutex#synchronize'
activerecord (8.0.5) lib/active_record/migration.rb:656:in 'ActiveRecord::Migration::CheckPending#call'
actionpack (8.0.5) lib/action_dispatch/middleware/callbacks.rb:31:in 'block in ActionDispatch::Callbacks#call'
activesupport (8.0.5) lib/active_support/callbacks.rb:100:in 'ActiveSupport::Callbacks#run_callbacks'
actionpack (8.0.5) lib/action_dispatch/middleware/callbacks.rb:30:in 'ActionDispatch::Callbacks#call'
actionpack (8.0.5) lib/action_dispatch/middleware/executor.rb:16:in 'ActionDispatch::Executor#call'
actionpack (8.0.5) lib/action_dispatch/middleware/actionable_exceptions.rb:18:in 'ActionDispatch::ActionableExceptions#call'
actionpack (8.0.5) lib/action_dispatch/middleware/debug_exceptions.rb:31:in 'ActionDispatch::DebugExceptions#call'
actionpack (8.0.5) lib/action_dispatch/middleware/show_exceptions.rb:32:in 'ActionDispatch::ShowExceptions#call'
railties (8.0.5) lib/rails/rack/logger.rb:41:in 'Rails::Rack::Logger#call_app'
railties (8.0.5) lib/rails/rack/logger.rb:29:in 'Rails::Rack::Logger#call'
actionpack (8.0.5) lib/action_dispatch/middleware/remote_ip.rb:96:in 'ActionDispatch::RemoteIp#call'
actionpack (8.0.5) lib/action_dispatch/middleware/request_id.rb:34:in 'ActionDispatch::RequestId#call'
rack (3.2.6) lib/rack/runtime.rb:24:in 'Rack::Runtime#call'
actionpack (8.0.5) lib/action_dispatch/middleware/server_timing.rb:61:in 'block in ActionDispatch::ServerTiming#call'
actionpack (8.0.5) lib/action_dispatch/middleware/server_timing.rb:26:in 'ActionDispatch::ServerTiming::Subscriber#collect_events'
actionpack (8.0.5) lib/action_dispatch/middleware/server_timing.rb:60:in 'ActionDispatch::ServerTiming#call'
actionpack (8.0.5) lib/action_dispatch/middleware/executor.rb:16:in 'ActionDispatch::Executor#call'
propshaft (1.3.2) lib/propshaft/server.rb:37:in 'Propshaft::Server#call'
actionpack (8.0.5) lib/action_dispatch/middleware/static.rb:27:in 'ActionDispatch::Static#call'
rack (3.2.6) lib/rack/sendfile.rb:131:in 'Rack::Sendfile#call'
actionpack (8.0.5) lib/action_dispatch/middleware/host_authorization.rb:143:in 'ActionDispatch::HostAuthorization#call'
railties (8.0.5) lib/rails/engine.rb:535:in 'Rails::Engine#call'
puma (8.0.2) lib/puma/configuration.rb:305:in 'Puma::Configuration::ConfigMiddleware#call'
puma (8.0.2) lib/puma/response.rb:79:in 'block in Puma::Response#handle_request'
puma (8.0.2) lib/puma/thread_pool.rb:434:in 'Puma::ThreadPool#with_force_shutdown'
puma (8.0.2) lib/puma/response.rb:78:in 'Puma::Response#handle_request'
puma (8.0.2) lib/puma/server.rb:508:in 'Puma::Server#process_client'
puma (8.0.2) lib/puma/server.rb:263:in 'block in Puma::Server#run'
puma (8.0.2) lib/puma/thread_pool.rb:246:in 'block in Puma::ThreadPool#spawn_thread'
Started GET "/presenca/CarregaRelogioAtual" for 127.0.0.1 at 2026-07-23 14:41:49 -0300
  [1m[36mActiveRecord::SchemaMigration Load (0.7ms)[0m  [1m[34mSELECT "schema_migrations"."version" FROM "schema_migrations" ORDER BY "schema_migrations"."version" ASC /*application='ApiPonto'*/[0m
  
ActiveRecord::PendingMigrationError (

Migrations are pending. To resolve this issue, run:

        bin/rails db:migrate

You have 2 pending migrations:

db/migrate/20260722152218_add_punch_type_to_time_records.rb
db/migrate/20260723160000_add_punch_type_explicit_to_time_records.rb


):
  
activerecord (8.0.5) lib/active_record/migration.rb:742:in 'ActiveRecord::Migration.check_pending_migrations'
activerecord (8.0.5) lib/active_record/migration.rb:659:in 'block (2 levels) in ActiveRecord::Migration::CheckPending#call'
activesupport (8.0.5) lib/active_support/file_update_checker.rb:85:in 'ActiveSupport::FileUpdateChecker#execute'
activerecord (8.0.5) lib/active_record/migration.rb:664:in 'block in ActiveRecord::Migration::CheckPending#call'
activerecord (8.0.5) lib/active_record/migration.rb:656:in 'Thread::Mutex#synchronize'
activerecord (8.0.5) lib/active_record/migration.rb:656:in 'ActiveRecord::Migration::CheckPending#call'
actionpack (8.0.5) lib/action_dispatch/middleware/callbacks.rb:31:in 'block in ActionDispatch::Callbacks#call'
activesupport (8.0.5) lib/active_support/callbacks.rb:100:in 'ActiveSupport::Callbacks#run_callbacks'
actionpack (8.0.5) lib/action_dispatch/middleware/callbacks.rb:30:in 'ActionDispatch::Callbacks#call'
actionpack (8.0.5) lib/action_dispatch/middleware/executor.rb:16:in 'ActionDispatch::Executor#call'
actionpack (8.0.5) lib/action_dispatch/middleware/actionable_exceptions.rb:18:in 'ActionDispatch::ActionableExceptions#call'
actionpack (8.0.5) lib/action_dispatch/middleware/debug_exceptions.rb:31:in 'ActionDispatch::DebugExceptions#call'
actionpack (8.0.5) lib/action_dispatch/middleware/show_exceptions.rb:32:in 'ActionDispatch::ShowExceptions#call'
railties (8.0.5) lib/rails/rack/logger.rb:41:in 'Rails::Rack::Logger#call_app'
railties (8.0.5) lib/rails/rack/logger.rb:29:in 'Rails::Rack::Logger#call'
actionpack (8.0.5) lib/action_dispatch/middleware/remote_ip.rb:96:in 'ActionDispatch::RemoteIp#call'
actionpack (8.0.5) lib/action_dispatch/middleware/request_id.rb:34:in 'ActionDispatch::RequestId#call'
rack (3.2.6) lib/rack/runtime.rb:24:in 'Rack::Runtime#call'
actionpack (8.0.5) lib/action_dispatch/middleware/server_timing.rb:61:in 'block in ActionDispatch::ServerTiming#call'
actionpack (8.0.5) lib/action_dispatch/middleware/server_timing.rb:26:in 'ActionDispatch::ServerTiming::Subscriber#collect_events'
actionpack (8.0.5) lib/action_dispatch/middleware/server_timing.rb:60:in 'ActionDispatch::ServerTiming#call'
actionpack (8.0.5) lib/action_dispatch/middleware/executor.rb:16:in 'ActionDispatch::Executor#call'
propshaft (1.3.2) lib/propshaft/server.rb:37:in 'Propshaft::Server#call'
actionpack (8.0.5) lib/action_dispatch/middleware/static.rb:27:in 'ActionDispatch::Static#call'
rack (3.2.6) lib/rack/sendfile.rb:131:in 'Rack::Sendfile#call'
actionpack (8.0.5) lib/action_dispatch/middleware/host_authorization.rb:143:in 'ActionDispatch::HostAuthorization#call'
railties (8.0.5) lib/rails/engine.rb:535:in 'Rails::Engine#call'
puma (8.0.2) lib/puma/configuration.rb:305:in 'Puma::Configuration::ConfigMiddleware#call'
puma (8.0.2) lib/puma/response.rb:79:in 'block in Puma::Response#handle_request'
puma (8.0.2) lib/puma/thread_pool.rb:434:in 'Puma::ThreadPool#with_force_shutdown'
puma (8.0.2) lib/puma/response.rb:78:in 'Puma::Response#handle_request'
puma (8.0.2) lib/puma/server.rb:508:in 'Puma::Server#process_client'
puma (8.0.2) lib/puma/server.rb:263:in 'block in Puma::Server#run'
puma (8.0.2) lib/puma/thread_pool.rb:246:in 'block in Puma::ThreadPool#spawn_thread'
Started GET "/presenca/CarregaRelogioAtual" for 127.0.0.1 at 2026-07-23 14:42:04 -0300
  [1m[36mActiveRecord::SchemaMigration Load (0.6ms)[0m  [1m[34mSELECT "schema_migrations"."version" FROM "schema_migrations" ORDER BY "schema_migrations"."version" ASC /*application='ApiPonto'*/[0m
  
ActiveRecord::PendingMigrationError (

Migrations are pending. To resolve this issue, run:

        bin/rails db:migrate

You have 2 pending migrations:

db/migrate/20260722152218_add_punch_type_to_time_records.rb
db/migrate/20260723160000_add_punch_type_explicit_to_time_records.rb


):
  
activerecord (8.0.5) lib/active_record/migration.rb:742:in 'ActiveRecord::Migration.check_pending_migrations'
activerecord (8.0.5) lib/active_record/migration.rb:659:in 'block (2 levels) in ActiveRecord::Migration::CheckPending#call'
activesupport (8.0.5) lib/active_support/file_update_checker.rb:85:in 'ActiveSupport::FileUpdateChecker#execute'
activerecord (8.0.5) lib/active_record/migration.rb:664:in 'block in ActiveRecord::Migration::CheckPending#call'
activerecord (8.0.5) lib/active_record/migration.rb:656:in 'Thread::Mutex#synchronize'
activerecord (8.0.5) lib/active_record/migration.rb:656:in 'ActiveRecord::Migration::CheckPending#call'
actionpack (8.0.5) lib/action_dispatch/middleware/callbacks.rb:31:in 'block in ActionDispatch::Callbacks#call'
activesupport (8.0.5) lib/active_support/callbacks.rb:100:in 'ActiveSupport::Callbacks#run_callbacks'
actionpack (8.0.5) lib/action_dispatch/middleware/callbacks.rb:30:in 'ActionDispatch::Callbacks#call'
actionpack (8.0.5) lib/action_dispatch/middleware/executor.rb:16:in 'ActionDispatch::Executor#call'
actionpack (8.0.5) lib/action_dispatch/middleware/actionable_exceptions.rb:18:in 'ActionDispatch::ActionableExceptions#call'
actionpack (8.0.5) lib/action_dispatch/middleware/debug_exceptions.rb:31:in 'ActionDispatch::DebugExceptions#call'
actionpack (8.0.5) lib/action_dispatch/middleware/show_exceptions.rb:32:in 'ActionDispatch::ShowExceptions#call'
railties (8.0.5) lib/rails/rack/logger.rb:41:in 'Rails::Rack::Logger#call_app'
railties (8.0.5) lib/rails/rack/logger.rb:29:in 'Rails::Rack::Logger#call'
actionpack (8.0.5) lib/action_dispatch/middleware/remote_ip.rb:96:in 'ActionDispatch::RemoteIp#call'
actionpack (8.0.5) lib/action_dispatch/middleware/request_id.rb:34:in 'ActionDispatch::RequestId#call'
rack (3.2.6) lib/rack/runtime.rb:24:in 'Rack::Runtime#call'
actionpack (8.0.5) lib/action_dispatch/middleware/server_timing.rb:61:in 'block in ActionDispatch::ServerTiming#call'
actionpack (8.0.5) lib/action_dispatch/middleware/server_timing.rb:26:in 'ActionDispatch::ServerTiming::Subscriber#collect_events'
actionpack (8.0.5) lib/action_dispatch/middleware/server_timing.rb:60:in 'ActionDispatch::ServerTiming#call'
actionpack (8.0.5) lib/action_dispatch/middleware/executor.rb:16:in 'ActionDispatch::Executor#call'
propshaft (1.3.2) lib/propshaft/server.rb:37:in 'Propshaft::Server#call'
actionpack (8.0.5) lib/action_dispatch/middleware/static.rb:27:in 'ActionDispatch::Static#call'
rack (3.2.6) lib/rack/sendfile.rb:131:in 'Rack::Sendfile#call'
actionpack (8.0.5) lib/action_dispatch/middleware/host_authorization.rb:143:in 'ActionDispatch::HostAuthorization#call'
railties (8.0.5) lib/rails/engine.rb:535:in 'Rails::Engine#call'
puma (8.0.2) lib/puma/configuration.rb:305:in 'Puma::Configuration::ConfigMiddleware#call'
puma (8.0.2) lib/puma/response.rb:79:in 'block in Puma::Response#handle_request'
puma (8.0.2) lib/puma/thread_pool.rb:434:in 'Puma::ThreadPool#with_force_shutdown'
puma (8.0.2) lib/puma/response.rb:78:in 'Puma::Response#handle_request'
puma (8.0.2) lib/puma/server.rb:508:in 'Puma::Server#process_client'
puma (8.0.2) lib/puma/server.rb:263:in 'block in Puma::Server#run'
puma (8.0.2) lib/puma/thread_pool.rb:246:in 'block in Puma::ThreadPool#spawn_thread'
Started GET "/presenca/CarregaRelogioAtual" for 127.0.0.1 at 2026-07-23 14:42:22 -0300
  [1m[36mActiveRecord::SchemaMigration Load (1.0ms)[0m  [1m[34mSELECT "schema_migrations"."version" FROM "schema_migrations" ORDER BY "schema_migrations"."version" ASC /*application='ApiPonto'*/[0m
  
ActiveRecord::PendingMigrationError (

Migrations are pending. To resolve this issue, run:

        bin/rails db:migrate

You have 2 pending migrations:

db/migrate/20260722152218_add_punch_type_to_time_records.rb
db/migrate/20260723160000_add_punch_type_explicit_to_time_records.rb


):
  
activerecord (8.0.5) lib/active_record/migration.rb:742:in 'ActiveRecord::Migration.check_pending_migrations'
activerecord (8.0.5) lib/active_record/migration.rb:659:in 'block (2 levels) in ActiveRecord::Migration::CheckPending#call'
activesupport (8.0.5) lib/active_support/file_update_checker.rb:85:in 'ActiveSupport::FileUpdateChecker#execute'
activerecord (8.0.5) lib/active_record/migration.rb:664:in 'block in ActiveRecord::Migration::CheckPending#call'
activerecord (8.0.5) lib/active_record/migration.rb:656:in 'Thread::Mutex#synchronize'
activerecord (8.0.5) lib/active_record/migration.rb:656:in 'ActiveRecord::Migration::CheckPending#call'
actionpack (8.0.5) lib/action_dispatch/middleware/callbacks.rb:31:in 'block in ActionDispatch::Callbacks#call'
activesupport (8.0.5) lib/active_support/callbacks.rb:100:in 'ActiveSupport::Callbacks#run_callbacks'
actionpack (8.0.5) lib/action_dispatch/middleware/callbacks.rb:30:in 'ActionDispatch::Callbacks#call'
actionpack (8.0.5) lib/action_dispatch/middleware/executor.rb:16:in 'ActionDispatch::Executor#call'
actionpack (8.0.5) lib/action_dispatch/middleware/actionable_exceptions.rb:18:in 'ActionDispatch::ActionableExceptions#call'
actionpack (8.0.5) lib/action_dispatch/middleware/debug_exceptions.rb:31:in 'ActionDispatch::DebugExceptions#call'
actionpack (8.0.5) lib/action_dispatch/middleware/show_exceptions.rb:32:in 'ActionDispatch::ShowExceptions#call'
railties (8.0.5) lib/rails/rack/logger.rb:41:in 'Rails::Rack::Logger#call_app'
railties (8.0.5) lib/rails/rack/logger.rb:29:in 'Rails::Rack::Logger#call'
actionpack (8.0.5) lib/action_dispatch/middleware/remote_ip.rb:96:in 'ActionDispatch::RemoteIp#call'
actionpack (8.0.5) lib/action_dispatch/middleware/request_id.rb:34:in 'ActionDispatch::RequestId#call'
rack (3.2.6) lib/rack/runtime.rb:24:in 'Rack::Runtime#call'
actionpack (8.0.5) lib/action_dispatch/middleware/server_timing.rb:61:in 'block in ActionDispatch::ServerTiming#call'
actionpack (8.0.5) lib/action_dispatch/middleware/server_timing.rb:26:in 'ActionDispatch::ServerTiming::Subscriber#collect_events'
actionpack (8.0.5) lib/action_dispatch/middleware/server_timing.rb:60:in 'ActionDispatch::ServerTiming#call'
actionpack (8.0.5) lib/action_dispatch/middleware/executor.rb:16:in 'ActionDispatch::Executor#call'
propshaft (1.3.2) lib/propshaft/server.rb:37:in 'Propshaft::Server#call'
actionpack (8.0.5) lib/action_dispatch/middleware/static.rb:27:in 'ActionDispatch::Static#call'
rack (3.2.6) lib/rack/sendfile.rb:131:in 'Rack::Sendfile#call'
actionpack (8.0.5) lib/action_dispatch/middleware/host_authorization.rb:143:in 'ActionDispatch::HostAuthorization#call'
railties (8.0.5) lib/rails/engine.rb:535:in 'Rails::Engine#call'
puma (8.0.2) lib/puma/configuration.rb:305:in 'Puma::Configuration::ConfigMiddleware#call'
puma (8.0.2) lib/puma/response.rb:79:in 'block in Puma::Response#handle_request'
puma (8.0.2) lib/puma/thread_pool.rb:434:in 'Puma::ThreadPool#with_force_shutdown'
puma (8.0.2) lib/puma/response.rb:78:in 'Puma::Response#handle_request'
puma (8.0.2) lib/puma/server.rb:508:in 'Puma::Server#process_client'
puma (8.0.2) lib/puma/server.rb:263:in 'block in Puma::Server#run'
puma (8.0.2) lib/puma/thread_pool.rb:246:in 'block in Puma::ThreadPool#spawn_thread'
Started GET "/presenca/CarregaRelogioAtual" for 127.0.0.1 at 2026-07-23 14:43:11 -0300
  [1m[36mActiveRecord::SchemaMigration Load (1.1ms)[0m  [1m[34mSELECT "schema_migrations"."version" FROM "schema_migrations" ORDER BY "schema_migrations"."version" ASC /*application='ApiPonto'*/[0m
  
ActiveRecord::PendingMigrationError (

Migrations are pending. To resolve this issue, run:

        bin/rails db:migrate

You have 2 pending migrations:

db/migrate/20260722152218_add_punch_type_to_time_records.rb
db/migrate/20260723160000_add_punch_type_explicit_to_time_records.rb


):
  
activerecord (8.0.5) lib/active_record/migration.rb:742:in 'ActiveRecord::Migration.check_pending_migrations'
activerecord (8.0.5) lib/active_record/migration.rb:659:in 'block (2 levels) in ActiveRecord::Migration::CheckPending#call'
activesupport (8.0.5) lib/active_support/file_update_checker.rb:85:in 'ActiveSupport::FileUpdateChecker#execute'
activerecord (8.0.5) lib/active_record/migration.rb:664:in 'block in ActiveRecord::Migration::CheckPending#call'
activerecord (8.0.5) lib/active_record/migration.rb:656:in 'Thread::Mutex#synchronize'
activerecord (8.0.5) lib/active_record/migration.rb:656:in 'ActiveRecord::Migration::CheckPending#call'
actionpack (8.0.5) lib/action_dispatch/middleware/callbacks.rb:31:in 'block in ActionDispatch::Callbacks#call'
activesupport (8.0.5) lib/active_support/callbacks.rb:100:in 'ActiveSupport::Callbacks#run_callbacks'
actionpack (8.0.5) lib/action_dispatch/middleware/callbacks.rb:30:in 'ActionDispatch::Callbacks#call'
actionpack (8.0.5) lib/action_dispatch/middleware/executor.rb:16:in 'ActionDispatch::Executor#call'
actionpack (8.0.5) lib/action_dispatch/middleware/actionable_exceptions.rb:18:in 'ActionDispatch::ActionableExceptions#call'
actionpack (8.0.5) lib/action_dispatch/middleware/debug_exceptions.rb:31:in 'ActionDispatch::DebugExceptions#call'
actionpack (8.0.5) lib/action_dispatch/middleware/show_exceptions.rb:32:in 'ActionDispatch::ShowExceptions#call'
railties (8.0.5) lib/rails/rack/logger.rb:41:in 'Rails::Rack::Logger#call_app'
railties (8.0.5) lib/rails/rack/logger.rb:29:in 'Rails::Rack::Logger#call'
actionpack (8.0.5) lib/action_dispatch/middleware/remote_ip.rb:96:in 'ActionDispatch::RemoteIp#call'
actionpack (8.0.5) lib/action_dispatch/middleware/request_id.rb:34:in 'ActionDispatch::RequestId#call'
rack (3.2.6) lib/rack/runtime.rb:24:in 'Rack::Runtime#call'
actionpack (8.0.5) lib/action_dispatch/middleware/server_timing.rb:61:in 'block in ActionDispatch::ServerTiming#call'
actionpack (8.0.5) lib/action_dispatch/middleware/server_timing.rb:26:in 'ActionDispatch::ServerTiming::Subscriber#collect_events'
actionpack (8.0.5) lib/action_dispatch/middleware/server_timing.rb:60:in 'ActionDispatch::ServerTiming#call'
actionpack (8.0.5) lib/action_dispatch/middleware/executor.rb:16:in 'ActionDispatch::Executor#call'
propshaft (1.3.2) lib/propshaft/server.rb:37:in 'Propshaft::Server#call'
actionpack (8.0.5) lib/action_dispatch/middleware/static.rb:27:in 'ActionDispatch::Static#call'
rack (3.2.6) lib/rack/sendfile.rb:131:in 'Rack::Sendfile#call'
actionpack (8.0.5) lib/action_dispatch/middleware/host_authorization.rb:143:in 'ActionDispatch::HostAuthorization#call'
railties (8.0.5) lib/rails/engine.rb:535:in 'Rails::Engine#call'
puma (8.0.2) lib/puma/configuration.rb:305:in 'Puma::Configuration::ConfigMiddleware#call'
puma (8.0.2) lib/puma/response.rb:79:in 'block in Puma::Response#handle_request'
puma (8.0.2) lib/puma/thread_pool.rb:434:in 'Puma::ThreadPool#with_force_shutdown'
puma (8.0.2) lib/puma/response.rb:78:in 'Puma::Response#handle_request'
puma (8.0.2) lib/puma/server.rb:508:in 'Puma::Server#process_client'
puma (8.0.2) lib/puma/server.rb:263:in 'block in Puma::Server#run'
puma (8.0.2) lib/puma/thread_pool.rb:246:in 'block in Puma::ThreadPool#spawn_thread'
  [1m[36mActiveRecord::SchemaMigration Load (1.9ms)[0m  [1m[34mSELECT "schema_migrations"."version" FROM "schema_migrations" ORDER BY "schema_migrations"."version" ASC /*application='ApiPonto'*/[0m
  [1m[36mUser Count (13.1ms)[0m  [1m[34mSELECT COUNT(*) FROM "users" /*application='ApiPonto'*/[0m
  [1m[36mTimeRecord Count (0.6ms)[0m  [1m[34mSELECT COUNT(*) FROM "time_records" /*application='ApiPonto'*/[0m
Started GET "/" for 127.0.0.1 at 2026-07-23 14:55:29 -0300
  [1m[36mActiveRecord::SchemaMigration Load (2.7ms)[0m  [1m[34mSELECT "schema_migrations"."version" FROM "schema_migrations" ORDER BY "schema_migrations"."version" ASC /*application='ApiPonto'*/[0m
  
ActiveRecord::PendingMigrationError (

Migrations are pending. To resolve this issue, run:

        bin/rails db:migrate

You have 2 pending migrations:

db/migrate/20260722152218_add_punch_type_to_time_records.rb
db/migrate/20260723160000_add_punch_type_explicit_to_time_records.rb


):
  
activerecord (8.0.5) lib/active_record/migration.rb:742:in 'ActiveRecord::Migration.check_pending_migrations'
activerecord (8.0.5) lib/active_record/migration.rb:659:in 'block (2 levels) in ActiveRecord::Migration::CheckPending#call'
activesupport (8.0.5) lib/active_support/file_update_checker.rb:85:in 'ActiveSupport::FileUpdateChecker#execute'
activerecord (8.0.5) lib/active_record/migration.rb:664:in 'block in ActiveRecord::Migration::CheckPending#call'
activerecord (8.0.5) lib/active_record/migration.rb:656:in 'Thread::Mutex#synchronize'
activerecord (8.0.5) lib/active_record/migration.rb:656:in 'ActiveRecord::Migration::CheckPending#call'
actionpack (8.0.5) lib/action_dispatch/middleware/callbacks.rb:31:in 'block in ActionDispatch::Callbacks#call'
activesupport (8.0.5) lib/active_support/callbacks.rb:100:in 'ActiveSupport::Callbacks#run_callbacks'
actionpack (8.0.5) lib/action_dispatch/middleware/callbacks.rb:30:in 'ActionDispatch::Callbacks#call'
actionpack (8.0.5) lib/action_dispatch/middleware/executor.rb:16:in 'ActionDispatch::Executor#call'
actionpack (8.0.5) lib/action_dispatch/middleware/actionable_exceptions.rb:18:in 'ActionDispatch::ActionableExceptions#call'
actionpack (8.0.5) lib/action_dispatch/middleware/debug_exceptions.rb:31:in 'ActionDispatch::DebugExceptions#call'
actionpack (8.0.5) lib/action_dispatch/middleware/show_exceptions.rb:32:in 'ActionDispatch::ShowExceptions#call'
railties (8.0.5) lib/rails/rack/logger.rb:41:in 'Rails::Rack::Logger#call_app'
railties (8.0.5) lib/rails/rack/logger.rb:29:in 'Rails::Rack::Logger#call'
actionpack (8.0.5) lib/action_dispatch/middleware/remote_ip.rb:96:in 'ActionDispatch::RemoteIp#call'
actionpack (8.0.5) lib/action_dispatch/middleware/request_id.rb:34:in 'ActionDispatch::RequestId#call'
rack (3.2.6) lib/rack/runtime.rb:24:in 'Rack::Runtime#call'
actionpack (8.0.5) lib/action_dispatch/middleware/server_timing.rb:61:in 'block in ActionDispatch::ServerTiming#call'
actionpack (8.0.5) lib/action_dispatch/middleware/server_timing.rb:26:in 'ActionDispatch::ServerTiming::Subscriber#collect_events'
actionpack (8.0.5) lib/action_dispatch/middleware/server_timing.rb:60:in 'ActionDispatch::ServerTiming#call'
actionpack (8.0.5) lib/action_dispatch/middleware/executor.rb:16:in 'ActionDispatch::Executor#call'
propshaft (1.3.2) lib/propshaft/server.rb:37:in 'Propshaft::Server#call'
actionpack (8.0.5) lib/action_dispatch/middleware/static.rb:27:in 'ActionDispatch::Static#call'
rack (3.2.6) lib/rack/sendfile.rb:131:in 'Rack::Sendfile#call'
actionpack (8.0.5) lib/action_dispatch/middleware/host_authorization.rb:143:in 'ActionDispatch::HostAuthorization#call'
railties (8.0.5) lib/rails/engine.rb:535:in 'Rails::Engine#call'
puma (8.0.2) lib/puma/configuration.rb:305:in 'Puma::Configuration::ConfigMiddleware#call'
puma (8.0.2) lib/puma/response.rb:79:in 'block in Puma::Response#handle_request'
puma (8.0.2) lib/puma/thread_pool.rb:434:in 'Puma::ThreadPool#with_force_shutdown'
puma (8.0.2) lib/puma/response.rb:78:in 'Puma::Response#handle_request'
puma (8.0.2) lib/puma/server.rb:508:in 'Puma::Server#process_client'
puma (8.0.2) lib/puma/server.rb:263:in 'block in Puma::Server#run'
puma (8.0.2) lib/puma/thread_pool.rb:246:in 'block in Puma::ThreadPool#spawn_thread'
Started GET "/presenca/CarregaRelogioAtual" for 127.0.0.1 at 2026-07-23 14:56:50 -0300
  [1m[36mActiveRecord::SchemaMigration Load (1.0ms)[0m  [1m[34mSELECT "schema_migrations"."version" FROM "schema_migrations" ORDER BY "schema_migrations"."version" ASC /*application='ApiPonto'*/[0m
  
ActiveRecord::PendingMigrationError (

Migrations are pending. To resolve this issue, run:

        bin/rails db:migrate

You have 2 pending migrations:

db/migrate/20260722152218_add_punch_type_to_time_records.rb
db/migrate/20260723160000_add_punch_type_explicit_to_time_records.rb


):
  
activerecord (8.0.5) lib/active_record/migration.rb:742:in 'ActiveRecord::Migration.check_pending_migrations'
activerecord (8.0.5) lib/active_record/migration.rb:659:in 'block (2 levels) in ActiveRecord::Migration::CheckPending#call'
activesupport (8.0.5) lib/active_support/file_update_checker.rb:85:in 'ActiveSupport::FileUpdateChecker#execute'
activerecord (8.0.5) lib/active_record/migration.rb:664:in 'block in ActiveRecord::Migration::CheckPending#call'
activerecord (8.0.5) lib/active_record/migration.rb:656:in 'Thread::Mutex#synchronize'
activerecord (8.0.5) lib/active_record/migration.rb:656:in 'ActiveRecord::Migration::CheckPending#call'
actionpack (8.0.5) lib/action_dispatch/middleware/callbacks.rb:31:in 'block in ActionDispatch::Callbacks#call'
activesupport (8.0.5) lib/active_support/callbacks.rb:100:in 'ActiveSupport::Callbacks#run_callbacks'
actionpack (8.0.5) lib/action_dispatch/middleware/callbacks.rb:30:in 'ActionDispatch::Callbacks#call'
actionpack (8.0.5) lib/action_dispatch/middleware/executor.rb:16:in 'ActionDispatch::Executor#call'
actionpack (8.0.5) lib/action_dispatch/middleware/actionable_exceptions.rb:18:in 'ActionDispatch::ActionableExceptions#call'
actionpack (8.0.5) lib/action_dispatch/middleware/debug_exceptions.rb:31:in 'ActionDispatch::DebugExceptions#call'
actionpack (8.0.5) lib/action_dispatch/middleware/show_exceptions.rb:32:in 'ActionDispatch::ShowExceptions#call'
railties (8.0.5) lib/rails/rack/logger.rb:41:in 'Rails::Rack::Logger#call_app'
railties (8.0.5) lib/rails/rack/logger.rb:29:in 'Rails::Rack::Logger#call'
actionpack (8.0.5) lib/action_dispatch/middleware/remote_ip.rb:96:in 'ActionDispatch::RemoteIp#call'
actionpack (8.0.5) lib/action_dispatch/middleware/request_id.rb:34:in 'ActionDispatch::RequestId#call'
rack (3.2.6) lib/rack/runtime.rb:24:in 'Rack::Runtime#call'
actionpack (8.0.5) lib/action_dispatch/middleware/server_timing.rb:61:in 'block in ActionDispatch::ServerTiming#call'
actionpack (8.0.5) lib/action_dispatch/middleware/server_timing.rb:26:in 'ActionDispatch::ServerTiming::Subscriber#collect_events'
actionpack (8.0.5) lib/action_dispatch/middleware/server_timing.rb:60:in 'ActionDispatch::ServerTiming#call'
actionpack (8.0.5) lib/action_dispatch/middleware/executor.rb:16:in 'ActionDispatch::Executor#call'
propshaft (1.3.2) lib/propshaft/server.rb:37:in 'Propshaft::Server#call'
actionpack (8.0.5) lib/action_dispatch/middleware/static.rb:27:in 'ActionDispatch::Static#call'
rack (3.2.6) lib/rack/sendfile.rb:131:in 'Rack::Sendfile#call'
actionpack (8.0.5) lib/action_dispatch/middleware/host_authorization.rb:143:in 'ActionDispatch::HostAuthorization#call'
railties (8.0.5) lib/rails/engine.rb:535:in 'Rails::Engine#call'
puma (8.0.2) lib/puma/configuration.rb:305:in 'Puma::Configuration::ConfigMiddleware#call'
puma (8.0.2) lib/puma/response.rb:79:in 'block in Puma::Response#handle_request'
puma (8.0.2) lib/puma/thread_pool.rb:434:in 'Puma::ThreadPool#with_force_shutdown'
puma (8.0.2) lib/puma/response.rb:78:in 'Puma::Response#handle_request'
puma (8.0.2) lib/puma/server.rb:508:in 'Puma::Server#process_client'
puma (8.0.2) lib/puma/server.rb:263:in 'block in Puma::Server#run'
puma (8.0.2) lib/puma/thread_pool.rb:246:in 'block in Puma::ThreadPool#spawn_thread'
Started GET "/presenca/CarregaRelogioAtual" for 127.0.0.1 at 2026-07-23 14:57:05 -0300
  [1m[36mActiveRecord::SchemaMigration Load (0.5ms)[0m  [1m[34mSELECT "schema_migrations"."version" FROM "schema_migrations" ORDER BY "schema_migrations"."version" ASC /*application='ApiPonto'*/[0m
  
ActiveRecord::PendingMigrationError (

Migrations are pending. To resolve this issue, run:

        bin/rails db:migrate

You have 2 pending migrations:

db/migrate/20260722152218_add_punch_type_to_time_records.rb
db/migrate/20260723160000_add_punch_type_explicit_to_time_records.rb


):
  
activerecord (8.0.5) lib/active_record/migration.rb:742:in 'ActiveRecord::Migration.check_pending_migrations'
activerecord (8.0.5) lib/active_record/migration.rb:659:in 'block (2 levels) in ActiveRecord::Migration::CheckPending#call'
activesupport (8.0.5) lib/active_support/file_update_checker.rb:85:in 'ActiveSupport::FileUpdateChecker#execute'
activerecord (8.0.5) lib/active_record/migration.rb:664:in 'block in ActiveRecord::Migration::CheckPending#call'
activerecord (8.0.5) lib/active_record/migration.rb:656:in 'Thread::Mutex#synchronize'
activerecord (8.0.5) lib/active_record/migration.rb:656:in 'ActiveRecord::Migration::CheckPending#call'
actionpack (8.0.5) lib/action_dispatch/middleware/callbacks.rb:31:in 'block in ActionDispatch::Callbacks#call'
activesupport (8.0.5) lib/active_support/callbacks.rb:100:in 'ActiveSupport::Callbacks#run_callbacks'
actionpack (8.0.5) lib/action_dispatch/middleware/callbacks.rb:30:in 'ActionDispatch::Callbacks#call'
actionpack (8.0.5) lib/action_dispatch/middleware/executor.rb:16:in 'ActionDispatch::Executor#call'
actionpack (8.0.5) lib/action_dispatch/middleware/actionable_exceptions.rb:18:in 'ActionDispatch::ActionableExceptions#call'
actionpack (8.0.5) lib/action_dispatch/middleware/debug_exceptions.rb:31:in 'ActionDispatch::DebugExceptions#call'
actionpack (8.0.5) lib/action_dispatch/middleware/show_exceptions.rb:32:in 'ActionDispatch::ShowExceptions#call'
railties (8.0.5) lib/rails/rack/logger.rb:41:in 'Rails::Rack::Logger#call_app'
railties (8.0.5) lib/rails/rack/logger.rb:29:in 'Rails::Rack::Logger#call'
actionpack (8.0.5) lib/action_dispatch/middleware/remote_ip.rb:96:in 'ActionDispatch::RemoteIp#call'
actionpack (8.0.5) lib/action_dispatch/middleware/request_id.rb:34:in 'ActionDispatch::RequestId#call'
rack (3.2.6) lib/rack/runtime.rb:24:in 'Rack::Runtime#call'
actionpack (8.0.5) lib/action_dispatch/middleware/server_timing.rb:61:in 'block in ActionDispatch::ServerTiming#call'
actionpack (8.0.5) lib/action_dispatch/middleware/server_timing.rb:26:in 'ActionDispatch::ServerTiming::Subscriber#collect_events'
actionpack (8.0.5) lib/action_dispatch/middleware/server_timing.rb:60:in 'ActionDispatch::ServerTiming#call'
actionpack (8.0.5) lib/action_dispatch/middleware/executor.rb:16:in 'ActionDispatch::Executor#call'
propshaft (1.3.2) lib/propshaft/server.rb:37:in 'Propshaft::Server#call'
actionpack (8.0.5) lib/action_dispatch/middleware/static.rb:27:in 'ActionDispatch::Static#call'
rack (3.2.6) lib/rack/sendfile.rb:131:in 'Rack::Sendfile#call'
actionpack (8.0.5) lib/action_dispatch/middleware/host_authorization.rb:143:in 'ActionDispatch::HostAuthorization#call'
railties (8.0.5) lib/rails/engine.rb:535:in 'Rails::Engine#call'
puma (8.0.2) lib/puma/configuration.rb:305:in 'Puma::Configuration::ConfigMiddleware#call'
puma (8.0.2) lib/puma/response.rb:79:in 'block in Puma::Response#handle_request'
puma (8.0.2) lib/puma/thread_pool.rb:434:in 'Puma::ThreadPool#with_force_shutdown'
puma (8.0.2) lib/puma/response.rb:78:in 'Puma::Response#handle_request'
puma (8.0.2) lib/puma/server.rb:508:in 'Puma::Server#process_client'
puma (8.0.2) lib/puma/server.rb:263:in 'block in Puma::Server#run'
puma (8.0.2) lib/puma/thread_pool.rb:246:in 'block in Puma::ThreadPool#spawn_thread'
Started GET "/presenca/CarregaRelogioAtual" for 127.0.0.1 at 2026-07-23 14:57:20 -0300
  [1m[36mActiveRecord::SchemaMigration Load (1.3ms)[0m  [1m[34mSELECT "schema_migrations"."version" FROM "schema_migrations" ORDER BY "schema_migrations"."version" ASC /*application='ApiPonto'*/[0m
  
ActiveRecord::PendingMigrationError (

Migrations are pending. To resolve this issue, run:

        bin/rails db:migrate

You have 2 pending migrations:

db/migrate/20260722152218_add_punch_type_to_time_records.rb
db/migrate/20260723160000_add_punch_type_explicit_to_time_records.rb


):
  
activerecord (8.0.5) lib/active_record/migration.rb:742:in 'ActiveRecord::Migration.check_pending_migrations'
activerecord (8.0.5) lib/active_record/migration.rb:659:in 'block (2 levels) in ActiveRecord::Migration::CheckPending#call'
activesupport (8.0.5) lib/active_support/file_update_checker.rb:85:in 'ActiveSupport::FileUpdateChecker#execute'
activerecord (8.0.5) lib/active_record/migration.rb:664:in 'block in ActiveRecord::Migration::CheckPending#call'
activerecord (8.0.5) lib/active_record/migration.rb:656:in 'Thread::Mutex#synchronize'
activerecord (8.0.5) lib/active_record/migration.rb:656:in 'ActiveRecord::Migration::CheckPending#call'
actionpack (8.0.5) lib/action_dispatch/middleware/callbacks.rb:31:in 'block in ActionDispatch::Callbacks#call'
activesupport (8.0.5) lib/active_support/callbacks.rb:100:in 'ActiveSupport::Callbacks#run_callbacks'
actionpack (8.0.5) lib/action_dispatch/middleware/callbacks.rb:30:in 'ActionDispatch::Callbacks#call'
actionpack (8.0.5) lib/action_dispatch/middleware/executor.rb:16:in 'ActionDispatch::Executor#call'
actionpack (8.0.5) lib/action_dispatch/middleware/actionable_exceptions.rb:18:in 'ActionDispatch::ActionableExceptions#call'
actionpack (8.0.5) lib/action_dispatch/middleware/debug_exceptions.rb:31:in 'ActionDispatch::DebugExceptions#call'
actionpack (8.0.5) lib/action_dispatch/middleware/show_exceptions.rb:32:in 'ActionDispatch::ShowExceptions#call'
railties (8.0.5) lib/rails/rack/logger.rb:41:in 'Rails::Rack::Logger#call_app'
railties (8.0.5) lib/rails/rack/logger.rb:29:in 'Rails::Rack::Logger#call'
actionpack (8.0.5) lib/action_dispatch/middleware/remote_ip.rb:96:in 'ActionDispatch::RemoteIp#call'
actionpack (8.0.5) lib/action_dispatch/middleware/request_id.rb:34:in 'ActionDispatch::RequestId#call'
rack (3.2.6) lib/rack/runtime.rb:24:in 'Rack::Runtime#call'
actionpack (8.0.5) lib/action_dispatch/middleware/server_timing.rb:61:in 'block in ActionDispatch::ServerTiming#call'
actionpack (8.0.5) lib/action_dispatch/middleware/server_timing.rb:26:in 'ActionDispatch::ServerTiming::Subscriber#collect_events'
actionpack (8.0.5) lib/action_dispatch/middleware/server_timing.rb:60:in 'ActionDispatch::ServerTiming#call'
actionpack (8.0.5) lib/action_dispatch/middleware/executor.rb:16:in 'ActionDispatch::Executor#call'
propshaft (1.3.2) lib/propshaft/server.rb:37:in 'Propshaft::Server#call'
actionpack (8.0.5) lib/action_dispatch/middleware/static.rb:27:in 'ActionDispatch::Static#call'
rack (3.2.6) lib/rack/sendfile.rb:131:in 'Rack::Sendfile#call'
actionpack (8.0.5) lib/action_dispatch/middleware/host_authorization.rb:143:in 'ActionDispatch::HostAuthorization#call'
railties (8.0.5) lib/rails/engine.rb:535:in 'Rails::Engine#call'
puma (8.0.2) lib/puma/configuration.rb:305:in 'Puma::Configuration::ConfigMiddleware#call'
puma (8.0.2) lib/puma/response.rb:79:in 'block in Puma::Response#handle_request'
puma (8.0.2) lib/puma/thread_pool.rb:434:in 'Puma::ThreadPool#with_force_shutdown'
puma (8.0.2) lib/puma/response.rb:78:in 'Puma::Response#handle_request'
puma (8.0.2) lib/puma/server.rb:508:in 'Puma::Server#process_client'
puma (8.0.2) lib/puma/server.rb:263:in 'block in Puma::Server#run'
puma (8.0.2) lib/puma/thread_pool.rb:246:in 'block in Puma::ThreadPool#spawn_thread'
  [1m[35m (0.6ms)[0m  [1m[34mSELECT pg_try_advisory_lock(7924882114928183895) /*application='ApiPonto'*/[0m
  [1m[36mActiveRecord::SchemaMigration Load (0.9ms)[0m  [1m[34mSELECT "schema_migrations"."version" FROM "schema_migrations" ORDER BY "schema_migrations"."version" ASC /*application='ApiPonto'*/[0m
  [1m[36mActiveRecord::InternalMetadata Load (1.6ms)[0m  [1m[34mSELECT * FROM "ar_internal_metadata" WHERE "ar_internal_metadata"."key" = 'environment' ORDER BY "ar_internal_metadata"."key" ASC LIMIT 1 /*application='ApiPonto'*/[0m
Migrating to AddPunchTypeToTimeRecords (20260722152218)
  [1m[36mTRANSACTION (0.2ms)[0m  [1m[35mBEGIN /*application='ApiPonto'*/[0m
  [1m[35m (6.2ms)[0m  [1m[35mALTER TABLE "time_records" ADD "punch_type" character varying /*application='ApiPonto'*/[0m
  [1m[36mActiveRecord::SchemaMigration Create (0.3ms)[0m  [1m[32mINSERT INTO "schema_migrations" ("version") VALUES ('20260722152218') RETURNING "version" /*application='ApiPonto'*/[0m
  [1m[36mTRANSACTION (4.2ms)[0m  [1m[35mCOMMIT /*application='ApiPonto'*/[0m
Migrating to AddPunchTypeExplicitToTimeRecords (20260723160000)
  [1m[36mTRANSACTION (0.3ms)[0m  [1m[35mBEGIN /*application='ApiPonto'*/[0m
  [1m[35m (2.7ms)[0m  [1m[35mALTER TABLE "time_records" ADD "punch_type_explicit" boolean DEFAULT FALSE NOT NULL /*application='ApiPonto'*/[0m
  [1m[36mActiveRecord::SchemaMigration Create (0.3ms)[0m  [1m[32mINSERT INTO "schema_migrations" ("version") VALUES ('20260723160000') RETURNING "version" /*application='ApiPonto'*/[0m
  [1m[36mTRANSACTION (2.2ms)[0m  [1m[35mCOMMIT /*application='ApiPonto'*/[0m
  [1m[35m (0.4ms)[0m  [1m[34mSELECT pg_advisory_unlock(7924882114928183895) /*application='ApiPonto'*/[0m
  [1m[36mActiveRecord::SchemaMigration Load (0.3ms)[0m  [1m[34mSELECT "schema_migrations"."version" FROM "schema_migrations" ORDER BY "schema_migrations"."version" ASC /*application='ApiPonto'*/[0m
Started GET "/" for 127.0.0.1 at 2026-07-23 14:59:09 -0300
  [1m[36mActiveRecord::SchemaMigration Load (0.9ms)[0m  [1m[34mSELECT "schema_migrations"."version" FROM "schema_migrations" ORDER BY "schema_migrations"."version" ASC /*application='ApiPonto'*/[0m
Processing by Admin::DashboardController#index as */*
Redirected to http://localhost:3000/login
Filter chain halted as :require_login rendered or redirected
Completed 302 Found in 5ms (ActiveRecord: 0.0ms (0 queries, 0 cached) | GC: 0.0ms)


Started GET "/presenca/CarregaRelogioAtual" for 127.0.0.1 at 2026-07-23 15:00:33 -0300
  [1m[36mActiveRecord::SchemaMigration Load (4.0ms)[0m  [1m[34mSELECT "schema_migrations"."version" FROM "schema_migrations" ORDER BY "schema_migrations"."version" ASC /*application='ApiPonto'*/[0m
Processing by Presenca::CarregaRelogioAtualController#show as HTML
Completed 200 OK in 12ms (Views: 0.2ms | ActiveRecord: 0.0ms (0 queries, 0 cached) | GC: 0.0ms)


Started GET "/presenca/IniciarPonto" for 127.0.0.1 at 2026-07-23 15:00:33 -0300
Processing by Presenca::IniciarPontoController#show as HTML
  [1m[36mTimeRecord Load (2.1ms)[0m  [1m[34mSELECT "time_records".* FROM "time_records" WHERE "time_records"."user_id" = 1 AND "time_records"."punched_at" BETWEEN '2026-07-23 00:00:00' AND '2026-07-23 23:59:59.999999' ORDER BY "time_records"."punched_at" DESC, "time_records"."created_at" DESC LIMIT 1 /*action='show',application='ApiPonto',controller='iniciar_ponto'*/[0m
  ↳ app/models/time_record.rb:13:in 'TimeRecord.last_today'
  Rendering layout layouts/application.html.erb
  Rendering presenca/iniciar_ponto/iniciar_ponto.html.erb within layouts/application
  Rendered presenca/iniciar_ponto/iniciar_ponto.html.erb within layouts/application (Duration: 5.6ms | GC: 0.0ms)
  Rendered layout layouts/application.html.erb (Duration: 21.7ms | GC: 0.0ms)
Completed 200 OK in 131ms (Views: 49.3ms | ActiveRecord: 14.3ms (1 query, 0 cached) | GC: 0.0ms)


Started GET "/presenca/InicializarPonto?codigoAtivacao=SistemaOperacionalNaoSuportado&codigoUnicoMaquina=c17e54cd-ec83-45a6-9228-0c6fd7ad8a83" for 127.0.0.1 at 2026-07-23 15:00:35 -0300
Processing by Presenca::InicializarPontoController#show as HTML
  Parameters: {"codigoAtivacao" => "SistemaOperacionalNaoSuportado", "codigoUnicoMaquina" => "c17e54cd-ec83-45a6-9228-0c6fd7ad8a83"}
  Rendering layout layouts/application.html.erb
  Rendering presenca/inicializar_ponto/inicializar_ponto.html.erb within layouts/application
  Rendered presenca/inicializar_ponto/inicializar_ponto.html.erb within layouts/application (Duration: 0.6ms | GC: 0.0ms)
  Rendered layout layouts/application.html.erb (Duration: 1.7ms | GC: 0.0ms)
Completed 200 OK in 5ms (Views: 4.6ms | ActiveRecord: 0.0ms (0 queries, 0 cached) | GC: 0.0ms)


Started GET "/presenca/PontoDePresenca" for 127.0.0.1 at 2026-07-23 15:00:38 -0300
Processing by Presenca::PontoDePresencaController#show as HTML
  [1m[36mTimeRecord Load (1.0ms)[0m  [1m[34mSELECT "time_records".* FROM "time_records" WHERE "time_records"."user_id" = 1 AND "time_records"."punched_at" BETWEEN '2026-07-23 00:00:00' AND '2026-07-23 23:59:59.999999' ORDER BY "time_records"."punched_at" DESC, "time_records"."created_at" DESC LIMIT 1 /*action='show',application='ApiPonto',controller='ponto_de_presenca'*/[0m
  ↳ app/models/time_record.rb:13:in 'TimeRecord.last_today'
  Rendering layout layouts/application.html.erb
  Rendering presenca/ponto_de_presenca/index.html.erb within layouts/application
  [1m[36mTimeRecord Load (3.6ms)[0m  [1m[34mSELECT "time_records".* FROM "time_records" WHERE "time_records"."punched_at" BETWEEN '2026-07-23 00:00:00' AND '2026-07-23 23:59:59.999999' ORDER BY "time_records"."punched_at" ASC /*action='show',application='ApiPonto',controller='ponto_de_presenca'*/[0m
  ↳ app/views/presenca/ponto_de_presenca/index.html.erb:44
  Rendered presenca/ponto_de_presenca/index.html.erb within layouts/application (Duration: 21.5ms | GC: 0.0ms)
  Rendered layout layouts/application.html.erb (Duration: 55.2ms | GC: 0.0ms)
Completed 200 OK in 75ms (Views: 55.8ms | ActiveRecord: 4.5ms (2 queries, 0 cached) | GC: 0.0ms)


Started POST "/presenca/ajax/SincronizarRegistrosPonto" for 127.0.0.1 at 2026-07-23 15:00:40 -0300
Processing by Presenca::SincronizarRegistrosPontoController#create as HTML
  Parameters: {"registros" => "1-23:07:2026:18:00:40", "codAtivacao" => "poc-ativacao-001"}
  [1m[36mUser Load (0.6ms)[0m  [1m[34mSELECT "users".* FROM "users" WHERE "users"."id" = 1 LIMIT 1 /*action='create',application='ApiPonto',controller='sincronizar_registros_ponto'*/[0m
  ↳ app/controllers/presenca/sincronizar_registros_ponto_controller.rb:38:in 'block in Presenca::SincronizarRegistrosPontoController#create'
  [1m[36mTimeRecord Load (0.5ms)[0m  [1m[34mSELECT "time_records".* FROM "time_records" WHERE "time_records"."user_id" = 1 AND "time_records"."punched_at" BETWEEN '2026-07-23 00:00:00' AND '2026-07-23 23:59:59.999999' ORDER BY "time_records"."punched_at" DESC, "time_records"."created_at" DESC LIMIT 1 /*action='create',application='ApiPonto',controller='sincronizar_registros_ponto'*/[0m
  ↳ app/models/time_record.rb:13:in 'TimeRecord.last_today'
  [1m[36mCACHE User Load (0.0ms)[0m  [1m[34mSELECT "users".* FROM "users" WHERE "users"."id" = 1 LIMIT 1[0m
  ↳ app/controllers/presenca/sincronizar_registros_ponto_controller.rb:62:in 'block in Presenca::SincronizarRegistrosPontoController#create'
  [1m[36mTRANSACTION (0.2ms)[0m  [1m[35mBEGIN /*action='create',application='ApiPonto',controller='sincronizar_registros_ponto'*/[0m
  ↳ app/controllers/presenca/sincronizar_registros_ponto_controller.rb:62:in 'block in Presenca::SincronizarRegistrosPontoController#create'
  [1m[36mTimeRecord Create (10.0ms)[0m  [1m[32mINSERT INTO "time_records" ("user_id", "raw_data", "punched_at", "authentication_mode", "created_at", "updated_at", "punch_type", "punch_type_explicit") VALUES (1, '1-23:07:2026:18:00:40', '2026-07-23 18:00:40', 'biometric', '2026-07-23 18:00:40.930929', '2026-07-23 18:00:40.930929', 'entry', FALSE) RETURNING "id" /*action='create',application='ApiPonto',controller='sincronizar_registros_ponto'*/[0m
  ↳ app/controllers/presenca/sincronizar_registros_ponto_controller.rb:62:in 'block in Presenca::SincronizarRegistrosPontoController#create'
  [1m[36mTRANSACTION (2.1ms)[0m  [1m[35mCOMMIT /*action='create',application='ApiPonto',controller='sincronizar_registros_ponto'*/[0m
  ↳ app/controllers/presenca/sincronizar_registros_ponto_controller.rb:62:in 'block in Presenca::SincronizarRegistrosPontoController#create'
Completed 200 OK in 116ms (Views: 0.1ms | ActiveRecord: 22.2ms (4 queries, 1 cached) | GC: 45.8ms)


Started GET "/presenca/PontoDePresenca" for 127.0.0.1 at 2026-07-23 15:00:41 -0300
Processing by Presenca::PontoDePresencaController#show as HTML
  [1m[36mTimeRecord Load (1.0ms)[0m  [1m[34mSELECT "time_records".* FROM "time_records" WHERE "time_records"."user_id" = 1 AND "time_records"."punched_at" BETWEEN '2026-07-23 00:00:00' AND '2026-07-23 23:59:59.999999' ORDER BY "time_records"."punched_at" DESC, "time_records"."created_at" DESC LIMIT 1 /*action='show',application='ApiPonto',controller='ponto_de_presenca'*/[0m
  ↳ app/models/time_record.rb:13:in 'TimeRecord.last_today'
  Rendering layout layouts/application.html.erb
  Rendering presenca/ponto_de_presenca/index.html.erb within layouts/application
  [1m[36mUser Load (0.7ms)[0m  [1m[34mSELECT "users".* FROM "users" WHERE "users"."id" = 1 LIMIT 1 /*action='show',application='ApiPonto',controller='ponto_de_presenca'*/[0m
  ↳ app/views/presenca/ponto_de_presenca/index.html.erb:17
  [1m[36mTimeRecord Load (0.5ms)[0m  [1m[34mSELECT "time_records".* FROM "time_records" WHERE "time_records"."punched_at" BETWEEN '2026-07-23 00:00:00' AND '2026-07-23 23:59:59.999999' ORDER BY "time_records"."punched_at" ASC /*action='show',application='ApiPonto',controller='ponto_de_presenca'*/[0m
  ↳ app/views/presenca/ponto_de_presenca/index.html.erb:44
  Rendered presenca/ponto_de_presenca/index.html.erb within layouts/application (Duration: 6.6ms | GC: 0.0ms)
  Rendered layout layouts/application.html.erb (Duration: 8.1ms | GC: 0.0ms)
Completed 200 OK in 14ms (Views: 7.6ms | ActiveRecord: 2.2ms (3 queries, 0 cached) | GC: 0.0ms)


Started POST "/presenca/ajax/SincronizarRegistrosPonto" for 127.0.0.1 at 2026-07-23 15:00:44 -0300
Processing by Presenca::SincronizarRegistrosPontoController#create as HTML
  Parameters: {"registros" => "1-23:07:2026:18:00:44", "codAtivacao" => "poc-ativacao-001"}
  [1m[36mUser Load (0.6ms)[0m  [1m[34mSELECT "users".* FROM "users" WHERE "users"."id" = 1 LIMIT 1 /*action='create',application='ApiPonto',controller='sincronizar_registros_ponto'*/[0m
  ↳ app/controllers/presenca/sincronizar_registros_ponto_controller.rb:38:in 'block in Presenca::SincronizarRegistrosPontoController#create'
  [1m[36mTimeRecord Load (0.7ms)[0m  [1m[34mSELECT "time_records".* FROM "time_records" WHERE "time_records"."user_id" = 1 AND "time_records"."punched_at" BETWEEN '2026-07-23 00:00:00' AND '2026-07-23 23:59:59.999999' ORDER BY "time_records"."punched_at" DESC, "time_records"."created_at" DESC LIMIT 1 /*action='create',application='ApiPonto',controller='sincronizar_registros_ponto'*/[0m
  ↳ app/models/time_record.rb:13:in 'TimeRecord.last_today'
  [1m[36mCACHE User Load (0.1ms)[0m  [1m[34mSELECT "users".* FROM "users" WHERE "users"."id" = 1 LIMIT 1[0m
  ↳ app/controllers/presenca/sincronizar_registros_ponto_controller.rb:62:in 'block in Presenca::SincronizarRegistrosPontoController#create'
  [1m[36mTRANSACTION (0.2ms)[0m  [1m[35mBEGIN /*action='create',application='ApiPonto',controller='sincronizar_registros_ponto'*/[0m
  ↳ app/controllers/presenca/sincronizar_registros_ponto_controller.rb:62:in 'block in Presenca::SincronizarRegistrosPontoController#create'
  [1m[36mTimeRecord Create (4.2ms)[0m  [1m[32mINSERT INTO "time_records" ("user_id", "raw_data", "punched_at", "authentication_mode", "created_at", "updated_at", "punch_type", "punch_type_explicit") VALUES (1, '1-23:07:2026:18:00:44', '2026-07-23 18:00:44', 'biometric', '2026-07-23 18:00:44.684074', '2026-07-23 18:00:44.684074', 'exit', FALSE) RETURNING "id" /*action='create',application='ApiPonto',controller='sincronizar_registros_ponto'*/[0m
  ↳ app/controllers/presenca/sincronizar_registros_ponto_controller.rb:62:in 'block in Presenca::SincronizarRegistrosPontoController#create'
  [1m[36mTRANSACTION (2.9ms)[0m  [1m[35mCOMMIT /*action='create',application='ApiPonto',controller='sincronizar_registros_ponto'*/[0m
  ↳ app/controllers/presenca/sincronizar_registros_ponto_controller.rb:62:in 'block in Presenca::SincronizarRegistrosPontoController#create'
Completed 200 OK in 29ms (Views: 0.1ms | ActiveRecord: 8.6ms (4 queries, 1 cached) | GC: 0.0ms)


Started GET "/presenca/PontoDePresenca" for 127.0.0.1 at 2026-07-23 15:00:45 -0300
Processing by Presenca::PontoDePresencaController#show as HTML
  [1m[36mTimeRecord Load (0.6ms)[0m  [1m[34mSELECT "time_records".* FROM "time_records" WHERE "time_records"."user_id" = 1 AND "time_records"."punched_at" BETWEEN '2026-07-23 00:00:00' AND '2026-07-23 23:59:59.999999' ORDER BY "time_records"."punched_at" DESC, "time_records"."created_at" DESC LIMIT 1 /*action='show',application='ApiPonto',controller='ponto_de_presenca'*/[0m
  ↳ app/models/time_record.rb:13:in 'TimeRecord.last_today'
  Rendering layout layouts/application.html.erb
  Rendering presenca/ponto_de_presenca/index.html.erb within layouts/application
  [1m[36mUser Load (0.4ms)[0m  [1m[34mSELECT "users".* FROM "users" WHERE "users"."id" = 1 LIMIT 1 /*action='show',application='ApiPonto',controller='ponto_de_presenca'*/[0m
  ↳ app/views/presenca/ponto_de_presenca/index.html.erb:17
  [1m[36mTimeRecord Load (0.4ms)[0m  [1m[34mSELECT "time_records".* FROM "time_records" WHERE "time_records"."punched_at" BETWEEN '2026-07-23 00:00:00' AND '2026-07-23 23:59:59.999999' ORDER BY "time_records"."punched_at" ASC /*action='show',application='ApiPonto',controller='ponto_de_presenca'*/[0m
  ↳ app/views/presenca/ponto_de_presenca/index.html.erb:44
  Rendered presenca/ponto_de_presenca/index.html.erb within layouts/application (Duration: 5.9ms | GC: 0.0ms)
  Rendered layout layouts/application.html.erb (Duration: 7.7ms | GC: 0.0ms)
Completed 200 OK in 13ms (Views: 7.5ms | ActiveRecord: 1.3ms (3 queries, 0 cached) | GC: 0.0ms)


Started GET "/" for 127.0.0.1 at 2026-07-23 15:00:59 -0300
Processing by Admin::DashboardController#index as HTML
  [1m[36mUser Load (0.9ms)[0m  [1m[34mSELECT "users".* FROM "users" WHERE "users"."id" = 3 LIMIT 1 /*action='index',application='ApiPonto',controller='dashboard'*/[0m
  ↳ app/controllers/admin/application_controller.rb:17:in 'Admin::ApplicationController#current_user'
  [1m[36mUser Count (0.6ms)[0m  [1m[34mSELECT COUNT(*) FROM "users" /*action='index',application='ApiPonto',controller='dashboard'*/[0m
  ↳ app/controllers/admin/dashboard_controller.rb:4:in 'Admin::DashboardController#index'
  [1m[36mUser Count (0.5ms)[0m  [1m[34mSELECT COUNT(*) FROM "users" WHERE "users"."status" = 1 /*action='index',application='ApiPonto',controller='dashboard'*/[0m
  ↳ app/controllers/admin/dashboard_controller.rb:5:in 'Admin::DashboardController#index'
  [1m[36mUser Count (0.4ms)[0m  [1m[34mSELECT COUNT(*) FROM "users" WHERE "users"."digitais_hash" IS NOT NULL /*action='index',application='ApiPonto',controller='dashboard'*/[0m
  ↳ app/controllers/admin/dashboard_controller.rb:7:in 'Admin::DashboardController#index'
  [1m[36mTimeRecord Count (0.5ms)[0m  [1m[34mSELECT COUNT(*) FROM "time_records" WHERE (punched_at >= '2026-07-23 00:00:00') /*action='index',application='ApiPonto',controller='dashboard'*/[0m
  ↳ app/controllers/admin/dashboard_controller.rb:10:in 'Admin::DashboardController#index'
  [1m[36mTimeRecord Count (0.5ms)[0m  [1m[34mSELECT COUNT(*) FROM "time_records" WHERE (punched_at >= '2026-07-16 18:00:59.812344') /*action='index',application='ApiPonto',controller='dashboard'*/[0m
  ↳ app/controllers/admin/dashboard_controller.rb:11:in 'Admin::DashboardController#index'
  [1m[36mTimeRecord Count (0.8ms)[0m  [1m[34mSELECT COUNT(*) FROM "time_records" WHERE (punched_at >= '2026-06-23 18:00:59.817050') /*action='index',application='ApiPonto',controller='dashboard'*/[0m
  ↳ app/controllers/admin/dashboard_controller.rb:12:in 'Admin::DashboardController#index'
  Rendering layout layouts/admin.html.erb
  Rendering admin/dashboard/index.html.erb within layouts/admin
  [1m[36mTimeRecord Load (0.5ms)[0m  [1m[34mSELECT "time_records".* FROM "time_records" ORDER BY "time_records"."created_at" DESC LIMIT 10 /*action='index',application='ApiPonto',controller='dashboard'*/[0m
  ↳ app/views/admin/dashboard/index.html.erb:86
  [1m[36mUser Load (0.6ms)[0m  [1m[34mSELECT "users".* FROM "users" WHERE "users"."id" IN (1, 2) /*action='index',application='ApiPonto',controller='dashboard'*/[0m
  ↳ app/views/admin/dashboard/index.html.erb:86
  Rendered admin/dashboard/index.html.erb within layouts/admin (Duration: 35.0ms | GC: 0.9ms)
  Rendered layout layouts/admin.html.erb (Duration: 37.8ms | GC: 0.9ms)
Completed 200 OK in 71ms (Views: 39.8ms | ActiveRecord: 5.1ms (9 queries, 0 cached) | GC: 1.8ms)


Started GET "/time_records" for 127.0.0.1 at 2026-07-23 15:02:30 -0300
Processing by Admin::TimeRecordsController#index as HTML
  [1m[36mUser Load (2.2ms)[0m  [1m[34mSELECT "users".* FROM "users" WHERE "users"."id" = 3 LIMIT 1 /*action='index',application='ApiPonto',controller='time_records'*/[0m
  ↳ app/controllers/admin/application_controller.rb:17:in 'Admin::ApplicationController#current_user'
  [1m[36mTimeRecord Count (0.5ms)[0m  [1m[34mSELECT COUNT(*) FROM "time_records" /*action='index',application='ApiPonto',controller='time_records'*/[0m
  ↳ app/controllers/admin/time_records_controller.rb:22:in 'Admin::TimeRecordsController#index'
  Rendering layout layouts/admin.html.erb
  Rendering admin/time_records/index.html.erb within layouts/admin
  [1m[36mUser Load (2.2ms)[0m  [1m[34mSELECT "users".* FROM "users" ORDER BY "users"."nome_completo" ASC /*action='index',application='ApiPonto',controller='time_records'*/[0m
  ↳ app/views/admin/time_records/index.html.erb:19
  [1m[36mTimeRecord Load (0.7ms)[0m  [1m[34mSELECT "time_records".* FROM "time_records" ORDER BY "time_records"."punched_at" DESC LIMIT 50 /*action='index',application='ApiPonto',controller='time_records'*/[0m
  ↳ app/views/admin/time_records/index.html.erb:44
  [1m[36mUser Load (0.5ms)[0m  [1m[34mSELECT "users".* FROM "users" WHERE "users"."id" IN (1, 2) /*action='index',application='ApiPonto',controller='time_records'*/[0m
  ↳ app/views/admin/time_records/index.html.erb:44
  Rendered admin/time_records/index.html.erb within layouts/admin (Duration: 30.7ms | GC: 4.2ms)
  Rendered layout layouts/admin.html.erb (Duration: 32.1ms | GC: 4.2ms)
Completed 200 OK in 45ms (Views: 29.8ms | ActiveRecord: 5.7ms (5 queries, 0 cached) | GC: 4.2ms)


Started POST "/presenca/ajax/SincronizarRegistrosPonto" for 127.0.0.1 at 2026-07-23 15:03:01 -0300
Processing by Presenca::SincronizarRegistrosPontoController#create as HTML
  Parameters: {"registros" => "1-23:07:2026:18:03:01", "codAtivacao" => "poc-ativacao-001"}
  [1m[36mUser Load (3.8ms)[0m  [1m[34mSELECT "users".* FROM "users" WHERE "users"."id" = 1 LIMIT 1 /*action='create',application='ApiPonto',controller='sincronizar_registros_ponto'*/[0m
  ↳ app/controllers/presenca/sincronizar_registros_ponto_controller.rb:38:in 'block in Presenca::SincronizarRegistrosPontoController#create'
  [1m[36mTimeRecord Load (0.8ms)[0m  [1m[34mSELECT "time_records".* FROM "time_records" WHERE "time_records"."user_id" = 1 AND "time_records"."punched_at" BETWEEN '2026-07-23 00:00:00' AND '2026-07-23 23:59:59.999999' ORDER BY "time_records"."punched_at" DESC, "time_records"."created_at" DESC LIMIT 1 /*action='create',application='ApiPonto',controller='sincronizar_registros_ponto'*/[0m
  ↳ app/models/time_record.rb:13:in 'TimeRecord.last_today'
  [1m[36mCACHE User Load (0.0ms)[0m  [1m[34mSELECT "users".* FROM "users" WHERE "users"."id" = 1 LIMIT 1[0m
  ↳ app/controllers/presenca/sincronizar_registros_ponto_controller.rb:62:in 'block in Presenca::SincronizarRegistrosPontoController#create'
  [1m[36mTRANSACTION (0.2ms)[0m  [1m[35mBEGIN /*action='create',application='ApiPonto',controller='sincronizar_registros_ponto'*/[0m
  ↳ app/controllers/presenca/sincronizar_registros_ponto_controller.rb:62:in 'block in Presenca::SincronizarRegistrosPontoController#create'
  [1m[36mTimeRecord Create (2.5ms)[0m  [1m[32mINSERT INTO "time_records" ("user_id", "raw_data", "punched_at", "authentication_mode", "created_at", "updated_at", "punch_type", "punch_type_explicit") VALUES (1, '1-23:07:2026:18:03:01', '2026-07-23 18:03:01', 'biometric', '2026-07-23 18:03:01.259993', '2026-07-23 18:03:01.259993', 'entry', FALSE) RETURNING "id" /*action='create',application='ApiPonto',controller='sincronizar_registros_ponto'*/[0m
  ↳ app/controllers/presenca/sincronizar_registros_ponto_controller.rb:62:in 'block in Presenca::SincronizarRegistrosPontoController#create'
  [1m[36mTRANSACTION (2.2ms)[0m  [1m[35mCOMMIT /*action='create',application='ApiPonto',controller='sincronizar_registros_ponto'*/[0m
  ↳ app/controllers/presenca/sincronizar_registros_ponto_controller.rb:62:in 'block in Presenca::SincronizarRegistrosPontoController#create'
Completed 200 OK in 25ms (Views: 0.1ms | ActiveRecord: 9.3ms (4 queries, 1 cached) | GC: 0.0ms)


Started GET "/presenca/PontoDePresenca" for 127.0.0.1 at 2026-07-23 15:03:02 -0300
Processing by Presenca::PontoDePresencaController#show as HTML
  [1m[36mTimeRecord Load (0.7ms)[0m  [1m[34mSELECT "time_records".* FROM "time_records" WHERE "time_records"."user_id" = 1 AND "time_records"."punched_at" BETWEEN '2026-07-23 00:00:00' AND '2026-07-23 23:59:59.999999' ORDER BY "time_records"."punched_at" DESC, "time_records"."created_at" DESC LIMIT 1 /*action='show',application='ApiPonto',controller='ponto_de_presenca'*/[0m
  ↳ app/models/time_record.rb:13:in 'TimeRecord.last_today'
  Rendering layout layouts/application.html.erb
  Rendering presenca/ponto_de_presenca/index.html.erb within layouts/application
  [1m[36mUser Load (0.6ms)[0m  [1m[34mSELECT "users".* FROM "users" WHERE "users"."id" = 1 LIMIT 1 /*action='show',application='ApiPonto',controller='ponto_de_presenca'*/[0m
  ↳ app/views/presenca/ponto_de_presenca/index.html.erb:17
  [1m[36mTimeRecord Load (0.4ms)[0m  [1m[34mSELECT "time_records".* FROM "time_records" WHERE "time_records"."punched_at" BETWEEN '2026-07-23 00:00:00' AND '2026-07-23 23:59:59.999999' ORDER BY "time_records"."punched_at" ASC /*action='show',application='ApiPonto',controller='ponto_de_presenca'*/[0m
  ↳ app/views/presenca/ponto_de_presenca/index.html.erb:44
  Rendered presenca/ponto_de_presenca/index.html.erb within layouts/application (Duration: 5.5ms | GC: 0.0ms)
  Rendered layout layouts/application.html.erb (Duration: 6.8ms | GC: 0.0ms)
Completed 200 OK in 11ms (Views: 6.5ms | ActiveRecord: 1.7ms (3 queries, 0 cached) | GC: 0.0ms)


Started POST "/presenca/ajax/SincronizarRegistrosPonto" for 127.0.0.1 at 2026-07-23 15:03:11 -0300
Processing by Presenca::SincronizarRegistrosPontoController#create as HTML
  Parameters: {"registros" => "1-23:07:2026:18:03:11", "codAtivacao" => "poc-ativacao-001"}
  [1m[36mUser Load (0.6ms)[0m  [1m[34mSELECT "users".* FROM "users" WHERE "users"."id" = 1 LIMIT 1 /*action='create',application='ApiPonto',controller='sincronizar_registros_ponto'*/[0m
  ↳ app/controllers/presenca/sincronizar_registros_ponto_controller.rb:38:in 'block in Presenca::SincronizarRegistrosPontoController#create'
  [1m[36mTimeRecord Load (3.2ms)[0m  [1m[34mSELECT "time_records".* FROM "time_records" WHERE "time_records"."user_id" = 1 AND "time_records"."punched_at" BETWEEN '2026-07-23 00:00:00' AND '2026-07-23 23:59:59.999999' ORDER BY "time_records"."punched_at" DESC, "time_records"."created_at" DESC LIMIT 1 /*action='create',application='ApiPonto',controller='sincronizar_registros_ponto'*/[0m
  ↳ app/models/time_record.rb:13:in 'TimeRecord.last_today'
  [1m[36mCACHE User Load (0.0ms)[0m  [1m[34mSELECT "users".* FROM "users" WHERE "users"."id" = 1 LIMIT 1[0m
  ↳ app/controllers/presenca/sincronizar_registros_ponto_controller.rb:62:in 'block in Presenca::SincronizarRegistrosPontoController#create'
  [1m[36mTRANSACTION (0.5ms)[0m  [1m[35mBEGIN /*action='create',application='ApiPonto',controller='sincronizar_registros_ponto'*/[0m
  ↳ app/controllers/presenca/sincronizar_registros_ponto_controller.rb:62:in 'block in Presenca::SincronizarRegistrosPontoController#create'
  [1m[36mTimeRecord Create (4.1ms)[0m  [1m[32mINSERT INTO "time_records" ("user_id", "raw_data", "punched_at", "authentication_mode", "created_at", "updated_at", "punch_type", "punch_type_explicit") VALUES (1, '1-23:07:2026:18:03:11', '2026-07-23 18:03:11', 'biometric', '2026-07-23 18:03:11.439234', '2026-07-23 18:03:11.439234', 'exit', FALSE) RETURNING "id" /*action='create',application='ApiPonto',controller='sincronizar_registros_ponto'*/[0m
  ↳ app/controllers/presenca/sincronizar_registros_ponto_controller.rb:62:in 'block in Presenca::SincronizarRegistrosPontoController#create'
  [1m[36mTRANSACTION (2.8ms)[0m  [1m[35mCOMMIT /*action='create',application='ApiPonto',controller='sincronizar_registros_ponto'*/[0m
  ↳ app/controllers/presenca/sincronizar_registros_ponto_controller.rb:62:in 'block in Presenca::SincronizarRegistrosPontoController#create'
Completed 200 OK in 28ms (Views: 0.1ms | ActiveRecord: 11.1ms (4 queries, 1 cached) | GC: 0.0ms)


Started GET "/presenca/PontoDePresenca" for 127.0.0.1 at 2026-07-23 15:03:12 -0300
Processing by Presenca::PontoDePresencaController#show as HTML
  [1m[36mTimeRecord Load (0.7ms)[0m  [1m[34mSELECT "time_records".* FROM "time_records" WHERE "time_records"."user_id" = 1 AND "time_records"."punched_at" BETWEEN '2026-07-23 00:00:00' AND '2026-07-23 23:59:59.999999' ORDER BY "time_records"."punched_at" DESC, "time_records"."created_at" DESC LIMIT 1 /*action='show',application='ApiPonto',controller='ponto_de_presenca'*/[0m
  ↳ app/models/time_record.rb:13:in 'TimeRecord.last_today'
  Rendering layout layouts/application.html.erb
  Rendering presenca/ponto_de_presenca/index.html.erb within layouts/application
  [1m[36mUser Load (0.4ms)[0m  [1m[34mSELECT "users".* FROM "users" WHERE "users"."id" = 1 LIMIT 1 /*action='show',application='ApiPonto',controller='ponto_de_presenca'*/[0m
  ↳ app/views/presenca/ponto_de_presenca/index.html.erb:17
  [1m[36mTimeRecord Load (0.4ms)[0m  [1m[34mSELECT "time_records".* FROM "time_records" WHERE "time_records"."punched_at" BETWEEN '2026-07-23 00:00:00' AND '2026-07-23 23:59:59.999999' ORDER BY "time_records"."punched_at" ASC /*action='show',application='ApiPonto',controller='ponto_de_presenca'*/[0m
  ↳ app/views/presenca/ponto_de_presenca/index.html.erb:44
  Rendered presenca/ponto_de_presenca/index.html.erb within layouts/application (Duration: 30.2ms | GC: 22.2ms)
  Rendered layout layouts/application.html.erb (Duration: 31.5ms | GC: 22.2ms)
Completed 200 OK in 36ms (Views: 31.2ms | ActiveRecord: 1.5ms (3 queries, 0 cached) | GC: 22.2ms)


Started GET "/time_records" for 127.0.0.1 at 2026-07-23 15:03:17 -0300
Processing by Admin::TimeRecordsController#index as HTML
  [1m[36mUser Load (0.7ms)[0m  [1m[34mSELECT "users".* FROM "users" WHERE "users"."id" = 3 LIMIT 1 /*action='index',application='ApiPonto',controller='time_records'*/[0m
  ↳ app/controllers/admin/application_controller.rb:17:in 'Admin::ApplicationController#current_user'
  [1m[36mTimeRecord Count (0.4ms)[0m  [1m[34mSELECT COUNT(*) FROM "time_records" /*action='index',application='ApiPonto',controller='time_records'*/[0m
  ↳ app/controllers/admin/time_records_controller.rb:22:in 'Admin::TimeRecordsController#index'
  Rendering layout layouts/admin.html.erb
  Rendering admin/time_records/index.html.erb within layouts/admin
  [1m[36mUser Load (2.3ms)[0m  [1m[34mSELECT "users".* FROM "users" ORDER BY "users"."nome_completo" ASC /*action='index',application='ApiPonto',controller='time_records'*/[0m
  ↳ app/views/admin/time_records/index.html.erb:19
  [1m[36mTimeRecord Load (0.5ms)[0m  [1m[34mSELECT "time_records".* FROM "time_records" ORDER BY "time_records"."punched_at" DESC LIMIT 50 /*action='index',application='ApiPonto',controller='time_records'*/[0m
  ↳ app/views/admin/time_records/index.html.erb:44
  [1m[36mUser Load (0.3ms)[0m  [1m[34mSELECT "users".* FROM "users" WHERE "users"."id" IN (1, 2) /*action='index',application='ApiPonto',controller='time_records'*/[0m
  ↳ app/views/admin/time_records/index.html.erb:44
  Rendered admin/time_records/index.html.erb within layouts/admin (Duration: 13.7ms | GC: 1.0ms)
  Rendered layout layouts/admin.html.erb (Duration: 14.7ms | GC: 1.0ms)
Completed 200 OK in 22ms (Views: 12.2ms | ActiveRecord: 4.0ms (5 queries, 0 cached) | GC: 1.0ms)


Started POST "/presenca/ajax/SincronizarRegistrosPonto" for 127.0.0.1 at 2026-07-23 15:04:22 -0300
Processing by Presenca::SincronizarRegistrosPontoController#create as HTML
  Parameters: {"registros" => "1-23:07:2026:18:04:22", "codAtivacao" => "poc-ativacao-001"}
  [1m[36mUser Load (2.1ms)[0m  [1m[34mSELECT "users".* FROM "users" WHERE "users"."id" = 1 LIMIT 1 /*action='create',application='ApiPonto',controller='sincronizar_registros_ponto'*/[0m
  ↳ app/controllers/presenca/sincronizar_registros_ponto_controller.rb:38:in 'block in Presenca::SincronizarRegistrosPontoController#create'
  [1m[36mTimeRecord Load (0.6ms)[0m  [1m[34mSELECT "time_records".* FROM "time_records" WHERE "time_records"."user_id" = 1 AND "time_records"."punched_at" BETWEEN '2026-07-23 00:00:00' AND '2026-07-23 23:59:59.999999' ORDER BY "time_records"."punched_at" DESC, "time_records"."created_at" DESC LIMIT 1 /*action='create',application='ApiPonto',controller='sincronizar_registros_ponto'*/[0m
  ↳ app/models/time_record.rb:13:in 'TimeRecord.last_today'
  [1m[36mCACHE User Load (0.0ms)[0m  [1m[34mSELECT "users".* FROM "users" WHERE "users"."id" = 1 LIMIT 1[0m
  ↳ app/controllers/presenca/sincronizar_registros_ponto_controller.rb:62:in 'block in Presenca::SincronizarRegistrosPontoController#create'
  [1m[36mTRANSACTION (0.2ms)[0m  [1m[35mBEGIN /*action='create',application='ApiPonto',controller='sincronizar_registros_ponto'*/[0m
  ↳ app/controllers/presenca/sincronizar_registros_ponto_controller.rb:62:in 'block in Presenca::SincronizarRegistrosPontoController#create'
  [1m[36mTimeRecord Create (3.3ms)[0m  [1m[32mINSERT INTO "time_records" ("user_id", "raw_data", "punched_at", "authentication_mode", "created_at", "updated_at", "punch_type", "punch_type_explicit") VALUES (1, '1-23:07:2026:18:04:22', '2026-07-23 18:04:22', 'biometric', '2026-07-23 18:04:22.828553', '2026-07-23 18:04:22.828553', 'entry', FALSE) RETURNING "id" /*action='create',application='ApiPonto',controller='sincronizar_registros_ponto'*/[0m
  ↳ app/controllers/presenca/sincronizar_registros_ponto_controller.rb:62:in 'block in Presenca::SincronizarRegistrosPontoController#create'
  [1m[36mTRANSACTION (2.4ms)[0m  [1m[35mCOMMIT /*action='create',application='ApiPonto',controller='sincronizar_registros_ponto'*/[0m
  ↳ app/controllers/presenca/sincronizar_registros_ponto_controller.rb:62:in 'block in Presenca::SincronizarRegistrosPontoController#create'
Completed 200 OK in 29ms (Views: 0.1ms | ActiveRecord: 8.5ms (4 queries, 1 cached) | GC: 1.1ms)


Started GET "/presenca/PontoDePresenca" for 127.0.0.1 at 2026-07-23 15:04:23 -0300
Processing by Presenca::PontoDePresencaController#show as HTML
  [1m[36mTimeRecord Load (0.5ms)[0m  [1m[34mSELECT "time_records".* FROM "time_records" WHERE "time_records"."user_id" = 1 AND "time_records"."punched_at" BETWEEN '2026-07-23 00:00:00' AND '2026-07-23 23:59:59.999999' ORDER BY "time_records"."punched_at" DESC, "time_records"."created_at" DESC LIMIT 1 /*action='show',application='ApiPonto',controller='ponto_de_presenca'*/[0m
  ↳ app/models/time_record.rb:13:in 'TimeRecord.last_today'
  Rendering layout layouts/application.html.erb
  Rendering presenca/ponto_de_presenca/index.html.erb within layouts/application
  [1m[36mUser Load (0.4ms)[0m  [1m[34mSELECT "users".* FROM "users" WHERE "users"."id" = 1 LIMIT 1 /*action='show',application='ApiPonto',controller='ponto_de_presenca'*/[0m
  ↳ app/views/presenca/ponto_de_presenca/index.html.erb:17
  [1m[36mTimeRecord Load (0.4ms)[0m  [1m[34mSELECT "time_records".* FROM "time_records" WHERE "time_records"."punched_at" BETWEEN '2026-07-23 00:00:00' AND '2026-07-23 23:59:59.999999' ORDER BY "time_records"."punched_at" ASC /*action='show',application='ApiPonto',controller='ponto_de_presenca'*/[0m
  ↳ app/views/presenca/ponto_de_presenca/index.html.erb:44
  Rendered presenca/ponto_de_presenca/index.html.erb within layouts/application (Duration: 7.0ms | GC: 0.0ms)
  Rendered layout layouts/application.html.erb (Duration: 8.8ms | GC: 0.0ms)
Completed 200 OK in 14ms (Views: 8.7ms | ActiveRecord: 1.3ms (3 queries, 0 cached) | GC: 0.5ms)


Started GET "/time_records" for 127.0.0.1 at 2026-07-23 15:04:32 -0300
Processing by Admin::TimeRecordsController#index as HTML
  [1m[36mUser Load (0.6ms)[0m  [1m[34mSELECT "users".* FROM "users" WHERE "users"."id" = 3 LIMIT 1 /*action='index',application='ApiPonto',controller='time_records'*/[0m
  ↳ app/controllers/admin/application_controller.rb:17:in 'Admin::ApplicationController#current_user'
  [1m[36mTimeRecord Count (0.6ms)[0m  [1m[34mSELECT COUNT(*) FROM "time_records" /*action='index',application='ApiPonto',controller='time_records'*/[0m
  ↳ app/controllers/admin/time_records_controller.rb:22:in 'Admin::TimeRecordsController#index'
  Rendering layout layouts/admin.html.erb
  Rendering admin/time_records/index.html.erb within layouts/admin
  [1m[36mUser Load (0.5ms)[0m  [1m[34mSELECT "users".* FROM "users" ORDER BY "users"."nome_completo" ASC /*action='index',application='ApiPonto',controller='time_records'*/[0m
  ↳ app/views/admin/time_records/index.html.erb:19
  [1m[36mTimeRecord Load (1.6ms)[0m  [1m[34mSELECT "time_records".* FROM "time_records" ORDER BY "time_records"."punched_at" DESC LIMIT 50 /*action='index',application='ApiPonto',controller='time_records'*/[0m
  ↳ app/views/admin/time_records/index.html.erb:44
  [1m[36mUser Load (0.4ms)[0m  [1m[34mSELECT "users".* FROM "users" WHERE "users"."id" IN (1, 2) /*action='index',application='ApiPonto',controller='time_records'*/[0m
  ↳ app/views/admin/time_records/index.html.erb:44
  Rendered admin/time_records/index.html.erb within layouts/admin (Duration: 15.9ms | GC: 0.0ms)
  Rendered layout layouts/admin.html.erb (Duration: 17.5ms | GC: 0.0ms)
Completed 200 OK in 27ms (Views: 15.8ms | ActiveRecord: 3.6ms (5 queries, 0 cached) | GC: 1.4ms)


Started GET "/time_records" for 127.0.0.1 at 2026-07-23 15:05:07 -0300
Processing by Admin::TimeRecordsController#index as HTML
  [1m[36mUser Load (0.7ms)[0m  [1m[34mSELECT "users".* FROM "users" WHERE "users"."id" = 3 LIMIT 1 /*action='index',application='ApiPonto',controller='time_records'*/[0m
  ↳ app/controllers/admin/application_controller.rb:17:in 'Admin::ApplicationController#current_user'
  [1m[36mTimeRecord Count (1.0ms)[0m  [1m[34mSELECT COUNT(*) FROM "time_records" /*action='index',application='ApiPonto',controller='time_records'*/[0m
  ↳ app/controllers/admin/time_records_controller.rb:22:in 'Admin::TimeRecordsController#index'
  Rendering layout layouts/admin.html.erb
  Rendering admin/time_records/index.html.erb within layouts/admin
  [1m[36mUser Load (1.7ms)[0m  [1m[34mSELECT "users".* FROM "users" ORDER BY "users"."nome_completo" ASC /*action='index',application='ApiPonto',controller='time_records'*/[0m
  ↳ app/views/admin/time_records/index.html.erb:19
  [1m[36mTimeRecord Load (0.6ms)[0m  [1m[34mSELECT "time_records".* FROM "time_records" ORDER BY "time_records"."punched_at" DESC LIMIT 50 /*action='index',application='ApiPonto',controller='time_records'*/[0m
  ↳ app/views/admin/time_records/index.html.erb:44
  [1m[36mUser Load (0.5ms)[0m  [1m[34mSELECT "users".* FROM "users" WHERE "users"."id" IN (1, 2) /*action='index',application='ApiPonto',controller='time_records'*/[0m
  ↳ app/views/admin/time_records/index.html.erb:44
  Rendered admin/time_records/index.html.erb within layouts/admin (Duration: 15.6ms | GC: 0.4ms)
  Rendered layout layouts/admin.html.erb (Duration: 16.5ms | GC: 0.4ms)
Completed 200 OK in 23ms (Views: 14.4ms | ActiveRecord: 4.4ms (5 queries, 0 cached) | GC: 0.4ms)


Started GET "/time_records" for 127.0.0.1 at 2026-07-23 15:05:11 -0300
Processing by Admin::TimeRecordsController#index as HTML
  [1m[36mUser Load (0.6ms)[0m  [1m[34mSELECT "users".* FROM "users" WHERE "users"."id" = 3 LIMIT 1 /*action='index',application='ApiPonto',controller='time_records'*/[0m
  ↳ app/controllers/admin/application_controller.rb:17:in 'Admin::ApplicationController#current_user'
  [1m[36mTimeRecord Count (0.4ms)[0m  [1m[34mSELECT COUNT(*) FROM "time_records" /*action='index',application='ApiPonto',controller='time_records'*/[0m
  ↳ app/controllers/admin/time_records_controller.rb:22:in 'Admin::TimeRecordsController#index'
  Rendering layout layouts/admin.html.erb
  Rendering admin/time_records/index.html.erb within layouts/admin
  [1m[36mUser Load (0.5ms)[0m  [1m[34mSELECT "users".* FROM "users" ORDER BY "users"."nome_completo" ASC /*action='index',application='ApiPonto',controller='time_records'*/[0m
  ↳ app/views/admin/time_records/index.html.erb:19
  [1m[36mTimeRecord Load (0.9ms)[0m  [1m[34mSELECT "time_records".* FROM "time_records" ORDER BY "time_records"."punched_at" DESC LIMIT 50 /*action='index',application='ApiPonto',controller='time_records'*/[0m
  ↳ app/views/admin/time_records/index.html.erb:44
  [1m[36mUser Load (0.7ms)[0m  [1m[34mSELECT "users".* FROM "users" WHERE "users"."id" IN (1, 2) /*action='index',application='ApiPonto',controller='time_records'*/[0m
  ↳ app/views/admin/time_records/index.html.erb:44
  Rendered admin/time_records/index.html.erb within layouts/admin (Duration: 15.3ms | GC: 1.1ms)
  Rendered layout layouts/admin.html.erb (Duration: 16.7ms | GC: 1.1ms)
Completed 200 OK in 24ms (Views: 15.3ms | ActiveRecord: 3.1ms (5 queries, 0 cached) | GC: 1.1ms)


Started POST "/presenca/ajax/SincronizarRegistrosPonto" for 127.0.0.1 at 2026-07-23 15:05:15 -0300
Processing by Presenca::SincronizarRegistrosPontoController#create as HTML
  Parameters: {"registros" => "1-23:07:2026:18:05:15", "codAtivacao" => "poc-ativacao-001"}
  [1m[36mUser Load (2.4ms)[0m  [1m[34mSELECT "users".* FROM "users" WHERE "users"."id" = 1 LIMIT 1 /*action='create',application='ApiPonto',controller='sincronizar_registros_ponto'*/[0m
  ↳ app/controllers/presenca/sincronizar_registros_ponto_controller.rb:38:in 'block in Presenca::SincronizarRegistrosPontoController#create'
  [1m[36mTimeRecord Load (2.1ms)[0m  [1m[34mSELECT "time_records".* FROM "time_records" WHERE "time_records"."user_id" = 1 AND "time_records"."punched_at" BETWEEN '2026-07-23 00:00:00' AND '2026-07-23 23:59:59.999999' ORDER BY "time_records"."punched_at" DESC, "time_records"."created_at" DESC LIMIT 1 /*action='create',application='ApiPonto',controller='sincronizar_registros_ponto'*/[0m
  ↳ app/models/time_record.rb:13:in 'TimeRecord.last_today'
  [1m[36mCACHE User Load (0.0ms)[0m  [1m[34mSELECT "users".* FROM "users" WHERE "users"."id" = 1 LIMIT 1[0m
  ↳ app/controllers/presenca/sincronizar_registros_ponto_controller.rb:62:in 'block in Presenca::SincronizarRegistrosPontoController#create'
  [1m[36mTRANSACTION (0.2ms)[0m  [1m[35mBEGIN /*action='create',application='ApiPonto',controller='sincronizar_registros_ponto'*/[0m
  ↳ app/controllers/presenca/sincronizar_registros_ponto_controller.rb:62:in 'block in Presenca::SincronizarRegistrosPontoController#create'
  [1m[36mTimeRecord Create (2.9ms)[0m  [1m[32mINSERT INTO "time_records" ("user_id", "raw_data", "punched_at", "authentication_mode", "created_at", "updated_at", "punch_type", "punch_type_explicit") VALUES (1, '1-23:07:2026:18:05:15', '2026-07-23 18:05:15', 'biometric', '2026-07-23 18:05:15.509654', '2026-07-23 18:05:15.509654', 'exit', FALSE) RETURNING "id" /*action='create',application='ApiPonto',controller='sincronizar_registros_ponto'*/[0m
  ↳ app/controllers/presenca/sincronizar_registros_ponto_controller.rb:62:in 'block in Presenca::SincronizarRegistrosPontoController#create'
  [1m[36mTRANSACTION (2.0ms)[0m  [1m[35mCOMMIT /*action='create',application='ApiPonto',controller='sincronizar_registros_ponto'*/[0m
  ↳ app/controllers/presenca/sincronizar_registros_ponto_controller.rb:62:in 'block in Presenca::SincronizarRegistrosPontoController#create'
Completed 200 OK in 28ms (Views: 0.1ms | ActiveRecord: 9.4ms (4 queries, 1 cached) | GC: 0.0ms)


Started GET "/presenca/PontoDePresenca" for 127.0.0.1 at 2026-07-23 15:05:16 -0300
Processing by Presenca::PontoDePresencaController#show as HTML
  [1m[36mTimeRecord Load (1.2ms)[0m  [1m[34mSELECT "time_records".* FROM "time_records" WHERE "time_records"."user_id" = 1 AND "time_records"."punched_at" BETWEEN '2026-07-23 00:00:00' AND '2026-07-23 23:59:59.999999' ORDER BY "time_records"."punched_at" DESC, "time_records"."created_at" DESC LIMIT 1 /*action='show',application='ApiPonto',controller='ponto_de_presenca'*/[0m
  ↳ app/models/time_record.rb:13:in 'TimeRecord.last_today'
  Rendering layout layouts/application.html.erb
  Rendering presenca/ponto_de_presenca/index.html.erb within layouts/application
  [1m[36mUser Load (0.6ms)[0m  [1m[34mSELECT "users".* FROM "users" WHERE "users"."id" = 1 LIMIT 1 /*action='show',application='ApiPonto',controller='ponto_de_presenca'*/[0m
  ↳ app/views/presenca/ponto_de_presenca/index.html.erb:17
  [1m[36mTimeRecord Load (0.7ms)[0m  [1m[34mSELECT "time_records".* FROM "time_records" WHERE "time_records"."punched_at" BETWEEN '2026-07-23 00:00:00' AND '2026-07-23 23:59:59.999999' ORDER BY "time_records"."punched_at" ASC /*action='show',application='ApiPonto',controller='ponto_de_presenca'*/[0m
  ↳ app/views/presenca/ponto_de_presenca/index.html.erb:44
  Rendered presenca/ponto_de_presenca/index.html.erb within layouts/application (Duration: 8.3ms | GC: 0.0ms)
  Rendered layout layouts/application.html.erb (Duration: 10.1ms | GC: 0.0ms)
Completed 200 OK in 17ms (Views: 9.7ms | ActiveRecord: 2.3ms (3 queries, 0 cached) | GC: 0.0ms)


Started GET "/time_records" for 127.0.0.1 at 2026-07-23 15:05:28 -0300
Processing by Admin::TimeRecordsController#index as HTML
  [1m[36mUser Load (0.7ms)[0m  [1m[34mSELECT "users".* FROM "users" WHERE "users"."id" = 3 LIMIT 1 /*action='index',application='ApiPonto',controller='time_records'*/[0m
  ↳ app/controllers/admin/application_controller.rb:17:in 'Admin::ApplicationController#current_user'
  [1m[36mTimeRecord Count (0.4ms)[0m  [1m[34mSELECT COUNT(*) FROM "time_records" /*action='index',application='ApiPonto',controller='time_records'*/[0m
  ↳ app/controllers/admin/time_records_controller.rb:22:in 'Admin::TimeRecordsController#index'
  Rendering layout layouts/admin.html.erb
  Rendering admin/time_records/index.html.erb within layouts/admin
  [1m[36mUser Load (1.8ms)[0m  [1m[34mSELECT "users".* FROM "users" ORDER BY "users"."nome_completo" ASC /*action='index',application='ApiPonto',controller='time_records'*/[0m
  ↳ app/views/admin/time_records/index.html.erb:19
  [1m[36mTimeRecord Load (2.6ms)[0m  [1m[34mSELECT "time_records".* FROM "time_records" ORDER BY "time_records"."punched_at" DESC LIMIT 50 /*action='index',application='ApiPonto',controller='time_records'*/[0m
  ↳ app/views/admin/time_records/index.html.erb:44
  [1m[36mUser Load (0.5ms)[0m  [1m[34mSELECT "users".* FROM "users" WHERE "users"."id" IN (1, 2) /*action='index',application='ApiPonto',controller='time_records'*/[0m
  ↳ app/views/admin/time_records/index.html.erb:44
  Rendered admin/time_records/index.html.erb within layouts/admin (Duration: 28.2ms | GC: 0.0ms)
  Rendered layout layouts/admin.html.erb (Duration: 30.0ms | GC: 0.0ms)
Completed 200 OK in 38ms (Views: 25.9ms | ActiveRecord: 5.8ms (5 queries, 0 cached) | GC: 0.0ms)


Started GET "/time_records" for 127.0.0.1 at 2026-07-23 15:24:54 -0300
Processing by Admin::TimeRecordsController#index as HTML
  [1m[36mUser Load (0.8ms)[0m  [1m[34mSELECT "users".* FROM "users" WHERE "users"."id" = 3 LIMIT 1 /*action='index',application='ApiPonto',controller='time_records'*/[0m
  ↳ app/controllers/admin/application_controller.rb:17:in 'Admin::ApplicationController#current_user'
  [1m[36mTimeRecord Count (0.6ms)[0m  [1m[34mSELECT COUNT(*) FROM "time_records" /*action='index',application='ApiPonto',controller='time_records'*/[0m
  ↳ app/controllers/admin/time_records_controller.rb:22:in 'Admin::TimeRecordsController#index'
  Rendering layout layouts/admin.html.erb
  Rendering admin/time_records/index.html.erb within layouts/admin
  [1m[36mUser Load (2.1ms)[0m  [1m[34mSELECT "users".* FROM "users" ORDER BY "users"."nome_completo" ASC /*action='index',application='ApiPonto',controller='time_records'*/[0m
  ↳ app/views/admin/time_records/index.html.erb:19
  [1m[36mTimeRecord Load (0.8ms)[0m  [1m[34mSELECT "time_records".* FROM "time_records" ORDER BY "time_records"."punched_at" DESC LIMIT 50 /*action='index',application='ApiPonto',controller='time_records'*/[0m
  ↳ app/views/admin/time_records/index.html.erb:44
  [1m[36mUser Load (0.7ms)[0m  [1m[34mSELECT "users".* FROM "users" WHERE "users"."id" IN (1, 2) /*action='index',application='ApiPonto',controller='time_records'*/[0m
  ↳ app/views/admin/time_records/index.html.erb:44
  Rendered admin/time_records/index.html.erb within layouts/admin (Duration: 23.1ms | GC: 0.1ms)
  Rendered layout layouts/admin.html.erb (Duration: 25.0ms | GC: 0.1ms)
Completed 200 OK in 82ms (Views: 23.3ms | ActiveRecord: 14.1ms (5 queries, 0 cached) | GC: 1.0ms)


Started GET "/time_records" for 127.0.0.1 at 2026-07-23 15:24:59 -0300
Processing by Admin::TimeRecordsController#index as HTML
  [1m[36mUser Load (1.2ms)[0m  [1m[34mSELECT "users".* FROM "users" WHERE "users"."id" = 3 LIMIT 1 /*action='index',application='ApiPonto',controller='time_records'*/[0m
  ↳ app/controllers/admin/application_controller.rb:17:in 'Admin::ApplicationController#current_user'
  [1m[36mTimeRecord Count (0.4ms)[0m  [1m[34mSELECT COUNT(*) FROM "time_records" /*action='index',application='ApiPonto',controller='time_records'*/[0m
  ↳ app/controllers/admin/time_records_controller.rb:22:in 'Admin::TimeRecordsController#index'
  Rendering layout layouts/admin.html.erb
  Rendering admin/time_records/index.html.erb within layouts/admin
  [1m[36mUser Load (1.5ms)[0m  [1m[34mSELECT "users".* FROM "users" ORDER BY "users"."nome_completo" ASC /*action='index',application='ApiPonto',controller='time_records'*/[0m
  ↳ app/views/admin/time_records/index.html.erb:19
  [1m[36mTimeRecord Load (1.2ms)[0m  [1m[34mSELECT "time_records".* FROM "time_records" ORDER BY "time_records"."punched_at" DESC LIMIT 50 /*action='index',application='ApiPonto',controller='time_records'*/[0m
  ↳ app/views/admin/time_records/index.html.erb:44
  [1m[36mUser Load (1.0ms)[0m  [1m[34mSELECT "users".* FROM "users" WHERE "users"."id" IN (1, 2) /*action='index',application='ApiPonto',controller='time_records'*/[0m
  ↳ app/views/admin/time_records/index.html.erb:44
  Rendered admin/time_records/index.html.erb within layouts/admin (Duration: 35.2ms | GC: 0.0ms)
  Rendered layout layouts/admin.html.erb (Duration: 37.5ms | GC: 0.0ms)
Completed 200 OK in 52ms (Views: 35.1ms | ActiveRecord: 5.2ms (5 queries, 0 cached) | GC: 0.3ms)


Started GET "/time_records" for 127.0.0.1 at 2026-07-23 15:25:45 -0300
Processing by Admin::TimeRecordsController#index as HTML
  [1m[36mUser Load (1.2ms)[0m  [1m[34mSELECT "users".* FROM "users" WHERE "users"."id" = 3 LIMIT 1 /*action='index',application='ApiPonto',controller='time_records'*/[0m
  ↳ app/controllers/admin/application_controller.rb:17:in 'Admin::ApplicationController#current_user'
  [1m[36mTimeRecord Count (1.7ms)[0m  [1m[34mSELECT COUNT(*) FROM "time_records" /*action='index',application='ApiPonto',controller='time_records'*/[0m
  ↳ app/controllers/admin/time_records_controller.rb:22:in 'Admin::TimeRecordsController#index'
  Rendering layout layouts/admin.html.erb
  Rendering admin/time_records/index.html.erb within layouts/admin
  [1m[36mUser Load (1.5ms)[0m  [1m[34mSELECT "users".* FROM "users" ORDER BY "users"."nome_completo" ASC /*action='index',application='ApiPonto',controller='time_records'*/[0m
  ↳ app/views/admin/time_records/index.html.erb:19
  [1m[36mTimeRecord Load (0.5ms)[0m  [1m[34mSELECT "time_records".* FROM "time_records" ORDER BY "time_records"."punched_at" DESC LIMIT 50 /*action='index',application='ApiPonto',controller='time_records'*/[0m
  ↳ app/views/admin/time_records/index.html.erb:44
  [1m[36mUser Load (0.5ms)[0m  [1m[34mSELECT "users".* FROM "users" WHERE "users"."id" IN (1, 2) /*action='index',application='ApiPonto',controller='time_records'*/[0m
  ↳ app/views/admin/time_records/index.html.erb:44
  Rendered admin/time_records/index.html.erb within layouts/admin (Duration: 23.6ms | GC: 0.8ms)
  Rendered layout layouts/admin.html.erb (Duration: 25.4ms | GC: 0.8ms)
Completed 200 OK in 37ms (Views: 23.7ms | ActiveRecord: 5.3ms (5 queries, 0 cached) | GC: 1.0ms)


Started GET "/time_records" for 127.0.0.1 at 2026-07-23 15:25:46 -0300
Processing by Admin::TimeRecordsController#index as HTML
  [1m[36mUser Load (0.5ms)[0m  [1m[34mSELECT "users".* FROM "users" WHERE "users"."id" = 3 LIMIT 1 /*action='index',application='ApiPonto',controller='time_records'*/[0m
  ↳ app/controllers/admin/application_controller.rb:17:in 'Admin::ApplicationController#current_user'
  [1m[36mTimeRecord Count (0.5ms)[0m  [1m[34mSELECT COUNT(*) FROM "time_records" /*action='index',application='ApiPonto',controller='time_records'*/[0m
  ↳ app/controllers/admin/time_records_controller.rb:22:in 'Admin::TimeRecordsController#index'
  Rendering layout layouts/admin.html.erb
  Rendering admin/time_records/index.html.erb within layouts/admin
  [1m[36mUser Load (0.5ms)[0m  [1m[34mSELECT "users".* FROM "users" ORDER BY "users"."nome_completo" ASC /*action='index',application='ApiPonto',controller='time_records'*/[0m
  ↳ app/views/admin/time_records/index.html.erb:19
  [1m[36mTimeRecord Load (0.5ms)[0m  [1m[34mSELECT "time_records".* FROM "time_records" ORDER BY "time_records"."punched_at" DESC LIMIT 50 /*action='index',application='ApiPonto',controller='time_records'*/[0m
  ↳ app/views/admin/time_records/index.html.erb:44
  [1m[36mUser Load (0.5ms)[0m  [1m[34mSELECT "users".* FROM "users" WHERE "users"."id" IN (1, 2) /*action='index',application='ApiPonto',controller='time_records'*/[0m
  ↳ app/views/admin/time_records/index.html.erb:44
  Rendered admin/time_records/index.html.erb within layouts/admin (Duration: 16.6ms | GC: 0.0ms)
  Rendered layout layouts/admin.html.erb (Duration: 18.0ms | GC: 0.0ms)
Completed 200 OK in 27ms (Views: 17.4ms | ActiveRecord: 2.4ms (5 queries, 0 cached) | GC: 0.1ms)


Started GET "/time_records" for 127.0.0.1 at 2026-07-23 15:25:47 -0300
Processing by Admin::TimeRecordsController#index as HTML
  [1m[36mUser Load (0.5ms)[0m  [1m[34mSELECT "users".* FROM "users" WHERE "users"."id" = 3 LIMIT 1 /*action='index',application='ApiPonto',controller='time_records'*/[0m
  ↳ app/controllers/admin/application_controller.rb:17:in 'Admin::ApplicationController#current_user'
  [1m[36mTimeRecord Count (0.4ms)[0m  [1m[34mSELECT COUNT(*) FROM "time_records" /*action='index',application='ApiPonto',controller='time_records'*/[0m
  ↳ app/controllers/admin/time_records_controller.rb:22:in 'Admin::TimeRecordsController#index'
  Rendering layout layouts/admin.html.erb
  Rendering admin/time_records/index.html.erb within layouts/admin
  [1m[36mUser Load (0.6ms)[0m  [1m[34mSELECT "users".* FROM "users" ORDER BY "users"."nome_completo" ASC /*action='index',application='ApiPonto',controller='time_records'*/[0m
  ↳ app/views/admin/time_records/index.html.erb:19
  [1m[36mTimeRecord Load (0.4ms)[0m  [1m[34mSELECT "time_records".* FROM "time_records" ORDER BY "time_records"."punched_at" DESC LIMIT 50 /*action='index',application='ApiPonto',controller='time_records'*/[0m
  ↳ app/views/admin/time_records/index.html.erb:44
  [1m[36mUser Load (0.8ms)[0m  [1m[34mSELECT "users".* FROM "users" WHERE "users"."id" IN (1, 2) /*action='index',application='ApiPonto',controller='time_records'*/[0m
  ↳ app/views/admin/time_records/index.html.erb:44
  Rendered admin/time_records/index.html.erb within layouts/admin (Duration: 17.5ms | GC: 0.0ms)
  Rendered layout layouts/admin.html.erb (Duration: 18.8ms | GC: 0.0ms)
Completed 200 OK in 26ms (Views: 17.7ms | ActiveRecord: 2.5ms (5 queries, 0 cached) | GC: 0.0ms)


Started GET "/time_records" for 127.0.0.1 at 2026-07-23 15:29:11 -0300
Processing by Admin::TimeRecordsController#index as HTML
  [1m[36mUser Load (3.0ms)[0m  [1m[34mSELECT "users".* FROM "users" WHERE "users"."id" = 3 LIMIT 1 /*action='index',application='ApiPonto',controller='time_records'*/[0m
  ↳ app/controllers/admin/application_controller.rb:17:in 'Admin::ApplicationController#current_user'
  [1m[36mTimeRecord Count (1.6ms)[0m  [1m[34mSELECT COUNT(*) FROM "time_records" /*action='index',application='ApiPonto',controller='time_records'*/[0m
  ↳ app/controllers/admin/time_records_controller.rb:22:in 'Admin::TimeRecordsController#index'
  Rendering layout layouts/admin.html.erb
  Rendering admin/time_records/index.html.erb within layouts/admin
  [1m[36mUser Load (2.6ms)[0m  [1m[34mSELECT "users".* FROM "users" ORDER BY "users"."nome_completo" ASC /*action='index',application='ApiPonto',controller='time_records'*/[0m
  ↳ app/views/admin/time_records/index.html.erb:19
  [1m[36mTimeRecord Load (2.0ms)[0m  [1m[34mSELECT "time_records".* FROM "time_records" ORDER BY "time_records"."punched_at" DESC LIMIT 50 /*action='index',application='ApiPonto',controller='time_records'*/[0m
  ↳ app/views/admin/time_records/index.html.erb:44
  [1m[36mUser Load (0.5ms)[0m  [1m[34mSELECT "users".* FROM "users" WHERE "users"."id" IN (1, 2) /*action='index',application='ApiPonto',controller='time_records'*/[0m
  ↳ app/views/admin/time_records/index.html.erb:44
  Rendered admin/time_records/index.html.erb within layouts/admin (Duration: 43.5ms | GC: 0.0ms)
  Rendered layout layouts/admin.html.erb (Duration: 49.4ms | GC: 0.0ms)
Completed 200 OK in 79ms (Views: 47.6ms | ActiveRecord: 9.5ms (5 queries, 0 cached) | GC: 0.0ms)


Started GET "/time_records" for 127.0.0.1 at 2026-07-23 15:29:13 -0300
Processing by Admin::TimeRecordsController#index as HTML
  [1m[36mUser Load (0.6ms)[0m  [1m[34mSELECT "users".* FROM "users" WHERE "users"."id" = 3 LIMIT 1 /*action='index',application='ApiPonto',controller='time_records'*/[0m
  ↳ app/controllers/admin/application_controller.rb:17:in 'Admin::ApplicationController#current_user'
  [1m[36mTimeRecord Count (0.4ms)[0m  [1m[34mSELECT COUNT(*) FROM "time_records" /*action='index',application='ApiPonto',controller='time_records'*/[0m
  ↳ app/controllers/admin/time_records_controller.rb:22:in 'Admin::TimeRecordsController#index'
  Rendering layout layouts/admin.html.erb
  Rendering admin/time_records/index.html.erb within layouts/admin
  [1m[36mUser Load (0.5ms)[0m  [1m[34mSELECT "users".* FROM "users" ORDER BY "users"."nome_completo" ASC /*action='index',application='ApiPonto',controller='time_records'*/[0m
  ↳ app/views/admin/time_records/index.html.erb:19
  [1m[36mTimeRecord Load (0.6ms)[0m  [1m[34mSELECT "time_records".* FROM "time_records" ORDER BY "time_records"."punched_at" DESC LIMIT 50 /*action='index',application='ApiPonto',controller='time_records'*/[0m
  ↳ app/views/admin/time_records/index.html.erb:44
  [1m[36mUser Load (0.5ms)[0m  [1m[34mSELECT "users".* FROM "users" WHERE "users"."id" IN (1, 2) /*action='index',application='ApiPonto',controller='time_records'*/[0m
  ↳ app/views/admin/time_records/index.html.erb:44
  Rendered admin/time_records/index.html.erb within layouts/admin (Duration: 15.6ms | GC: 0.0ms)
  Rendered layout layouts/admin.html.erb (Duration: 17.2ms | GC: 0.0ms)
Completed 200 OK in 25ms (Views: 16.3ms | ActiveRecord: 2.6ms (5 queries, 0 cached) | GC: 0.0ms)


Started GET "/time_records" for 127.0.0.1 at 2026-07-23 15:29:15 -0300
Processing by Admin::TimeRecordsController#index as HTML
  [1m[36mUser Load (3.1ms)[0m  [1m[34mSELECT "users".* FROM "users" WHERE "users"."id" = 3 LIMIT 1 /*action='index',application='ApiPonto',controller='time_records'*/[0m
  ↳ app/controllers/admin/application_controller.rb:17:in 'Admin::ApplicationController#current_user'
  [1m[36mTimeRecord Count (3.5ms)[0m  [1m[34mSELECT COUNT(*) FROM "time_records" /*action='index',application='ApiPonto',controller='time_records'*/[0m
  ↳ app/controllers/admin/time_records_controller.rb:22:in 'Admin::TimeRecordsController#index'
  Rendering layout layouts/admin.html.erb
  Rendering admin/time_records/index.html.erb within layouts/admin
  [1m[36mUser Load (3.1ms)[0m  [1m[34mSELECT "users".* FROM "users" ORDER BY "users"."nome_completo" ASC /*action='index',application='ApiPonto',controller='time_records'*/[0m
  ↳ app/views/admin/time_records/index.html.erb:19
  [1m[36mTimeRecord Load (1.0ms)[0m  [1m[34mSELECT "time_records".* FROM "time_records" ORDER BY "time_records"."punched_at" DESC LIMIT 50 /*action='index',application='ApiPonto',controller='time_records'*/[0m
  ↳ app/views/admin/time_records/index.html.erb:44
  [1m[36mUser Load (0.9ms)[0m  [1m[34mSELECT "users".* FROM "users" WHERE "users"."id" IN (1, 2) /*action='index',application='ApiPonto',controller='time_records'*/[0m
  ↳ app/views/admin/time_records/index.html.erb:44
  Rendered admin/time_records/index.html.erb within layouts/admin (Duration: 32.8ms | GC: 0.0ms)
  Rendered layout layouts/admin.html.erb (Duration: 39.1ms | GC: 0.0ms)
Completed 200 OK in 60ms (Views: 35.4ms | ActiveRecord: 11.3ms (5 queries, 0 cached) | GC: 0.0ms)


Started POST "/presenca/ajax/SincronizarRegistrosPonto" for 127.0.0.1 at 2026-07-23 15:33:00 -0300
Processing by Presenca::SincronizarRegistrosPontoController#create as HTML
  Parameters: {"registros" => "1-23:07:2026:18:33:00", "codAtivacao" => "poc-ativacao-001"}
  [1m[36mUser Load (0.7ms)[0m  [1m[34mSELECT "users".* FROM "users" WHERE "users"."id" = 1 LIMIT 1 /*action='create',application='ApiPonto',controller='sincronizar_registros_ponto'*/[0m
  ↳ app/controllers/presenca/sincronizar_registros_ponto_controller.rb:39:in 'block in Presenca::SincronizarRegistrosPontoController#create'
  [1m[36mTimeRecord Load (1.2ms)[0m  [1m[34mSELECT "time_records".* FROM "time_records" WHERE "time_records"."user_id" = 1 AND "time_records"."punched_at" BETWEEN '2026-07-23 00:00:00' AND '2026-07-23 23:59:59.999999' ORDER BY "time_records"."punched_at" DESC, "time_records"."created_at" DESC LIMIT 1 /*action='create',application='ApiPonto',controller='sincronizar_registros_ponto'*/[0m
  ↳ app/models/time_record.rb:13:in 'TimeRecord.last_today'
  [1m[36mCACHE User Load (0.0ms)[0m  [1m[34mSELECT "users".* FROM "users" WHERE "users"."id" = 1 LIMIT 1[0m
  ↳ app/controllers/presenca/sincronizar_registros_ponto_controller.rb:63:in 'block in Presenca::SincronizarRegistrosPontoController#create'
  [1m[36mTRANSACTION (0.1ms)[0m  [1m[35mBEGIN /*action='create',application='ApiPonto',controller='sincronizar_registros_ponto'*/[0m
  ↳ app/controllers/presenca/sincronizar_registros_ponto_controller.rb:63:in 'block in Presenca::SincronizarRegistrosPontoController#create'
  [1m[36mTimeRecord Create (3.4ms)[0m  [1m[32mINSERT INTO "time_records" ("user_id", "raw_data", "punched_at", "authentication_mode", "created_at", "updated_at", "punch_type", "punch_type_explicit") VALUES (1, '1-23:07:2026:18:33:00', '2026-07-23 18:33:00', 'biometric', '2026-07-23 18:33:00.957317', '2026-07-23 18:33:00.957317', 'entry', FALSE) RETURNING "id" /*action='create',application='ApiPonto',controller='sincronizar_registros_ponto'*/[0m
  ↳ app/controllers/presenca/sincronizar_registros_ponto_controller.rb:63:in 'block in Presenca::SincronizarRegistrosPontoController#create'
  [1m[36mTRANSACTION (8.7ms)[0m  [1m[35mCOMMIT /*action='create',application='ApiPonto',controller='sincronizar_registros_ponto'*/[0m
  ↳ app/controllers/presenca/sincronizar_registros_ponto_controller.rb:63:in 'block in Presenca::SincronizarRegistrosPontoController#create'
Completed 200 OK in 95ms (Views: 0.2ms | ActiveRecord: 38.7ms (4 queries, 1 cached) | GC: 0.7ms)


Started GET "/presenca/PontoDePresenca" for 127.0.0.1 at 2026-07-23 15:33:01 -0300
Processing by Presenca::PontoDePresencaController#show as HTML
  [1m[36mTimeRecord Load (1.0ms)[0m  [1m[34mSELECT "time_records".* FROM "time_records" WHERE "time_records"."user_id" = 1 AND "time_records"."punched_at" BETWEEN '2026-07-23 00:00:00' AND '2026-07-23 23:59:59.999999' ORDER BY "time_records"."punched_at" DESC, "time_records"."created_at" DESC LIMIT 1 /*action='show',application='ApiPonto',controller='ponto_de_presenca'*/[0m
  ↳ app/models/time_record.rb:13:in 'TimeRecord.last_today'
  Rendering layout layouts/application.html.erb
  Rendering presenca/ponto_de_presenca/index.html.erb within layouts/application
  Rendered presenca/ponto_de_presenca/index.html.erb within layouts/application (Duration: 5.8ms | GC: 0.3ms)
  Rendered layout layouts/application.html.erb (Duration: 6.3ms | GC: 0.3ms)
Completed 500 Internal Server Error in 19ms (ActiveRecord: 1.0ms (1 query, 0 cached) | GC: 0.3ms)


  
ActionView::Template::Error (Translation missing: en.time.formats.time_only)
Caused by: I18n::MissingTranslationData (Translation missing: en.time.formats.time_only)

Information for: ActionView::Template::Error (Translation missing: en.time.formats.time_only):
     5: 
     6: <div class="clock-box" id="clockBox">
     7:   <span class="clock-label">Horário Local</span>
     8:   <span class="clock-digital" id="clockDigital"><%= l(Time.current, format: :time_only) %></span>
     9: </div>
    10: 
    11: <div class="status-card" id="statusCard">
  
app/views/presenca/ponto_de_presenca/index.html.erb:8
app/controllers/presenca/ponto_de_presenca_controller.rb:18:in 'Presenca::PontoDePresencaController#show'

Information for cause: I18n::MissingTranslationData (Translation missing: en.time.formats.time_only):
  
app/views/presenca/ponto_de_presenca/index.html.erb:8
app/controllers/presenca/ponto_de_presenca_controller.rb:18:in 'Presenca::PontoDePresencaController#show'
Started GET "/time_records" for 127.0.0.1 at 2026-07-23 15:34:14 -0300
Processing by Admin::TimeRecordsController#index as HTML
  [1m[36mUser Load (0.5ms)[0m  [1m[34mSELECT "users".* FROM "users" WHERE "users"."id" = 3 LIMIT 1 /*action='index',application='ApiPonto',controller='time_records'*/[0m
  ↳ app/controllers/admin/application_controller.rb:17:in 'Admin::ApplicationController#current_user'
  [1m[36mTimeRecord Count (0.5ms)[0m  [1m[34mSELECT COUNT(*) FROM "time_records" /*action='index',application='ApiPonto',controller='time_records'*/[0m
  ↳ app/controllers/admin/time_records_controller.rb:22:in 'Admin::TimeRecordsController#index'
  Rendering layout layouts/admin.html.erb
  Rendering admin/time_records/index.html.erb within layouts/admin
  [1m[36mUser Load (0.5ms)[0m  [1m[34mSELECT "users".* FROM "users" ORDER BY "users"."nome_completo" ASC /*action='index',application='ApiPonto',controller='time_records'*/[0m
  ↳ app/views/admin/time_records/index.html.erb:19
  [1m[36mTimeRecord Load (0.8ms)[0m  [1m[34mSELECT "time_records".* FROM "time_records" ORDER BY "time_records"."punched_at" DESC LIMIT 50 /*action='index',application='ApiPonto',controller='time_records'*/[0m
  ↳ app/views/admin/time_records/index.html.erb:44
  [1m[36mUser Load (0.5ms)[0m  [1m[34mSELECT "users".* FROM "users" WHERE "users"."id" IN (1, 2) /*action='index',application='ApiPonto',controller='time_records'*/[0m
  ↳ app/views/admin/time_records/index.html.erb:44
  Rendered admin/time_records/index.html.erb within layouts/admin (Duration: 15.0ms | GC: 0.0ms)
  Rendered layout layouts/admin.html.erb (Duration: 16.8ms | GC: 0.0ms)
Completed 200 OK in 25ms (Views: 16.7ms | ActiveRecord: 2.6ms (5 queries, 0 cached) | GC: 0.0ms)


Started GET "/time_records" for 127.0.0.1 at 2026-07-23 15:34:56 -0300
  [1m[36mActiveRecord::SchemaMigration Load (0.7ms)[0m  [1m[34mSELECT "schema_migrations"."version" FROM "schema_migrations" ORDER BY "schema_migrations"."version" ASC /*application='ApiPonto'*/[0m
Processing by Admin::TimeRecordsController#index as HTML
  [1m[36mUser Load (0.8ms)[0m  [1m[34mSELECT "users".* FROM "users" WHERE "users"."id" = 3 LIMIT 1 /*action='index',application='ApiPonto',controller='time_records'*/[0m
  ↳ app/controllers/admin/application_controller.rb:17:in 'Admin::ApplicationController#current_user'
  [1m[36mTimeRecord Count (0.9ms)[0m  [1m[34mSELECT COUNT(*) FROM "time_records" /*action='index',application='ApiPonto',controller='time_records'*/[0m
  ↳ app/controllers/admin/time_records_controller.rb:22:in 'Admin::TimeRecordsController#index'
  Rendering layout layouts/admin.html.erb
  Rendering admin/time_records/index.html.erb within layouts/admin
  [1m[36mUser Load (1.1ms)[0m  [1m[34mSELECT "users".* FROM "users" ORDER BY "users"."nome_completo" ASC /*action='index',application='ApiPonto',controller='time_records'*/[0m
  ↳ app/views/admin/time_records/index.html.erb:19
  [1m[36mTimeRecord Load (0.6ms)[0m  [1m[34mSELECT "time_records".* FROM "time_records" ORDER BY "time_records"."punched_at" DESC LIMIT 50 /*action='index',application='ApiPonto',controller='time_records'*/[0m
  ↳ app/views/admin/time_records/index.html.erb:44
  [1m[36mUser Load (0.7ms)[0m  [1m[34mSELECT "users".* FROM "users" WHERE "users"."id" IN (1, 2) /*action='index',application='ApiPonto',controller='time_records'*/[0m
  ↳ app/views/admin/time_records/index.html.erb:44
  Rendered admin/time_records/index.html.erb within layouts/admin (Duration: 34.7ms | GC: 0.0ms)
  Rendered layout layouts/admin.html.erb (Duration: 38.5ms | GC: 0.0ms)
Completed 200 OK in 115ms (Views: 39.0ms | ActiveRecord: 18.2ms (5 queries, 0 cached) | GC: 0.0ms)


Started GET "/presenca/CarregaRelogioAtual" for 127.0.0.1 at 2026-07-23 15:35:38 -0300
Processing by Presenca::CarregaRelogioAtualController#show as HTML
Completed 200 OK in 1ms (Views: 0.1ms | ActiveRecord: 0.0ms (0 queries, 0 cached) | GC: 0.0ms)


Started GET "/presenca/IniciarPonto" for 127.0.0.1 at 2026-07-23 15:35:39 -0300
Processing by Presenca::IniciarPontoController#show as HTML
  [1m[36mTimeRecord Load (1.9ms)[0m  [1m[34mSELECT "time_records".* FROM "time_records" WHERE "time_records"."user_id" = 1 AND "time_records"."punched_at" BETWEEN '2026-07-23 03:00:00' AND '2026-07-24 02:59:59.999999' ORDER BY "time_records"."punched_at" DESC, "time_records"."created_at" DESC LIMIT 1 /*action='show',application='ApiPonto',controller='iniciar_ponto'*/[0m
  ↳ app/models/time_record.rb:13:in 'TimeRecord.last_today'
  Rendering layout layouts/application.html.erb
  Rendering presenca/iniciar_ponto/iniciar_ponto.html.erb within layouts/application
  [1m[36mUser Load (1.1ms)[0m  [1m[34mSELECT "users".* FROM "users" WHERE "users"."id" = 1 LIMIT 1 /*action='show',application='ApiPonto',controller='iniciar_ponto'*/[0m
  ↳ app/views/presenca/iniciar_ponto/iniciar_ponto.html.erb:17
  Rendered presenca/iniciar_ponto/iniciar_ponto.html.erb within layouts/application (Duration: 30.8ms | GC: 0.0ms)
  Rendered layout layouts/application.html.erb (Duration: 94.8ms | GC: 26.1ms)
Completed 200 OK in 108ms (Views: 99.6ms | ActiveRecord: 2.9ms (2 queries, 0 cached) | GC: 26.1ms)


Started GET "/presenca/InicializarPonto?codigoAtivacao=SistemaOperacionalNaoSuportado&codigoUnicoMaquina=f6cfc709-4972-49e8-9eac-e01065cfb040" for 127.0.0.1 at 2026-07-23 15:35:41 -0300
Processing by Presenca::InicializarPontoController#show as HTML
  Parameters: {"codigoAtivacao" => "SistemaOperacionalNaoSuportado", "codigoUnicoMaquina" => "f6cfc709-4972-49e8-9eac-e01065cfb040"}
  Rendering layout layouts/application.html.erb
  Rendering presenca/inicializar_ponto/inicializar_ponto.html.erb within layouts/application
  Rendered presenca/inicializar_ponto/inicializar_ponto.html.erb within layouts/application (Duration: 2.7ms | GC: 1.6ms)
  Rendered layout layouts/application.html.erb (Duration: 10.9ms | GC: 7.4ms)
Completed 200 OK in 18ms (Views: 16.8ms | ActiveRecord: 0.0ms (0 queries, 0 cached) | GC: 11.4ms)


Started GET "/presenca/PontoDePresenca" for 127.0.0.1 at 2026-07-23 15:35:43 -0300
Processing by Presenca::PontoDePresencaController#show as HTML
  [1m[36mTimeRecord Load (0.9ms)[0m  [1m[34mSELECT "time_records".* FROM "time_records" WHERE "time_records"."user_id" = 1 AND "time_records"."punched_at" BETWEEN '2026-07-23 03:00:00' AND '2026-07-24 02:59:59.999999' ORDER BY "time_records"."punched_at" DESC, "time_records"."created_at" DESC LIMIT 1 /*action='show',application='ApiPonto',controller='ponto_de_presenca'*/[0m
  ↳ app/models/time_record.rb:13:in 'TimeRecord.last_today'
  Rendering layout layouts/application.html.erb
  Rendering presenca/ponto_de_presenca/index.html.erb within layouts/application
  [1m[36mUser Load (0.8ms)[0m  [1m[34mSELECT "users".* FROM "users" WHERE "users"."id" = 1 LIMIT 1 /*action='show',application='ApiPonto',controller='ponto_de_presenca'*/[0m
  ↳ app/views/presenca/ponto_de_presenca/index.html.erb:17
  [1m[36mTimeRecord Load (0.9ms)[0m  [1m[34mSELECT "time_records".* FROM "time_records" WHERE "time_records"."punched_at" BETWEEN '2026-07-23 03:00:00' AND '2026-07-24 02:59:59.999999' ORDER BY "time_records"."punched_at" ASC /*action='show',application='ApiPonto',controller='ponto_de_presenca'*/[0m
  ↳ app/views/presenca/ponto_de_presenca/index.html.erb:44
  Rendered presenca/ponto_de_presenca/index.html.erb within layouts/application (Duration: 14.7ms | GC: 0.9ms)
  Rendered layout layouts/application.html.erb (Duration: 16.8ms | GC: 0.9ms)
Completed 200 OK in 29ms (Views: 17.7ms | ActiveRecord: 2.4ms (3 queries, 0 cached) | GC: 0.9ms)


Started GET "/" for 127.0.0.1 at 2026-07-23 15:36:13 -0300
Processing by Admin::DashboardController#index as HTML
  [1m[36mUser Load (0.6ms)[0m  [1m[34mSELECT "users".* FROM "users" WHERE "users"."id" = 3 LIMIT 1 /*action='index',application='ApiPonto',controller='dashboard'*/[0m
  ↳ app/controllers/admin/application_controller.rb:17:in 'Admin::ApplicationController#current_user'
  [1m[36mUser Count (0.5ms)[0m  [1m[34mSELECT COUNT(*) FROM "users" /*action='index',application='ApiPonto',controller='dashboard'*/[0m
  ↳ app/controllers/admin/dashboard_controller.rb:4:in 'Admin::DashboardController#index'
  [1m[36mUser Count (0.4ms)[0m  [1m[34mSELECT COUNT(*) FROM "users" WHERE "users"."status" = 1 /*action='index',application='ApiPonto',controller='dashboard'*/[0m
  ↳ app/controllers/admin/dashboard_controller.rb:5:in 'Admin::DashboardController#index'
  [1m[36mUser Count (0.4ms)[0m  [1m[34mSELECT COUNT(*) FROM "users" WHERE "users"."digitais_hash" IS NOT NULL /*action='index',application='ApiPonto',controller='dashboard'*/[0m
  ↳ app/controllers/admin/dashboard_controller.rb:7:in 'Admin::DashboardController#index'
  [1m[36mTimeRecord Count (0.4ms)[0m  [1m[34mSELECT COUNT(*) FROM "time_records" WHERE (punched_at >= '2026-07-23 03:00:00') /*action='index',application='ApiPonto',controller='dashboard'*/[0m
  ↳ app/controllers/admin/dashboard_controller.rb:10:in 'Admin::DashboardController#index'
  [1m[36mTimeRecord Count (0.6ms)[0m  [1m[34mSELECT COUNT(*) FROM "time_records" WHERE (punched_at >= '2026-07-16 18:36:13.879366') /*action='index',application='ApiPonto',controller='dashboard'*/[0m
  ↳ app/controllers/admin/dashboard_controller.rb:11:in 'Admin::DashboardController#index'
  [1m[36mTimeRecord Count (0.6ms)[0m  [1m[34mSELECT COUNT(*) FROM "time_records" WHERE (punched_at >= '2026-06-23 18:36:13.882786') /*action='index',application='ApiPonto',controller='dashboard'*/[0m
  ↳ app/controllers/admin/dashboard_controller.rb:12:in 'Admin::DashboardController#index'
  Rendering layout layouts/admin.html.erb
  Rendering admin/dashboard/index.html.erb within layouts/admin
  [1m[36mTimeRecord Load (0.5ms)[0m  [1m[34mSELECT "time_records".* FROM "time_records" ORDER BY "time_records"."created_at" DESC LIMIT 10 /*action='index',application='ApiPonto',controller='dashboard'*/[0m
  ↳ app/views/admin/dashboard/index.html.erb:86
  [1m[36mUser Load (0.4ms)[0m  [1m[34mSELECT "users".* FROM "users" WHERE "users"."id" IN (1, 2) /*action='index',application='ApiPonto',controller='dashboard'*/[0m
  ↳ app/views/admin/dashboard/index.html.erb:86
  Rendered admin/dashboard/index.html.erb within layouts/admin (Duration: 10.2ms | GC: 0.9ms)
  Rendered layout layouts/admin.html.erb (Duration: 11.8ms | GC: 0.9ms)
Completed 200 OK in 34ms (Views: 11.7ms | ActiveRecord: 4.3ms (9 queries, 0 cached) | GC: 0.9ms)


Started GET "/time_records" for 127.0.0.1 at 2026-07-23 15:36:35 -0300
Processing by Admin::TimeRecordsController#index as HTML
  [1m[36mUser Load (5.2ms)[0m  [1m[34mSELECT "users".* FROM "users" WHERE "users"."id" = 3 LIMIT 1 /*action='index',application='ApiPonto',controller='time_records'*/[0m
  ↳ app/controllers/admin/application_controller.rb:17:in 'Admin::ApplicationController#current_user'
  [1m[36mTimeRecord Count (1.0ms)[0m  [1m[34mSELECT COUNT(*) FROM "time_records" /*action='index',application='ApiPonto',controller='time_records'*/[0m
  ↳ app/controllers/admin/time_records_controller.rb:22:in 'Admin::TimeRecordsController#index'
  Rendering layout layouts/admin.html.erb
  Rendering admin/time_records/index.html.erb within layouts/admin
  [1m[36mUser Load (0.4ms)[0m  [1m[34mSELECT "users".* FROM "users" ORDER BY "users"."nome_completo" ASC /*action='index',application='ApiPonto',controller='time_records'*/[0m
  ↳ app/views/admin/time_records/index.html.erb:19
  [1m[36mTimeRecord Load (0.5ms)[0m  [1m[34mSELECT "time_records".* FROM "time_records" ORDER BY "time_records"."punched_at" DESC LIMIT 50 /*action='index',application='ApiPonto',controller='time_records'*/[0m
  ↳ app/views/admin/time_records/index.html.erb:44
  [1m[36mUser Load (0.6ms)[0m  [1m[34mSELECT "users".* FROM "users" WHERE "users"."id" IN (1, 2) /*action='index',application='ApiPonto',controller='time_records'*/[0m
  ↳ app/views/admin/time_records/index.html.erb:44
  Rendered admin/time_records/index.html.erb within layouts/admin (Duration: 13.7ms | GC: 0.5ms)
  Rendered layout layouts/admin.html.erb (Duration: 14.8ms | GC: 0.5ms)
Completed 200 OK in 31ms (Views: 13.9ms | ActiveRecord: 7.6ms (5 queries, 0 cached) | GC: 0.5ms)


Started GET "/" for 127.0.0.1 at 2026-07-23 15:37:25 -0300
Processing by Admin::DashboardController#index as HTML
  [1m[36mUser Load (1.4ms)[0m  [1m[34mSELECT "users".* FROM "users" WHERE "users"."id" = 3 LIMIT 1 /*action='index',application='ApiPonto',controller='dashboard'*/[0m
  ↳ app/controllers/admin/application_controller.rb:17:in 'Admin::ApplicationController#current_user'
  [1m[36mUser Count (0.9ms)[0m  [1m[34mSELECT COUNT(*) FROM "users" /*action='index',application='ApiPonto',controller='dashboard'*/[0m
  ↳ app/controllers/admin/dashboard_controller.rb:4:in 'Admin::DashboardController#index'
  [1m[36mUser Count (0.6ms)[0m  [1m[34mSELECT COUNT(*) FROM "users" WHERE "users"."status" = 1 /*action='index',application='ApiPonto',controller='dashboard'*/[0m
  ↳ app/controllers/admin/dashboard_controller.rb:5:in 'Admin::DashboardController#index'
  [1m[36mUser Count (0.5ms)[0m  [1m[34mSELECT COUNT(*) FROM "users" WHERE "users"."digitais_hash" IS NOT NULL /*action='index',application='ApiPonto',controller='dashboard'*/[0m
  ↳ app/controllers/admin/dashboard_controller.rb:7:in 'Admin::DashboardController#index'
  [1m[36mTimeRecord Count (1.9ms)[0m  [1m[34mSELECT COUNT(*) FROM "time_records" WHERE (punched_at >= '2026-07-23 03:00:00') /*action='index',application='ApiPonto',controller='dashboard'*/[0m
  ↳ app/controllers/admin/dashboard_controller.rb:10:in 'Admin::DashboardController#index'
  [1m[36mTimeRecord Count (0.5ms)[0m  [1m[34mSELECT COUNT(*) FROM "time_records" WHERE (punched_at >= '2026-07-16 18:37:25.840757') /*action='index',application='ApiPonto',controller='dashboard'*/[0m
  ↳ app/controllers/admin/dashboard_controller.rb:11:in 'Admin::DashboardController#index'
  [1m[36mTimeRecord Count (0.3ms)[0m  [1m[34mSELECT COUNT(*) FROM "time_records" WHERE (punched_at >= '2026-06-23 18:37:25.843023') /*action='index',application='ApiPonto',controller='dashboard'*/[0m
  ↳ app/controllers/admin/dashboard_controller.rb:12:in 'Admin::DashboardController#index'
  Rendering layout layouts/admin.html.erb
  Rendering admin/dashboard/index.html.erb within layouts/admin
  [1m[36mTimeRecord Load (0.5ms)[0m  [1m[34mSELECT "time_records".* FROM "time_records" ORDER BY "time_records"."created_at" DESC LIMIT 10 /*action='index',application='ApiPonto',controller='dashboard'*/[0m
  ↳ app/views/admin/dashboard/index.html.erb:86
  [1m[36mUser Load (0.4ms)[0m  [1m[34mSELECT "users".* FROM "users" WHERE "users"."id" IN (1, 2) /*action='index',application='ApiPonto',controller='dashboard'*/[0m
  ↳ app/views/admin/dashboard/index.html.erb:86
  Rendered admin/dashboard/index.html.erb within layouts/admin (Duration: 8.5ms | GC: 0.0ms)
  Rendered layout layouts/admin.html.erb (Duration: 9.7ms | GC: 0.0ms)
Completed 200 OK in 41ms (Views: 9.5ms | ActiveRecord: 6.6ms (9 queries, 0 cached) | GC: 1.2ms)


Started GET "/users" for 127.0.0.1 at 2026-07-23 15:37:28 -0300
Processing by Admin::UsersController#index as HTML
  [1m[36mUser Load (1.1ms)[0m  [1m[34mSELECT "users".* FROM "users" WHERE "users"."id" = 3 LIMIT 1 /*action='index',application='ApiPonto',controller='users'*/[0m
  ↳ app/controllers/admin/application_controller.rb:17:in 'Admin::ApplicationController#current_user'
  Rendering layout layouts/admin.html.erb
  Rendering admin/users/index.html.erb within layouts/admin
  [1m[36mUser Load (0.5ms)[0m  [1m[34mSELECT "users".* FROM "users" ORDER BY "users"."nome_completo" ASC /*action='index',application='ApiPonto',controller='users'*/[0m
  ↳ app/views/admin/users/index.html.erb:20
  Rendered admin/users/index.html.erb within layouts/admin (Duration: 8.2ms | GC: 0.0ms)
  Rendered layout layouts/admin.html.erb (Duration: 9.4ms | GC: 0.0ms)
Completed 200 OK in 14ms (Views: 9.5ms | ActiveRecord: 1.6ms (2 queries, 0 cached) | GC: 0.0ms)


Started GET "/" for 127.0.0.1 at 2026-07-23 15:37:32 -0300
Processing by Admin::DashboardController#index as HTML
  [1m[36mUser Load (0.8ms)[0m  [1m[34mSELECT "users".* FROM "users" WHERE "users"."id" = 3 LIMIT 1 /*action='index',application='ApiPonto',controller='dashboard'*/[0m
  ↳ app/controllers/admin/application_controller.rb:17:in 'Admin::ApplicationController#current_user'
  [1m[36mUser Count (0.6ms)[0m  [1m[34mSELECT COUNT(*) FROM "users" /*action='index',application='ApiPonto',controller='dashboard'*/[0m
  ↳ app/controllers/admin/dashboard_controller.rb:4:in 'Admin::DashboardController#index'
  [1m[36mUser Count (0.8ms)[0m  [1m[34mSELECT COUNT(*) FROM "users" WHERE "users"."status" = 1 /*action='index',application='ApiPonto',controller='dashboard'*/[0m
  ↳ app/controllers/admin/dashboard_controller.rb:5:in 'Admin::DashboardController#index'
  [1m[36mUser Count (3.0ms)[0m  [1m[34mSELECT COUNT(*) FROM "users" WHERE "users"."digitais_hash" IS NOT NULL /*action='index',application='ApiPonto',controller='dashboard'*/[0m
  ↳ app/controllers/admin/dashboard_controller.rb:7:in 'Admin::DashboardController#index'
  [1m[36mTimeRecord Count (1.2ms)[0m  [1m[34mSELECT COUNT(*) FROM "time_records" WHERE (punched_at >= '2026-07-23 03:00:00') /*action='index',application='ApiPonto',controller='dashboard'*/[0m
  ↳ app/controllers/admin/dashboard_controller.rb:10:in 'Admin::DashboardController#index'
  [1m[36mTimeRecord Count (0.4ms)[0m  [1m[34mSELECT COUNT(*) FROM "time_records" WHERE (punched_at >= '2026-07-16 18:37:32.582068') /*action='index',application='ApiPonto',controller='dashboard'*/[0m
  ↳ app/controllers/admin/dashboard_controller.rb:11:in 'Admin::DashboardController#index'
  [1m[36mTimeRecord Count (0.4ms)[0m  [1m[34mSELECT COUNT(*) FROM "time_records" WHERE (punched_at >= '2026-06-23 18:37:32.585392') /*action='index',application='ApiPonto',controller='dashboard'*/[0m
  ↳ app/controllers/admin/dashboard_controller.rb:12:in 'Admin::DashboardController#index'
  Rendering layout layouts/admin.html.erb
  Rendering admin/dashboard/index.html.erb within layouts/admin
  [1m[36mTimeRecord Load (0.6ms)[0m  [1m[34mSELECT "time_records".* FROM "time_records" ORDER BY "time_records"."created_at" DESC LIMIT 10 /*action='index',application='ApiPonto',controller='dashboard'*/[0m
  ↳ app/views/admin/dashboard/index.html.erb:86
  [1m[36mUser Load (0.4ms)[0m  [1m[34mSELECT "users".* FROM "users" WHERE "users"."id" IN (1, 2) /*action='index',application='ApiPonto',controller='dashboard'*/[0m
  ↳ app/views/admin/dashboard/index.html.erb:86
  Rendered admin/dashboard/index.html.erb within layouts/admin (Duration: 12.2ms | GC: 0.0ms)
  Rendered layout layouts/admin.html.erb (Duration: 14.4ms | GC: 0.0ms)
Completed 200 OK in 54ms (Views: 14.1ms | ActiveRecord: 7.8ms (9 queries, 0 cached) | GC: 0.0ms)


Started GET "/time_records" for 127.0.0.1 at 2026-07-23 15:37:38 -0300
Processing by Admin::TimeRecordsController#index as HTML
  [1m[36mUser Load (0.7ms)[0m  [1m[34mSELECT "users".* FROM "users" WHERE "users"."id" = 3 LIMIT 1 /*action='index',application='ApiPonto',controller='time_records'*/[0m
  ↳ app/controllers/admin/application_controller.rb:17:in 'Admin::ApplicationController#current_user'
  [1m[36mTimeRecord Count (0.4ms)[0m  [1m[34mSELECT COUNT(*) FROM "time_records" /*action='index',application='ApiPonto',controller='time_records'*/[0m
  ↳ app/controllers/admin/time_records_controller.rb:22:in 'Admin::TimeRecordsController#index'
  Rendering layout layouts/admin.html.erb
  Rendering admin/time_records/index.html.erb within layouts/admin
  [1m[36mUser Load (0.5ms)[0m  [1m[34mSELECT "users".* FROM "users" ORDER BY "users"."nome_completo" ASC /*action='index',application='ApiPonto',controller='time_records'*/[0m
  ↳ app/views/admin/time_records/index.html.erb:19
  [1m[36mTimeRecord Load (0.6ms)[0m  [1m[34mSELECT "time_records".* FROM "time_records" ORDER BY "time_records"."punched_at" DESC LIMIT 50 /*action='index',application='ApiPonto',controller='time_records'*/[0m
  ↳ app/views/admin/time_records/index.html.erb:44
  [1m[36mUser Load (0.5ms)[0m  [1m[34mSELECT "users".* FROM "users" WHERE "users"."id" IN (1, 2) /*action='index',application='ApiPonto',controller='time_records'*/[0m
  ↳ app/views/admin/time_records/index.html.erb:44
  Rendered admin/time_records/index.html.erb within layouts/admin (Duration: 15.5ms | GC: 0.0ms)
  Rendered layout layouts/admin.html.erb (Duration: 16.7ms | GC: 0.0ms)
Completed 200 OK in 24ms (Views: 15.7ms | ActiveRecord: 2.6ms (5 queries, 0 cached) | GC: 0.0ms)


Started GET "/time_records?start_date=2026-07-15&end_date=2026-07-15&user_id=&commit=Filtrar" for 127.0.0.1 at 2026-07-23 15:38:05 -0300
Processing by Admin::TimeRecordsController#index as HTML
  Parameters: {"start_date" => "2026-07-15", "end_date" => "2026-07-15", "user_id" => "", "commit" => "Filtrar"}
  [1m[36mUser Load (0.6ms)[0m  [1m[34mSELECT "users".* FROM "users" WHERE "users"."id" = 3 LIMIT 1 /*action='index',application='ApiPonto',controller='time_records'*/[0m
  ↳ app/controllers/admin/application_controller.rb:17:in 'Admin::ApplicationController#current_user'
  [1m[36mTimeRecord Count (0.6ms)[0m  [1m[34mSELECT COUNT(*) FROM "time_records" WHERE (punched_at >= '2026-07-15 03:00:00') AND (punched_at <= '2026-07-16 02:59:59.999999') /*action='index',application='ApiPonto',controller='time_records'*/[0m
  ↳ app/controllers/admin/time_records_controller.rb:22:in 'Admin::TimeRecordsController#index'
  Rendering layout layouts/admin.html.erb
  Rendering admin/time_records/index.html.erb within layouts/admin
  [1m[36mUser Load (0.4ms)[0m  [1m[34mSELECT "users".* FROM "users" ORDER BY "users"."nome_completo" ASC /*action='index',application='ApiPonto',controller='time_records'*/[0m
  ↳ app/views/admin/time_records/index.html.erb:19
  [1m[36mTimeRecord Load (0.5ms)[0m  [1m[34mSELECT "time_records".* FROM "time_records" WHERE (punched_at >= '2026-07-15 03:00:00') AND (punched_at <= '2026-07-16 02:59:59.999999') ORDER BY "time_records"."punched_at" DESC LIMIT 50 /*action='index',application='ApiPonto',controller='time_records'*/[0m
  ↳ app/views/admin/time_records/index.html.erb:44
  [1m[36mUser Load (0.3ms)[0m  [1m[34mSELECT "users".* FROM "users" WHERE "users"."id" IN (2, 1) /*action='index',application='ApiPonto',controller='time_records'*/[0m
  ↳ app/views/admin/time_records/index.html.erb:44
  Rendered admin/time_records/index.html.erb within layouts/admin (Duration: 10.0ms | GC: 0.0ms)
  Rendered layout layouts/admin.html.erb (Duration: 12.6ms | GC: 0.9ms)
Completed 200 OK in 21ms (Views: 12.1ms | ActiveRecord: 2.3ms (5 queries, 0 cached) | GC: 0.9ms)


Started GET "/" for 127.0.0.1 at 2026-07-23 15:40:35 -0300
Processing by Admin::DashboardController#index as HTML
  [1m[36mUser Load (0.8ms)[0m  [1m[34mSELECT "users".* FROM "users" WHERE "users"."id" = 3 LIMIT 1 /*action='index',application='ApiPonto',controller='dashboard'*/[0m
  ↳ app/controllers/admin/application_controller.rb:17:in 'Admin::ApplicationController#current_user'
  [1m[36mUser Count (0.7ms)[0m  [1m[34mSELECT COUNT(*) FROM "users" /*action='index',application='ApiPonto',controller='dashboard'*/[0m
  ↳ app/controllers/admin/dashboard_controller.rb:4:in 'Admin::DashboardController#index'
  [1m[36mUser Count (0.6ms)[0m  [1m[34mSELECT COUNT(*) FROM "users" WHERE "users"."status" = 1 /*action='index',application='ApiPonto',controller='dashboard'*/[0m
  ↳ app/controllers/admin/dashboard_controller.rb:5:in 'Admin::DashboardController#index'
  [1m[36mUser Count (0.8ms)[0m  [1m[34mSELECT COUNT(*) FROM "users" WHERE "users"."digitais_hash" IS NOT NULL /*action='index',application='ApiPonto',controller='dashboard'*/[0m
  ↳ app/controllers/admin/dashboard_controller.rb:7:in 'Admin::DashboardController#index'
  [1m[36mTimeRecord Count (0.5ms)[0m  [1m[34mSELECT COUNT(*) FROM "time_records" WHERE (punched_at >= '2026-07-23 03:00:00') /*action='index',application='ApiPonto',controller='dashboard'*/[0m
  ↳ app/controllers/admin/dashboard_controller.rb:10:in 'Admin::DashboardController#index'
  [1m[36mTimeRecord Count (0.5ms)[0m  [1m[34mSELECT COUNT(*) FROM "time_records" WHERE (punched_at >= '2026-07-16 18:40:35.040370') /*action='index',application='ApiPonto',controller='dashboard'*/[0m
  ↳ app/controllers/admin/dashboard_controller.rb:11:in 'Admin::DashboardController#index'
  [1m[36mTimeRecord Count (0.5ms)[0m  [1m[34mSELECT COUNT(*) FROM "time_records" WHERE (punched_at >= '2026-06-23 18:40:35.043669') /*action='index',application='ApiPonto',controller='dashboard'*/[0m
  ↳ app/controllers/admin/dashboard_controller.rb:12:in 'Admin::DashboardController#index'
  Rendering layout layouts/admin.html.erb
  Rendering admin/dashboard/index.html.erb within layouts/admin
  [1m[36mTimeRecord Load (0.4ms)[0m  [1m[34mSELECT "time_records".* FROM "time_records" ORDER BY "time_records"."created_at" DESC LIMIT 10 /*action='index',application='ApiPonto',controller='dashboard'*/[0m
  ↳ app/views/admin/dashboard/index.html.erb:86
  [1m[36mUser Load (0.5ms)[0m  [1m[34mSELECT "users".* FROM "users" WHERE "users"."id" IN (1, 2) /*action='index',application='ApiPonto',controller='dashboard'*/[0m
  ↳ app/views/admin/dashboard/index.html.erb:86
  Rendered admin/dashboard/index.html.erb within layouts/admin (Duration: 8.6ms | GC: 0.0ms)
  Rendered layout layouts/admin.html.erb (Duration: 9.8ms | GC: 0.0ms)
Completed 200 OK in 33ms (Views: 9.6ms | ActiveRecord: 5.2ms (9 queries, 0 cached) | GC: 0.8ms)


Started GET "/time_records" for 127.0.0.1 at 2026-07-23 15:40:43 -0300
Processing by Admin::TimeRecordsController#index as HTML
  [1m[36mUser Load (1.0ms)[0m  [1m[34mSELECT "users".* FROM "users" WHERE "users"."id" = 3 LIMIT 1 /*action='index',application='ApiPonto',controller='time_records'*/[0m
  ↳ app/controllers/admin/application_controller.rb:17:in 'Admin::ApplicationController#current_user'
  [1m[36mTimeRecord Count (0.6ms)[0m  [1m[34mSELECT COUNT(*) FROM "time_records" /*action='index',application='ApiPonto',controller='time_records'*/[0m
  ↳ app/controllers/admin/time_records_controller.rb:22:in 'Admin::TimeRecordsController#index'
  Rendering layout layouts/admin.html.erb
  Rendering admin/time_records/index.html.erb within layouts/admin
  [1m[36mUser Load (0.7ms)[0m  [1m[34mSELECT "users".* FROM "users" ORDER BY "users"."nome_completo" ASC /*action='index',application='ApiPonto',controller='time_records'*/[0m
  ↳ app/views/admin/time_records/index.html.erb:19
  [1m[36mTimeRecord Load (0.7ms)[0m  [1m[34mSELECT "time_records".* FROM "time_records" ORDER BY "time_records"."punched_at" DESC LIMIT 50 /*action='index',application='ApiPonto',controller='time_records'*/[0m
  ↳ app/views/admin/time_records/index.html.erb:44
  [1m[36mUser Load (0.6ms)[0m  [1m[34mSELECT "users".* FROM "users" WHERE "users"."id" IN (1, 2) /*action='index',application='ApiPonto',controller='time_records'*/[0m
  ↳ app/views/admin/time_records/index.html.erb:44
  Rendered admin/time_records/index.html.erb within layouts/admin (Duration: 14.2ms | GC: 0.0ms)
  Rendered layout layouts/admin.html.erb (Duration: 15.3ms | GC: 0.0ms)
Completed 200 OK in 27ms (Views: 14.1ms | ActiveRecord: 3.5ms (5 queries, 0 cached) | GC: 0.0ms)


Started POST "/presenca/ajax/SincronizarRegistrosPonto" for 127.0.0.1 at 2026-07-23 16:06:56 -0300
Processing by Presenca::SincronizarRegistrosPontoController#create as HTML
  Parameters: {"registros" => "1-23:07:2026:19:06:56", "codAtivacao" => "poc-ativacao-001"}
  [1m[36mUser Load (17.9ms)[0m  [1m[34mSELECT "users".* FROM "users" WHERE "users"."id" = 1 LIMIT 1 /*action='create',application='ApiPonto',controller='sincronizar_registros_ponto'*/[0m
  ↳ app/controllers/presenca/sincronizar_registros_ponto_controller.rb:39:in 'block in Presenca::SincronizarRegistrosPontoController#create'
  [1m[36mTimeRecord Load (1.5ms)[0m  [1m[34mSELECT "time_records".* FROM "time_records" WHERE "time_records"."user_id" = 1 AND "time_records"."punched_at" BETWEEN '2026-07-23 03:00:00' AND '2026-07-24 02:59:59.999999' ORDER BY "time_records"."punched_at" DESC, "time_records"."created_at" DESC LIMIT 1 /*action='create',application='ApiPonto',controller='sincronizar_registros_ponto'*/[0m
  ↳ app/models/time_record.rb:13:in 'TimeRecord.last_today'
  [1m[36mTRANSACTION (0.2ms)[0m  [1m[35mBEGIN /*action='create',application='ApiPonto',controller='sincronizar_registros_ponto'*/[0m
  ↳ app/controllers/presenca/sincronizar_registros_ponto_controller.rb:63:in 'block in Presenca::SincronizarRegistrosPontoController#create'
  [1m[36mCACHE User Load (0.0ms)[0m  [1m[34mSELECT "users".* FROM "users" WHERE "users"."id" = 1 LIMIT 1[0m
  ↳ app/controllers/presenca/sincronizar_registros_ponto_controller.rb:63:in 'block in Presenca::SincronizarRegistrosPontoController#create'
  [1m[36mTimeRecord Create (1.0ms)[0m  [1m[32mINSERT INTO "time_records" ("user_id", "raw_data", "punched_at", "authentication_mode", "created_at", "updated_at", "punch_type", "punch_type_explicit") VALUES (1, '1-23:07:2026:19:06:56', '2026-07-23 22:06:56', 'biometric', '2026-07-23 19:06:56.731087', '2026-07-23 19:06:56.731087', 'exit', FALSE) RETURNING "id" /*action='create',application='ApiPonto',controller='sincronizar_registros_ponto'*/[0m
  ↳ app/controllers/presenca/sincronizar_registros_ponto_controller.rb:63:in 'block in Presenca::SincronizarRegistrosPontoController#create'
  [1m[36mTRANSACTION (2.2ms)[0m  [1m[35mCOMMIT /*action='create',application='ApiPonto',controller='sincronizar_registros_ponto'*/[0m
  ↳ app/controllers/presenca/sincronizar_registros_ponto_controller.rb:63:in 'block in Presenca::SincronizarRegistrosPontoController#create'
Completed 200 OK in 42ms (Views: 0.2ms | ActiveRecord: 32.6ms (4 queries, 1 cached) | GC: 1.0ms)


Started GET "/presenca/PontoDePresenca" for 127.0.0.1 at 2026-07-23 16:06:57 -0300
Processing by Presenca::PontoDePresencaController#show as HTML
  [1m[36mTimeRecord Load (1.0ms)[0m  [1m[34mSELECT "time_records".* FROM "time_records" WHERE "time_records"."user_id" = 1 AND "time_records"."punched_at" BETWEEN '2026-07-23 03:00:00' AND '2026-07-24 02:59:59.999999' ORDER BY "time_records"."punched_at" DESC, "time_records"."created_at" DESC LIMIT 1 /*action='show',application='ApiPonto',controller='ponto_de_presenca'*/[0m
  ↳ app/models/time_record.rb:13:in 'TimeRecord.last_today'
  Rendering layout layouts/application.html.erb
  Rendering presenca/ponto_de_presenca/index.html.erb within layouts/application
  [1m[36mUser Load (0.5ms)[0m  [1m[34mSELECT "users".* FROM "users" WHERE "users"."id" = 1 LIMIT 1 /*action='show',application='ApiPonto',controller='ponto_de_presenca'*/[0m
  ↳ app/views/presenca/ponto_de_presenca/index.html.erb:17
  [1m[36mTimeRecord Load (0.6ms)[0m  [1m[34mSELECT "time_records".* FROM "time_records" WHERE "time_records"."punched_at" BETWEEN '2026-07-23 03:00:00' AND '2026-07-24 02:59:59.999999' ORDER BY "time_records"."punched_at" ASC /*action='show',application='ApiPonto',controller='ponto_de_presenca'*/[0m
  ↳ app/views/presenca/ponto_de_presenca/index.html.erb:44
  Rendered presenca/ponto_de_presenca/index.html.erb within layouts/application (Duration: 8.7ms | GC: 0.0ms)
  Rendered layout layouts/application.html.erb (Duration: 10.6ms | GC: 0.0ms)
Completed 200 OK in 17ms (Views: 10.4ms | ActiveRecord: 2.0ms (3 queries, 0 cached) | GC: 0.0ms)


Started GET "/time_records" for 127.0.0.1 at 2026-07-23 16:07:01 -0300
Processing by Admin::TimeRecordsController#index as HTML
  [1m[36mUser Load (0.5ms)[0m  [1m[34mSELECT "users".* FROM "users" WHERE "users"."id" = 3 LIMIT 1 /*action='index',application='ApiPonto',controller='time_records'*/[0m
  ↳ app/controllers/admin/application_controller.rb:17:in 'Admin::ApplicationController#current_user'
  [1m[36mTimeRecord Count (0.5ms)[0m  [1m[34mSELECT COUNT(*) FROM "time_records" /*action='index',application='ApiPonto',controller='time_records'*/[0m
  ↳ app/controllers/admin/time_records_controller.rb:22:in 'Admin::TimeRecordsController#index'
  Rendering layout layouts/admin.html.erb
  Rendering admin/time_records/index.html.erb within layouts/admin
  [1m[36mUser Load (0.8ms)[0m  [1m[34mSELECT "users".* FROM "users" ORDER BY "users"."nome_completo" ASC /*action='index',application='ApiPonto',controller='time_records'*/[0m
  ↳ app/views/admin/time_records/index.html.erb:19
  [1m[36mTimeRecord Load (0.4ms)[0m  [1m[34mSELECT "time_records".* FROM "time_records" ORDER BY "time_records"."punched_at" DESC LIMIT 50 /*action='index',application='ApiPonto',controller='time_records'*/[0m
  ↳ app/views/admin/time_records/index.html.erb:44
  [1m[36mUser Load (0.7ms)[0m  [1m[34mSELECT "users".* FROM "users" WHERE "users"."id" IN (1, 2) /*action='index',application='ApiPonto',controller='time_records'*/[0m
  ↳ app/views/admin/time_records/index.html.erb:44
  Rendered admin/time_records/index.html.erb within layouts/admin (Duration: 11.8ms | GC: 0.0ms)
  Rendered layout layouts/admin.html.erb (Duration: 12.8ms | GC: 0.0ms)
Completed 200 OK in 19ms (Views: 11.5ms | ActiveRecord: 2.8ms (5 queries, 0 cached) | GC: 0.0ms)


Started POST "/presenca/ajax/SincronizarRegistrosPonto" for 127.0.0.1 at 2026-07-23 16:07:35 -0300
Processing by Presenca::SincronizarRegistrosPontoController#create as HTML
  Parameters: {"registros" => "1-23:07:2026:19:07:35", "codAtivacao" => "poc-ativacao-001"}
  [1m[36mUser Load (1.1ms)[0m  [1m[34mSELECT "users".* FROM "users" WHERE "users"."id" = 1 LIMIT 1 /*action='create',application='ApiPonto',controller='sincronizar_registros_ponto'*/[0m
  ↳ app/controllers/presenca/sincronizar_registros_ponto_controller.rb:39:in 'block in Presenca::SincronizarRegistrosPontoController#create'
  [1m[36mTimeRecord Load (0.6ms)[0m  [1m[34mSELECT "time_records".* FROM "time_records" WHERE "time_records"."user_id" = 1 AND "time_records"."punched_at" BETWEEN '2026-07-23 03:00:00' AND '2026-07-24 02:59:59.999999' ORDER BY "time_records"."punched_at" DESC, "time_records"."created_at" DESC LIMIT 1 /*action='create',application='ApiPonto',controller='sincronizar_registros_ponto'*/[0m
  ↳ app/models/time_record.rb:13:in 'TimeRecord.last_today'
  [1m[36mCACHE User Load (0.0ms)[0m  [1m[34mSELECT "users".* FROM "users" WHERE "users"."id" = 1 LIMIT 1[0m
  ↳ app/controllers/presenca/sincronizar_registros_ponto_controller.rb:63:in 'block in Presenca::SincronizarRegistrosPontoController#create'
  [1m[36mTRANSACTION (0.3ms)[0m  [1m[35mBEGIN /*action='create',application='ApiPonto',controller='sincronizar_registros_ponto'*/[0m
  ↳ app/controllers/presenca/sincronizar_registros_ponto_controller.rb:63:in 'block in Presenca::SincronizarRegistrosPontoController#create'
  [1m[36mTimeRecord Create (3.5ms)[0m  [1m[32mINSERT INTO "time_records" ("user_id", "raw_data", "punched_at", "authentication_mode", "created_at", "updated_at", "punch_type", "punch_type_explicit") VALUES (1, '1-23:07:2026:19:07:35', '2026-07-23 22:07:35', 'biometric', '2026-07-23 19:07:35.181860', '2026-07-23 19:07:35.181860', 'entry', FALSE) RETURNING "id" /*action='create',application='ApiPonto',controller='sincronizar_registros_ponto'*/[0m
  ↳ app/controllers/presenca/sincronizar_registros_ponto_controller.rb:63:in 'block in Presenca::SincronizarRegistrosPontoController#create'
  [1m[36mTRANSACTION (2.7ms)[0m  [1m[35mCOMMIT /*action='create',application='ApiPonto',controller='sincronizar_registros_ponto'*/[0m
  ↳ app/controllers/presenca/sincronizar_registros_ponto_controller.rb:63:in 'block in Presenca::SincronizarRegistrosPontoController#create'
Completed 200 OK in 23ms (Views: 0.1ms | ActiveRecord: 8.0ms (4 queries, 1 cached) | GC: 0.0ms)


Started GET "/presenca/PontoDePresenca" for 127.0.0.1 at 2026-07-23 16:07:36 -0300
Processing by Presenca::PontoDePresencaController#show as HTML
  [1m[36mTimeRecord Load (0.8ms)[0m  [1m[34mSELECT "time_records".* FROM "time_records" WHERE "time_records"."user_id" = 1 AND "time_records"."punched_at" BETWEEN '2026-07-23 03:00:00' AND '2026-07-24 02:59:59.999999' ORDER BY "time_records"."punched_at" DESC, "time_records"."created_at" DESC LIMIT 1 /*action='show',application='ApiPonto',controller='ponto_de_presenca'*/[0m
  ↳ app/models/time_record.rb:13:in 'TimeRecord.last_today'
  Rendering layout layouts/application.html.erb
  Rendering presenca/ponto_de_presenca/index.html.erb within layouts/application
  [1m[36mUser Load (0.4ms)[0m  [1m[34mSELECT "users".* FROM "users" WHERE "users"."id" = 1 LIMIT 1 /*action='show',application='ApiPonto',controller='ponto_de_presenca'*/[0m
  ↳ app/views/presenca/ponto_de_presenca/index.html.erb:17
  [1m[36mTimeRecord Load (0.4ms)[0m  [1m[34mSELECT "time_records".* FROM "time_records" WHERE "time_records"."punched_at" BETWEEN '2026-07-23 03:00:00' AND '2026-07-24 02:59:59.999999' ORDER BY "time_records"."punched_at" ASC /*action='show',application='ApiPonto',controller='ponto_de_presenca'*/[0m
  ↳ app/views/presenca/ponto_de_presenca/index.html.erb:44
  Rendered presenca/ponto_de_presenca/index.html.erb within layouts/application (Duration: 7.5ms | GC: 0.0ms)
  Rendered layout layouts/application.html.erb (Duration: 9.3ms | GC: 0.0ms)
Completed 200 OK in 16ms (Views: 9.3ms | ActiveRecord: 1.6ms (3 queries, 0 cached) | GC: 0.0ms)


Started GET "/time_records" for 127.0.0.1 at 2026-07-23 16:07:42 -0300
Processing by Admin::TimeRecordsController#index as HTML
  [1m[36mUser Load (0.6ms)[0m  [1m[34mSELECT "users".* FROM "users" WHERE "users"."id" = 3 LIMIT 1 /*action='index',application='ApiPonto',controller='time_records'*/[0m
  ↳ app/controllers/admin/application_controller.rb:17:in 'Admin::ApplicationController#current_user'
  [1m[36mTimeRecord Count (0.5ms)[0m  [1m[34mSELECT COUNT(*) FROM "time_records" /*action='index',application='ApiPonto',controller='time_records'*/[0m
  ↳ app/controllers/admin/time_records_controller.rb:22:in 'Admin::TimeRecordsController#index'
  Rendering layout layouts/admin.html.erb
  Rendering admin/time_records/index.html.erb within layouts/admin
  [1m[36mUser Load (0.5ms)[0m  [1m[34mSELECT "users".* FROM "users" ORDER BY "users"."nome_completo" ASC /*action='index',application='ApiPonto',controller='time_records'*/[0m
  ↳ app/views/admin/time_records/index.html.erb:19
  [1m[36mTimeRecord Load (0.4ms)[0m  [1m[34mSELECT "time_records".* FROM "time_records" ORDER BY "time_records"."punched_at" DESC LIMIT 50 /*action='index',application='ApiPonto',controller='time_records'*/[0m
  ↳ app/views/admin/time_records/index.html.erb:44
  [1m[36mUser Load (0.5ms)[0m  [1m[34mSELECT "users".* FROM "users" WHERE "users"."id" IN (1, 2) /*action='index',application='ApiPonto',controller='time_records'*/[0m
  ↳ app/views/admin/time_records/index.html.erb:44
  Rendered admin/time_records/index.html.erb within layouts/admin (Duration: 13.0ms | GC: 0.0ms)
  Rendered layout layouts/admin.html.erb (Duration: 14.1ms | GC: 0.0ms)
Completed 200 OK in 21ms (Views: 13.3ms | ActiveRecord: 2.4ms (5 queries, 0 cached) | GC: 0.0ms)


Started GET "/time_records" for 127.0.0.1 at 2026-07-23 16:08:37 -0300
Processing by Admin::TimeRecordsController#index as HTML
  [1m[36mUser Load (0.6ms)[0m  [1m[34mSELECT "users".* FROM "users" WHERE "users"."id" = 3 LIMIT 1 /*action='index',application='ApiPonto',controller='time_records'*/[0m
  ↳ app/controllers/admin/application_controller.rb:17:in 'Admin::ApplicationController#current_user'
  [1m[36mTimeRecord Count (0.9ms)[0m  [1m[34mSELECT COUNT(*) FROM "time_records" /*action='index',application='ApiPonto',controller='time_records'*/[0m
  ↳ app/controllers/admin/time_records_controller.rb:22:in 'Admin::TimeRecordsController#index'
  Rendering layout layouts/admin.html.erb
  Rendering admin/time_records/index.html.erb within layouts/admin
  [1m[36mUser Load (0.6ms)[0m  [1m[34mSELECT "users".* FROM "users" ORDER BY "users"."nome_completo" ASC /*action='index',application='ApiPonto',controller='time_records'*/[0m
  ↳ app/views/admin/time_records/index.html.erb:19
  [1m[36mTimeRecord Load (0.5ms)[0m  [1m[34mSELECT "time_records".* FROM "time_records" ORDER BY "time_records"."punched_at" DESC LIMIT 50 /*action='index',application='ApiPonto',controller='time_records'*/[0m
  ↳ app/views/admin/time_records/index.html.erb:44
  [1m[36mUser Load (0.5ms)[0m  [1m[34mSELECT "users".* FROM "users" WHERE "users"."id" IN (1, 2) /*action='index',application='ApiPonto',controller='time_records'*/[0m
  ↳ app/views/admin/time_records/index.html.erb:44
  Rendered admin/time_records/index.html.erb within layouts/admin (Duration: 15.2ms | GC: 0.5ms)
  Rendered layout layouts/admin.html.erb (Duration: 16.8ms | GC: 0.5ms)
Completed 200 OK in 24ms (Views: 16.1ms | ActiveRecord: 2.9ms (5 queries, 0 cached) | GC: 0.5ms)


Started GET "/presenca/PontoDePresenca" for 127.0.0.1 at 2026-07-23 16:17:12 -0300
Processing by Presenca::PontoDePresencaController#show as HTML
  [1m[36mTimeRecord Load (14.1ms)[0m  [1m[34mSELECT "time_records".* FROM "time_records" WHERE "time_records"."user_id" = 1 AND "time_records"."punched_at" BETWEEN '2026-07-23 03:00:00' AND '2026-07-24 02:59:59.999999' ORDER BY "time_records"."punched_at" DESC, "time_records"."created_at" DESC LIMIT 1 /*action='show',application='ApiPonto',controller='ponto_de_presenca'*/[0m
  ↳ app/models/time_record.rb:13:in 'TimeRecord.last_today'
  Rendering layout layouts/application.html.erb
  Rendering presenca/ponto_de_presenca/index.html.erb within layouts/application
  [1m[36mUser Load (0.6ms)[0m  [1m[34mSELECT "users".* FROM "users" WHERE "users"."id" = 1 LIMIT 1 /*action='show',application='ApiPonto',controller='ponto_de_presenca'*/[0m
  ↳ app/views/presenca/ponto_de_presenca/index.html.erb:17
  [1m[36mTimeRecord Load (0.6ms)[0m  [1m[34mSELECT "time_records".* FROM "time_records" WHERE "time_records"."punched_at" BETWEEN '2026-07-23 03:00:00' AND '2026-07-24 02:59:59.999999' ORDER BY "time_records"."punched_at" ASC /*action='show',application='ApiPonto',controller='ponto_de_presenca'*/[0m
  ↳ app/views/presenca/ponto_de_presenca/index.html.erb:44
  Rendered presenca/ponto_de_presenca/index.html.erb within layouts/application (Duration: 10.7ms | GC: 0.1ms)
  Rendered layout layouts/application.html.erb (Duration: 12.5ms | GC: 0.1ms)
Completed 200 OK in 35ms (Views: 12.0ms | ActiveRecord: 21.4ms (3 queries, 0 cached) | GC: 0.4ms)


Started GET "/presenca/PontoDePresenca" for 127.0.0.1 at 2026-07-23 16:17:16 -0300
Processing by Presenca::PontoDePresencaController#show as HTML
  [1m[36mTimeRecord Load (1.1ms)[0m  [1m[34mSELECT "time_records".* FROM "time_records" WHERE "time_records"."user_id" = 1 AND "time_records"."punched_at" BETWEEN '2026-07-23 03:00:00' AND '2026-07-24 02:59:59.999999' ORDER BY "time_records"."punched_at" DESC, "time_records"."created_at" DESC LIMIT 1 /*action='show',application='ApiPonto',controller='ponto_de_presenca'*/[0m
  ↳ app/models/time_record.rb:13:in 'TimeRecord.last_today'
  Rendering layout layouts/application.html.erb
  Rendering presenca/ponto_de_presenca/index.html.erb within layouts/application
  [1m[36mUser Load (0.5ms)[0m  [1m[34mSELECT "users".* FROM "users" WHERE "users"."id" = 1 LIMIT 1 /*action='show',application='ApiPonto',controller='ponto_de_presenca'*/[0m
  ↳ app/views/presenca/ponto_de_presenca/index.html.erb:17
  [1m[36mTimeRecord Load (0.5ms)[0m  [1m[34mSELECT "time_records".* FROM "time_records" WHERE "time_records"."punched_at" BETWEEN '2026-07-23 03:00:00' AND '2026-07-24 02:59:59.999999' ORDER BY "time_records"."punched_at" ASC /*action='show',application='ApiPonto',controller='ponto_de_presenca'*/[0m
  ↳ app/views/presenca/ponto_de_presenca/index.html.erb:44
  Rendered presenca/ponto_de_presenca/index.html.erb within layouts/application (Duration: 8.4ms | GC: 0.2ms)
  Rendered layout layouts/application.html.erb (Duration: 11.0ms | GC: 0.2ms)
Completed 200 OK in 17ms (Views: 10.7ms | ActiveRecord: 2.1ms (3 queries, 0 cached) | GC: 0.2ms)


Started GET "/presenca/PontoDePresenca" for 127.0.0.1 at 2026-07-23 16:17:23 -0300
Processing by Presenca::PontoDePresencaController#show as HTML
  [1m[36mTimeRecord Load (0.9ms)[0m  [1m[34mSELECT "time_records".* FROM "time_records" WHERE "time_records"."user_id" = 1 AND "time_records"."punched_at" BETWEEN '2026-07-23 03:00:00' AND '2026-07-24 02:59:59.999999' ORDER BY "time_records"."punched_at" DESC, "time_records"."created_at" DESC LIMIT 1 /*action='show',application='ApiPonto',controller='ponto_de_presenca'*/[0m
  ↳ app/models/time_record.rb:13:in 'TimeRecord.last_today'
  Rendering layout layouts/application.html.erb
  Rendering presenca/ponto_de_presenca/index.html.erb within layouts/application
  [1m[36mUser Load (0.7ms)[0m  [1m[34mSELECT "users".* FROM "users" WHERE "users"."id" = 1 LIMIT 1 /*action='show',application='ApiPonto',controller='ponto_de_presenca'*/[0m
  ↳ app/views/presenca/ponto_de_presenca/index.html.erb:17
  [1m[36mTimeRecord Load (0.9ms)[0m  [1m[34mSELECT "time_records".* FROM "time_records" WHERE "time_records"."punched_at" BETWEEN '2026-07-23 03:00:00' AND '2026-07-24 02:59:59.999999' ORDER BY "time_records"."punched_at" ASC /*action='show',application='ApiPonto',controller='ponto_de_presenca'*/[0m
  ↳ app/views/presenca/ponto_de_presenca/index.html.erb:44
  Rendered presenca/ponto_de_presenca/index.html.erb within layouts/application (Duration: 10.5ms | GC: 0.4ms)
  Rendered layout layouts/application.html.erb (Duration: 12.9ms | GC: 0.4ms)
Completed 200 OK in 21ms (Views: 12.2ms | ActiveRecord: 2.4ms (3 queries, 0 cached) | GC: 0.4ms)


Started POST "/presenca/ajax/SincronizarRegistrosPonto" for 127.0.0.1 at 2026-07-23 16:44:42 -0300
Processing by Presenca::SincronizarRegistrosPontoController#create as HTML
  Parameters: {"registros" => "1-23:07:2026:19:44:42", "codAtivacao" => "poc-ativacao-001"}
  [1m[36mUser Load (12.2ms)[0m  [1m[34mSELECT "users".* FROM "users" WHERE "users"."id" = 1 LIMIT 1 /*action='create',application='ApiPonto',controller='sincronizar_registros_ponto'*/[0m
  ↳ app/controllers/presenca/sincronizar_registros_ponto_controller.rb:39:in 'block in Presenca::SincronizarRegistrosPontoController#create'
  [1m[36mTimeRecord Load (1.0ms)[0m  [1m[34mSELECT "time_records".* FROM "time_records" WHERE "time_records"."user_id" = 1 AND "time_records"."punched_at" BETWEEN '2026-07-23 03:00:00' AND '2026-07-24 02:59:59.999999' ORDER BY "time_records"."punched_at" DESC, "time_records"."created_at" DESC LIMIT 1 /*action='create',application='ApiPonto',controller='sincronizar_registros_ponto'*/[0m
  ↳ app/models/time_record.rb:13:in 'TimeRecord.last_today'
  [1m[36mTRANSACTION (0.1ms)[0m  [1m[35mBEGIN /*action='create',application='ApiPonto',controller='sincronizar_registros_ponto'*/[0m
  ↳ app/controllers/presenca/sincronizar_registros_ponto_controller.rb:63:in 'block in Presenca::SincronizarRegistrosPontoController#create'
  [1m[36mCACHE User Load (0.0ms)[0m  [1m[34mSELECT "users".* FROM "users" WHERE "users"."id" = 1 LIMIT 1[0m
  ↳ app/controllers/presenca/sincronizar_registros_ponto_controller.rb:63:in 'block in Presenca::SincronizarRegistrosPontoController#create'
  [1m[36mTimeRecord Create (1.4ms)[0m  [1m[32mINSERT INTO "time_records" ("user_id", "raw_data", "punched_at", "authentication_mode", "created_at", "updated_at", "punch_type", "punch_type_explicit") VALUES (1, '1-23:07:2026:19:44:42', '2026-07-23 22:44:42', 'biometric', '2026-07-23 19:44:42.359049', '2026-07-23 19:44:42.359049', 'exit', FALSE) RETURNING "id" /*action='create',application='ApiPonto',controller='sincronizar_registros_ponto'*/[0m
  ↳ app/controllers/presenca/sincronizar_registros_ponto_controller.rb:63:in 'block in Presenca::SincronizarRegistrosPontoController#create'
  [1m[36mTRANSACTION (2.2ms)[0m  [1m[35mCOMMIT /*action='create',application='ApiPonto',controller='sincronizar_registros_ponto'*/[0m
  ↳ app/controllers/presenca/sincronizar_registros_ponto_controller.rb:63:in 'block in Presenca::SincronizarRegistrosPontoController#create'
Completed 200 OK in 36ms (Views: 0.2ms | ActiveRecord: 24.6ms (4 queries, 1 cached) | GC: 0.0ms)


Started GET "/presenca/PontoDePresenca" for 127.0.0.1 at 2026-07-23 16:44:43 -0300
Processing by Presenca::PontoDePresencaController#show as HTML
  [1m[36mTimeRecord Load (1.5ms)[0m  [1m[34mSELECT "time_records".* FROM "time_records" WHERE "time_records"."user_id" = 1 AND "time_records"."punched_at" BETWEEN '2026-07-23 03:00:00' AND '2026-07-24 02:59:59.999999' ORDER BY "time_records"."punched_at" DESC, "time_records"."created_at" DESC LIMIT 1 /*action='show',application='ApiPonto',controller='ponto_de_presenca'*/[0m
  ↳ app/models/time_record.rb:13:in 'TimeRecord.last_today'
  Rendering layout layouts/application.html.erb
  Rendering presenca/ponto_de_presenca/index.html.erb within layouts/application
  [1m[36mUser Load (0.9ms)[0m  [1m[34mSELECT "users".* FROM "users" WHERE "users"."id" = 1 LIMIT 1 /*action='show',application='ApiPonto',controller='ponto_de_presenca'*/[0m
  ↳ app/views/presenca/ponto_de_presenca/index.html.erb:17
  [1m[36mTimeRecord Load (1.0ms)[0m  [1m[34mSELECT "time_records".* FROM "time_records" WHERE "time_records"."punched_at" BETWEEN '2026-07-23 03:00:00' AND '2026-07-24 02:59:59.999999' ORDER BY "time_records"."punched_at" ASC /*action='show',application='ApiPonto',controller='ponto_de_presenca'*/[0m
  ↳ app/views/presenca/ponto_de_presenca/index.html.erb:44
  Rendered presenca/ponto_de_presenca/index.html.erb within layouts/application (Duration: 10.9ms | GC: 0.0ms)
  Rendered layout layouts/application.html.erb (Duration: 13.6ms | GC: 0.0ms)
Completed 200 OK in 20ms (Views: 12.6ms | ActiveRecord: 3.3ms (3 queries, 0 cached) | GC: 0.0ms)


Started GET "/time_records" for 127.0.0.1 at 2026-07-23 16:45:12 -0300
Processing by Admin::TimeRecordsController#index as HTML
  [1m[36mUser Load (1.0ms)[0m  [1m[34mSELECT "users".* FROM "users" WHERE "users"."id" = 3 LIMIT 1 /*action='index',application='ApiPonto',controller='time_records'*/[0m
  ↳ app/controllers/admin/application_controller.rb:17:in 'Admin::ApplicationController#current_user'
  [1m[36mTimeRecord Count (0.8ms)[0m  [1m[34mSELECT COUNT(*) FROM "time_records" /*action='index',application='ApiPonto',controller='time_records'*/[0m
  ↳ app/controllers/admin/time_records_controller.rb:22:in 'Admin::TimeRecordsController#index'
  Rendering layout layouts/admin.html.erb
  Rendering admin/time_records/index.html.erb within layouts/admin
  [1m[36mUser Load (1.2ms)[0m  [1m[34mSELECT "users".* FROM "users" ORDER BY "users"."nome_completo" ASC /*action='index',application='ApiPonto',controller='time_records'*/[0m
  ↳ app/views/admin/time_records/index.html.erb:19
  [1m[36mTimeRecord Load (0.4ms)[0m  [1m[34mSELECT "time_records".* FROM "time_records" ORDER BY "time_records"."punched_at" DESC LIMIT 50 /*action='index',application='ApiPonto',controller='time_records'*/[0m
  ↳ app/views/admin/time_records/index.html.erb:44
  [1m[36mUser Load (0.8ms)[0m  [1m[34mSELECT "users".* FROM "users" WHERE "users"."id" IN (1, 2) /*action='index',application='ApiPonto',controller='time_records'*/[0m
  ↳ app/views/admin/time_records/index.html.erb:44
  Rendered admin/time_records/index.html.erb within layouts/admin (Duration: 24.9ms | GC: 10.6ms)
  Rendered layout layouts/admin.html.erb (Duration: 26.5ms | GC: 10.6ms)
Completed 200 OK in 37ms (Views: 25.0ms | ActiveRecord: 4.1ms (5 queries, 0 cached) | GC: 10.6ms)


Started POST "/presenca/ajax/SincronizarRegistrosPonto" for 127.0.0.1 at 2026-07-23 16:45:48 -0300
Processing by Presenca::SincronizarRegistrosPontoController#create as HTML
  Parameters: {"registros" => "1-23:07:2026:19:45:48", "codAtivacao" => "poc-ativacao-001"}
  [1m[36mUser Load (1.0ms)[0m  [1m[34mSELECT "users".* FROM "users" WHERE "users"."id" = 1 LIMIT 1 /*action='create',application='ApiPonto',controller='sincronizar_registros_ponto'*/[0m
  ↳ app/controllers/presenca/sincronizar_registros_ponto_controller.rb:39:in 'block in Presenca::SincronizarRegistrosPontoController#create'
  [1m[36mTimeRecord Load (0.6ms)[0m  [1m[34mSELECT "time_records".* FROM "time_records" WHERE "time_records"."user_id" = 1 AND "time_records"."punched_at" BETWEEN '2026-07-23 03:00:00' AND '2026-07-24 02:59:59.999999' ORDER BY "time_records"."punched_at" DESC, "time_records"."created_at" DESC LIMIT 1 /*action='create',application='ApiPonto',controller='sincronizar_registros_ponto'*/[0m
  ↳ app/models/time_record.rb:13:in 'TimeRecord.last_today'
  [1m[36mCACHE User Load (0.0ms)[0m  [1m[34mSELECT "users".* FROM "users" WHERE "users"."id" = 1 LIMIT 1[0m
  ↳ app/controllers/presenca/sincronizar_registros_ponto_controller.rb:63:in 'block in Presenca::SincronizarRegistrosPontoController#create'
  [1m[36mTRANSACTION (0.5ms)[0m  [1m[35mBEGIN /*action='create',application='ApiPonto',controller='sincronizar_registros_ponto'*/[0m
  ↳ app/controllers/presenca/sincronizar_registros_ponto_controller.rb:63:in 'block in Presenca::SincronizarRegistrosPontoController#create'
  [1m[36mTimeRecord Create (5.0ms)[0m  [1m[32mINSERT INTO "time_records" ("user_id", "raw_data", "punched_at", "authentication_mode", "created_at", "updated_at", "punch_type", "punch_type_explicit") VALUES (1, '1-23:07:2026:19:45:48', '2026-07-23 22:45:48', 'biometric', '2026-07-23 19:45:48.063781', '2026-07-23 19:45:48.063781', 'entry', FALSE) RETURNING "id" /*action='create',application='ApiPonto',controller='sincronizar_registros_ponto'*/[0m
  ↳ app/controllers/presenca/sincronizar_registros_ponto_controller.rb:63:in 'block in Presenca::SincronizarRegistrosPontoController#create'
  [1m[36mTRANSACTION (4.9ms)[0m  [1m[35mCOMMIT /*action='create',application='ApiPonto',controller='sincronizar_registros_ponto'*/[0m
  ↳ app/controllers/presenca/sincronizar_registros_ponto_controller.rb:63:in 'block in Presenca::SincronizarRegistrosPontoController#create'
Completed 200 OK in 29ms (Views: 0.1ms | ActiveRecord: 12.0ms (4 queries, 1 cached) | GC: 1.2ms)


Started GET "/presenca/PontoDePresenca" for 127.0.0.1 at 2026-07-23 16:45:48 -0300
Processing by Presenca::PontoDePresencaController#show as HTML
  [1m[36mTimeRecord Load (0.8ms)[0m  [1m[34mSELECT "time_records".* FROM "time_records" WHERE "time_records"."user_id" = 1 AND "time_records"."punched_at" BETWEEN '2026-07-23 03:00:00' AND '2026-07-24 02:59:59.999999' ORDER BY "time_records"."punched_at" DESC, "time_records"."created_at" DESC LIMIT 1 /*action='show',application='ApiPonto',controller='ponto_de_presenca'*/[0m
  ↳ app/models/time_record.rb:13:in 'TimeRecord.last_today'
  Rendering layout layouts/application.html.erb
  Rendering presenca/ponto_de_presenca/index.html.erb within layouts/application
  [1m[36mUser Load (0.4ms)[0m  [1m[34mSELECT "users".* FROM "users" WHERE "users"."id" = 1 LIMIT 1 /*action='show',application='ApiPonto',controller='ponto_de_presenca'*/[0m
  ↳ app/views/presenca/ponto_de_presenca/index.html.erb:17
  [1m[36mTimeRecord Load (0.6ms)[0m  [1m[34mSELECT "time_records".* FROM "time_records" WHERE "time_records"."punched_at" BETWEEN '2026-07-23 03:00:00' AND '2026-07-24 02:59:59.999999' ORDER BY "time_records"."punched_at" ASC /*action='show',application='ApiPonto',controller='ponto_de_presenca'*/[0m
  ↳ app/views/presenca/ponto_de_presenca/index.html.erb:44
  Rendered presenca/ponto_de_presenca/index.html.erb within layouts/application (Duration: 7.1ms | GC: 0.6ms)
  Rendered layout layouts/application.html.erb (Duration: 8.5ms | GC: 0.6ms)
Completed 200 OK in 15ms (Views: 8.2ms | ActiveRecord: 1.7ms (3 queries, 0 cached) | GC: 0.6ms)


Started GET "/time_records" for 127.0.0.1 at 2026-07-23 16:45:54 -0300
Processing by Admin::TimeRecordsController#index as HTML
  [1m[36mUser Load (0.6ms)[0m  [1m[34mSELECT "users".* FROM "users" WHERE "users"."id" = 3 LIMIT 1 /*action='index',application='ApiPonto',controller='time_records'*/[0m
  ↳ app/controllers/admin/application_controller.rb:17:in 'Admin::ApplicationController#current_user'
  [1m[36mTimeRecord Count (0.5ms)[0m  [1m[34mSELECT COUNT(*) FROM "time_records" /*action='index',application='ApiPonto',controller='time_records'*/[0m
  ↳ app/controllers/admin/time_records_controller.rb:22:in 'Admin::TimeRecordsController#index'
  Rendering layout layouts/admin.html.erb
  Rendering admin/time_records/index.html.erb within layouts/admin
  [1m[36mUser Load (0.4ms)[0m  [1m[34mSELECT "users".* FROM "users" ORDER BY "users"."nome_completo" ASC /*action='index',application='ApiPonto',controller='time_records'*/[0m
  ↳ app/views/admin/time_records/index.html.erb:19
  [1m[36mTimeRecord Load (0.8ms)[0m  [1m[34mSELECT "time_records".* FROM "time_records" ORDER BY "time_records"."punched_at" DESC LIMIT 50 /*action='index',application='ApiPonto',controller='time_records'*/[0m
  ↳ app/views/admin/time_records/index.html.erb:44
  [1m[36mUser Load (0.6ms)[0m  [1m[34mSELECT "users".* FROM "users" WHERE "users"."id" IN (1, 2) /*action='index',application='ApiPonto',controller='time_records'*/[0m
  ↳ app/views/admin/time_records/index.html.erb:44
  Rendered admin/time_records/index.html.erb within layouts/admin (Duration: 16.1ms | GC: 0.6ms)
  Rendered layout layouts/admin.html.erb (Duration: 17.4ms | GC: 0.6ms)
Completed 200 OK in 23ms (Views: 16.2ms | ActiveRecord: 2.8ms (5 queries, 0 cached) | GC: 0.6ms)


  [1m[36mTimeRecord Load (2.6ms)[0m  [1m[34mSELECT "time_records".* FROM "time_records" ORDER BY "time_records"."id" ASC LIMIT 10 /*application='ApiPonto'*/[0m
  [1m[36mTimeRecord Count (1.2ms)[0m  [1m[34mSELECT COUNT(*) FROM "time_records" /*application='ApiPonto'*/[0m
  [1m[36mTimeRecord Load (1.4ms)[0m  [1m[34mSELECT "time_records".* FROM "time_records" ORDER BY "time_records"."id" ASC /*application='ApiPonto'*/[0m
  [1m[35m (18.1ms)[0m  [1m[34mSELECT id, raw_data, punched_at, created_at FROM time_records ORDER BY id /*application='ApiPonto'*/[0m
  [1m[36mTimeRecord Pluck (1.4ms)[0m  [1m[34mSELECT "time_records"."id", "time_records"."punched_at" FROM "time_records" WHERE (id >= 11) /*application='ApiPonto'*/[0m
  [1m[36mTimeRecord Load (0.3ms)[0m  [1m[34mSELECT "time_records".* FROM "time_records" WHERE (id >= 11) /*application='ApiPonto'*/[0m
  [1m[36mTimeRecord Update (6.6ms)[0m  [1m[33mUPDATE "time_records" SET "punched_at" = '2026-07-23 19:06:56' WHERE "time_records"."id" = 11 /*application='ApiPonto'*/[0m
  [1m[36mTimeRecord Update (2.2ms)[0m  [1m[33mUPDATE "time_records" SET "punched_at" = '2026-07-23 19:07:35' WHERE "time_records"."id" = 12 /*application='ApiPonto'*/[0m
  [1m[36mTimeRecord Update (2.2ms)[0m  [1m[33mUPDATE "time_records" SET "punched_at" = '2026-07-23 19:44:42' WHERE "time_records"."id" = 13 /*application='ApiPonto'*/[0m
  [1m[36mTimeRecord Update (2.4ms)[0m  [1m[33mUPDATE "time_records" SET "punched_at" = '2026-07-23 19:45:48' WHERE "time_records"."id" = 14 /*application='ApiPonto'*/[0m
  [1m[36mTimeRecord Pluck (0.4ms)[0m  [1m[34mSELECT "time_records"."id", "time_records"."punched_at" FROM "time_records" WHERE (id >= 11) /*application='ApiPonto'*/[0m
  [1m[35m (15.7ms)[0m  [1m[34mSELECT id, raw_data, punched_at, created_at FROM time_records ORDER BY id /*application='ApiPonto'*/[0m
  [1m[36mTimeRecord Load (0.4ms)[0m  [1m[34mSELECT "time_records".* FROM "time_records" ORDER BY "time_records"."id" ASC /*application='ApiPonto'*/[0m
Started GET "/presenca/CarregaRelogioAtual" for 127.0.0.1 at 2026-07-23 16:58:15 -0300
  [1m[36mActiveRecord::SchemaMigration Load (1.5ms)[0m  [1m[34mSELECT "schema_migrations"."version" FROM "schema_migrations" ORDER BY "schema_migrations"."version" ASC /*application='ApiPonto'*/[0m
Processing by Presenca::CarregaRelogioAtualController#show as HTML
Completed 200 OK in 9ms (Views: 0.3ms | ActiveRecord: 0.0ms (0 queries, 0 cached) | GC: 0.0ms)


Started GET "/presenca/IniciarPonto" for 127.0.0.1 at 2026-07-23 16:58:16 -0300
Processing by Presenca::IniciarPontoController#show as HTML
  [1m[36mTimeRecord Load (1.1ms)[0m  [1m[34mSELECT "time_records".* FROM "time_records" WHERE "time_records"."user_id" = 1 AND "time_records"."punched_at" BETWEEN '2026-07-23 03:00:00' AND '2026-07-24 02:59:59.999999' ORDER BY "time_records"."punched_at" DESC, "time_records"."created_at" DESC LIMIT 1 /*action='show',application='ApiPonto',controller='iniciar_ponto'*/[0m
  ↳ app/models/time_record.rb:13:in 'TimeRecord.last_today'
  Rendering layout layouts/application.html.erb
  Rendering presenca/iniciar_ponto/iniciar_ponto.html.erb within layouts/application
  [1m[36mUser Load (0.8ms)[0m  [1m[34mSELECT "users".* FROM "users" WHERE "users"."id" = 1 LIMIT 1 /*action='show',application='ApiPonto',controller='iniciar_ponto'*/[0m
  ↳ app/views/presenca/iniciar_ponto/iniciar_ponto.html.erb:17
  Rendered presenca/iniciar_ponto/iniciar_ponto.html.erb within layouts/application (Duration: 37.3ms | GC: 0.0ms)
  Rendered layout layouts/application.html.erb (Duration: 47.4ms | GC: 0.0ms)
Completed 200 OK in 157ms (Views: 60.5ms | ActiveRecord: 31.0ms (2 queries, 0 cached) | GC: 0.0ms)


Started GET "/presenca/InicializarPonto?codigoAtivacao=SistemaOperacionalNaoSuportado&codigoUnicoMaquina=fae98638-ca1b-40a3-9f1a-ec0c7711e529" for 127.0.0.1 at 2026-07-23 16:58:17 -0300
Processing by Presenca::InicializarPontoController#show as HTML
  Parameters: {"codigoAtivacao" => "SistemaOperacionalNaoSuportado", "codigoUnicoMaquina" => "fae98638-ca1b-40a3-9f1a-ec0c7711e529"}
  Rendering layout layouts/application.html.erb
  Rendering presenca/inicializar_ponto/inicializar_ponto.html.erb within layouts/application
  Rendered presenca/inicializar_ponto/inicializar_ponto.html.erb within layouts/application (Duration: 0.9ms | GC: 0.0ms)
  Rendered layout layouts/application.html.erb (Duration: 9.1ms | GC: 1.4ms)
Completed 200 OK in 11ms (Views: 10.7ms | ActiveRecord: 0.0ms (0 queries, 0 cached) | GC: 2.0ms)


Started GET "/presenca/PontoDePresenca" for 127.0.0.1 at 2026-07-23 16:58:19 -0300
Processing by Presenca::PontoDePresencaController#show as HTML
  [1m[36mTimeRecord Load (0.8ms)[0m  [1m[34mSELECT "time_records".* FROM "time_records" WHERE "time_records"."user_id" = 1 AND "time_records"."punched_at" BETWEEN '2026-07-23 03:00:00' AND '2026-07-24 02:59:59.999999' ORDER BY "time_records"."punched_at" DESC, "time_records"."created_at" DESC LIMIT 1 /*action='show',application='ApiPonto',controller='ponto_de_presenca'*/[0m
  ↳ app/models/time_record.rb:13:in 'TimeRecord.last_today'
  Rendering layout layouts/application.html.erb
  Rendering presenca/ponto_de_presenca/index.html.erb within layouts/application
  [1m[36mUser Load (0.9ms)[0m  [1m[34mSELECT "users".* FROM "users" WHERE "users"."id" = 1 LIMIT 1 /*action='show',application='ApiPonto',controller='ponto_de_presenca'*/[0m
  ↳ app/views/presenca/ponto_de_presenca/index.html.erb:17
  [1m[36mTimeRecord Load (0.7ms)[0m  [1m[34mSELECT "time_records".* FROM "time_records" WHERE "time_records"."punched_at" BETWEEN '2026-07-23 03:00:00' AND '2026-07-24 02:59:59.999999' ORDER BY "time_records"."punched_at" ASC /*action='show',application='ApiPonto',controller='ponto_de_presenca'*/[0m
  ↳ app/views/presenca/ponto_de_presenca/index.html.erb:44
  Rendered presenca/ponto_de_presenca/index.html.erb within layouts/application (Duration: 35.3ms | GC: 17.4ms)
  Rendered layout layouts/application.html.erb (Duration: 54.4ms | GC: 27.2ms)
Completed 200 OK in 71ms (Views: 57.2ms | ActiveRecord: 2.3ms (3 queries, 0 cached) | GC: 32.9ms)


Started GET "/time_records" for 127.0.0.1 at 2026-07-23 16:58:31 -0300
Processing by Admin::TimeRecordsController#index as HTML
  [1m[36mUser Load (0.7ms)[0m  [1m[34mSELECT "users".* FROM "users" WHERE "users"."id" = 3 LIMIT 1 /*action='index',application='ApiPonto',controller='time_records'*/[0m
  ↳ app/controllers/admin/application_controller.rb:17:in 'Admin::ApplicationController#current_user'
  [1m[36mTimeRecord Count (0.6ms)[0m  [1m[34mSELECT COUNT(*) FROM "time_records" /*action='index',application='ApiPonto',controller='time_records'*/[0m
  ↳ app/controllers/admin/time_records_controller.rb:22:in 'Admin::TimeRecordsController#index'
  Rendering layout layouts/admin.html.erb
  Rendering admin/time_records/index.html.erb within layouts/admin
  [1m[36mUser Load (0.6ms)[0m  [1m[34mSELECT "users".* FROM "users" ORDER BY "users"."nome_completo" ASC /*action='index',application='ApiPonto',controller='time_records'*/[0m
  ↳ app/views/admin/time_records/index.html.erb:19
  [1m[36mTimeRecord Load (0.4ms)[0m  [1m[34mSELECT "time_records".* FROM "time_records" ORDER BY "time_records"."punched_at" DESC LIMIT 50 /*action='index',application='ApiPonto',controller='time_records'*/[0m
  ↳ app/views/admin/time_records/index.html.erb:44
  [1m[36mUser Load (0.6ms)[0m  [1m[34mSELECT "users".* FROM "users" WHERE "users"."id" IN (1, 2) /*action='index',application='ApiPonto',controller='time_records'*/[0m
  ↳ app/views/admin/time_records/index.html.erb:44
  Rendered admin/time_records/index.html.erb within layouts/admin (Duration: 17.9ms | GC: 0.6ms)
  Rendered layout layouts/admin.html.erb (Duration: 19.5ms | GC: 0.6ms)
Completed 200 OK in 29ms (Views: 19.6ms | ActiveRecord: 2.7ms (5 queries, 0 cached) | GC: 1.1ms)


Started GET "/" for 127.0.0.1 at 2026-07-23 16:58:53 -0300
Processing by Admin::DashboardController#index as HTML
  [1m[36mUser Load (1.0ms)[0m  [1m[34mSELECT "users".* FROM "users" WHERE "users"."id" = 3 LIMIT 1 /*action='index',application='ApiPonto',controller='dashboard'*/[0m
  ↳ app/controllers/admin/application_controller.rb:17:in 'Admin::ApplicationController#current_user'
  [1m[36mUser Count (0.4ms)[0m  [1m[34mSELECT COUNT(*) FROM "users" /*action='index',application='ApiPonto',controller='dashboard'*/[0m
  ↳ app/controllers/admin/dashboard_controller.rb:4:in 'Admin::DashboardController#index'
  [1m[36mUser Count (0.5ms)[0m  [1m[34mSELECT COUNT(*) FROM "users" WHERE "users"."status" = 1 /*action='index',application='ApiPonto',controller='dashboard'*/[0m
  ↳ app/controllers/admin/dashboard_controller.rb:5:in 'Admin::DashboardController#index'
  [1m[36mUser Count (0.4ms)[0m  [1m[34mSELECT COUNT(*) FROM "users" WHERE "users"."digitais_hash" IS NOT NULL /*action='index',application='ApiPonto',controller='dashboard'*/[0m
  ↳ app/controllers/admin/dashboard_controller.rb:7:in 'Admin::DashboardController#index'
  [1m[36mTimeRecord Count (0.5ms)[0m  [1m[34mSELECT COUNT(*) FROM "time_records" WHERE (punched_at >= '2026-07-23 03:00:00') /*action='index',application='ApiPonto',controller='dashboard'*/[0m
  ↳ app/controllers/admin/dashboard_controller.rb:10:in 'Admin::DashboardController#index'
  [1m[36mTimeRecord Count (1.4ms)[0m  [1m[34mSELECT COUNT(*) FROM "time_records" WHERE (punched_at >= '2026-07-16 19:58:53.908674') /*action='index',application='ApiPonto',controller='dashboard'*/[0m
  ↳ app/controllers/admin/dashboard_controller.rb:11:in 'Admin::DashboardController#index'
  [1m[36mTimeRecord Count (0.4ms)[0m  [1m[34mSELECT COUNT(*) FROM "time_records" WHERE (punched_at >= '2026-06-23 19:58:53.912958') /*action='index',application='ApiPonto',controller='dashboard'*/[0m
  ↳ app/controllers/admin/dashboard_controller.rb:12:in 'Admin::DashboardController#index'
  Rendering layout layouts/admin.html.erb
  Rendering admin/dashboard/index.html.erb within layouts/admin
  [1m[36mTimeRecord Load (0.4ms)[0m  [1m[34mSELECT "time_records".* FROM "time_records" ORDER BY "time_records"."created_at" DESC LIMIT 10 /*action='index',application='ApiPonto',controller='dashboard'*/[0m
  ↳ app/views/admin/dashboard/index.html.erb:86
  [1m[36mUser Load (0.4ms)[0m  [1m[34mSELECT "users".* FROM "users" WHERE "users"."id" = 1 /*action='index',application='ApiPonto',controller='dashboard'*/[0m
  ↳ app/views/admin/dashboard/index.html.erb:86
  Rendered admin/dashboard/index.html.erb within layouts/admin (Duration: 10.3ms | GC: 0.6ms)
  Rendered layout layouts/admin.html.erb (Duration: 11.6ms | GC: 0.6ms)
Completed 200 OK in 39ms (Views: 11.7ms | ActiveRecord: 5.2ms (9 queries, 0 cached) | GC: 0.6ms)


Started GET "/time_records" for 127.0.0.1 at 2026-07-23 16:58:55 -0300
Processing by Admin::TimeRecordsController#index as HTML
  [1m[36mUser Load (1.3ms)[0m  [1m[34mSELECT "users".* FROM "users" WHERE "users"."id" = 3 LIMIT 1 /*action='index',application='ApiPonto',controller='time_records'*/[0m
  ↳ app/controllers/admin/application_controller.rb:17:in 'Admin::ApplicationController#current_user'
  [1m[36mTimeRecord Count (0.7ms)[0m  [1m[34mSELECT COUNT(*) FROM "time_records" /*action='index',application='ApiPonto',controller='time_records'*/[0m
  ↳ app/controllers/admin/time_records_controller.rb:22:in 'Admin::TimeRecordsController#index'
  Rendering layout layouts/admin.html.erb
  Rendering admin/time_records/index.html.erb within layouts/admin
  [1m[36mUser Load (0.7ms)[0m  [1m[34mSELECT "users".* FROM "users" ORDER BY "users"."nome_completo" ASC /*action='index',application='ApiPonto',controller='time_records'*/[0m
  ↳ app/views/admin/time_records/index.html.erb:19
  [1m[36mTimeRecord Load (0.6ms)[0m  [1m[34mSELECT "time_records".* FROM "time_records" ORDER BY "time_records"."punched_at" DESC LIMIT 50 /*action='index',application='ApiPonto',controller='time_records'*/[0m
  ↳ app/views/admin/time_records/index.html.erb:44
  [1m[36mUser Load (0.6ms)[0m  [1m[34mSELECT "users".* FROM "users" WHERE "users"."id" IN (1, 2) /*action='index',application='ApiPonto',controller='time_records'*/[0m
  ↳ app/views/admin/time_records/index.html.erb:44
  Rendered admin/time_records/index.html.erb within layouts/admin (Duration: 16.3ms | GC: 0.7ms)
  Rendered layout layouts/admin.html.erb (Duration: 17.7ms | GC: 0.7ms)
Completed 200 OK in 26ms (Views: 16.6ms | ActiveRecord: 3.9ms (5 queries, 0 cached) | GC: 0.7ms)


Started POST "/presenca/ajax/SincronizarRegistrosPonto" for 127.0.0.1 at 2026-07-23 16:59:01 -0300
Processing by Presenca::SincronizarRegistrosPontoController#create as HTML
  Parameters: {"registros" => "1-23:07:2026:19:59:01", "codAtivacao" => "poc-ativacao-001"}
  [1m[36mUser Load (0.5ms)[0m  [1m[34mSELECT "users".* FROM "users" WHERE "users"."id" = 1 LIMIT 1 /*action='create',application='ApiPonto',controller='sincronizar_registros_ponto'*/[0m
  ↳ app/controllers/presenca/sincronizar_registros_ponto_controller.rb:38:in 'block in Presenca::SincronizarRegistrosPontoController#create'
  [1m[36mTimeRecord Load (0.4ms)[0m  [1m[34mSELECT "time_records".* FROM "time_records" WHERE "time_records"."user_id" = 1 AND "time_records"."punched_at" BETWEEN '2026-07-23 03:00:00' AND '2026-07-24 02:59:59.999999' ORDER BY "time_records"."punched_at" DESC, "time_records"."created_at" DESC LIMIT 1 /*action='create',application='ApiPonto',controller='sincronizar_registros_ponto'*/[0m
  ↳ app/models/time_record.rb:13:in 'TimeRecord.last_today'
  [1m[36mCACHE User Load (0.0ms)[0m  [1m[34mSELECT "users".* FROM "users" WHERE "users"."id" = 1 LIMIT 1[0m
  ↳ app/controllers/presenca/sincronizar_registros_ponto_controller.rb:62:in 'block in Presenca::SincronizarRegistrosPontoController#create'
  [1m[36mTRANSACTION (0.3ms)[0m  [1m[35mBEGIN /*action='create',application='ApiPonto',controller='sincronizar_registros_ponto'*/[0m
  ↳ app/controllers/presenca/sincronizar_registros_ponto_controller.rb:62:in 'block in Presenca::SincronizarRegistrosPontoController#create'
  [1m[36mTimeRecord Create (3.3ms)[0m  [1m[32mINSERT INTO "time_records" ("user_id", "raw_data", "punched_at", "authentication_mode", "created_at", "updated_at", "punch_type", "punch_type_explicit") VALUES (1, '1-23:07:2026:19:59:01', '2026-07-23 19:59:01', 'biometric', '2026-07-23 19:59:01.231506', '2026-07-23 19:59:01.231506', 'exit', FALSE) RETURNING "id" /*action='create',application='ApiPonto',controller='sincronizar_registros_ponto'*/[0m
  ↳ app/controllers/presenca/sincronizar_registros_ponto_controller.rb:62:in 'block in Presenca::SincronizarRegistrosPontoController#create'
  [1m[36mTRANSACTION (4.5ms)[0m  [1m[35mCOMMIT /*action='create',application='ApiPonto',controller='sincronizar_registros_ponto'*/[0m
  ↳ app/controllers/presenca/sincronizar_registros_ponto_controller.rb:62:in 'block in Presenca::SincronizarRegistrosPontoController#create'
Completed 200 OK in 26ms (Views: 0.2ms | ActiveRecord: 9.0ms (4 queries, 1 cached) | GC: 2.5ms)


Started GET "/presenca/PontoDePresenca" for 127.0.0.1 at 2026-07-23 16:59:02 -0300
Processing by Presenca::PontoDePresencaController#show as HTML
  [1m[36mTimeRecord Load (0.6ms)[0m  [1m[34mSELECT "time_records".* FROM "time_records" WHERE "time_records"."user_id" = 1 AND "time_records"."punched_at" BETWEEN '2026-07-23 03:00:00' AND '2026-07-24 02:59:59.999999' ORDER BY "time_records"."punched_at" DESC, "time_records"."created_at" DESC LIMIT 1 /*action='show',application='ApiPonto',controller='ponto_de_presenca'*/[0m
  ↳ app/models/time_record.rb:13:in 'TimeRecord.last_today'
  Rendering layout layouts/application.html.erb
  Rendering presenca/ponto_de_presenca/index.html.erb within layouts/application
  [1m[36mUser Load (0.5ms)[0m  [1m[34mSELECT "users".* FROM "users" WHERE "users"."id" = 1 LIMIT 1 /*action='show',application='ApiPonto',controller='ponto_de_presenca'*/[0m
  ↳ app/views/presenca/ponto_de_presenca/index.html.erb:17
  [1m[36mTimeRecord Load (0.4ms)[0m  [1m[34mSELECT "time_records".* FROM "time_records" WHERE "time_records"."punched_at" BETWEEN '2026-07-23 03:00:00' AND '2026-07-24 02:59:59.999999' ORDER BY "time_records"."punched_at" ASC /*action='show',application='ApiPonto',controller='ponto_de_presenca'*/[0m
  ↳ app/views/presenca/ponto_de_presenca/index.html.erb:44
  Rendered presenca/ponto_de_presenca/index.html.erb within layouts/application (Duration: 8.4ms | GC: 0.0ms)
  Rendered layout layouts/application.html.erb (Duration: 11.1ms | GC: 0.0ms)
Completed 200 OK in 16ms (Views: 10.9ms | ActiveRecord: 1.5ms (3 queries, 0 cached) | GC: 0.0ms)


Started GET "/time_records" for 127.0.0.1 at 2026-07-23 16:59:13 -0300
Processing by Admin::TimeRecordsController#index as HTML
  [1m[36mUser Load (0.6ms)[0m  [1m[34mSELECT "users".* FROM "users" WHERE "users"."id" = 3 LIMIT 1 /*action='index',application='ApiPonto',controller='time_records'*/[0m
  ↳ app/controllers/admin/application_controller.rb:17:in 'Admin::ApplicationController#current_user'
  [1m[36mTimeRecord Count (1.3ms)[0m  [1m[34mSELECT COUNT(*) FROM "time_records" /*action='index',application='ApiPonto',controller='time_records'*/[0m
  ↳ app/controllers/admin/time_records_controller.rb:22:in 'Admin::TimeRecordsController#index'
  Rendering layout layouts/admin.html.erb
  Rendering admin/time_records/index.html.erb within layouts/admin
  [1m[36mUser Load (0.5ms)[0m  [1m[34mSELECT "users".* FROM "users" ORDER BY "users"."nome_completo" ASC /*action='index',application='ApiPonto',controller='time_records'*/[0m
  ↳ app/views/admin/time_records/index.html.erb:19
  [1m[36mTimeRecord Load (0.8ms)[0m  [1m[34mSELECT "time_records".* FROM "time_records" ORDER BY "time_records"."punched_at" DESC LIMIT 50 /*action='index',application='ApiPonto',controller='time_records'*/[0m
  ↳ app/views/admin/time_records/index.html.erb:44
  [1m[36mUser Load (0.5ms)[0m  [1m[34mSELECT "users".* FROM "users" WHERE "users"."id" IN (1, 2) /*action='index',application='ApiPonto',controller='time_records'*/[0m
  ↳ app/views/admin/time_records/index.html.erb:44
  Rendered admin/time_records/index.html.erb within layouts/admin (Duration: 19.9ms | GC: 0.0ms)
  Rendered layout layouts/admin.html.erb (Duration: 21.3ms | GC: 0.0ms)
Completed 200 OK in 29ms (Views: 20.2ms | ActiveRecord: 3.6ms (5 queries, 0 cached) | GC: 0.0ms)


Started POST "/presenca/ajax/SincronizarRegistrosPonto" for 127.0.0.1 at 2026-07-23 17:00:15 -0300
Processing by Presenca::SincronizarRegistrosPontoController#create as HTML
  Parameters: {"registros" => "1-23:07:2026:20:00:15", "codAtivacao" => "poc-ativacao-001"}
  [1m[36mUser Load (0.5ms)[0m  [1m[34mSELECT "users".* FROM "users" WHERE "users"."id" = 1 LIMIT 1 /*action='create',application='ApiPonto',controller='sincronizar_registros_ponto'*/[0m
  ↳ app/controllers/presenca/sincronizar_registros_ponto_controller.rb:38:in 'block in Presenca::SincronizarRegistrosPontoController#create'
  [1m[36mTimeRecord Load (0.7ms)[0m  [1m[34mSELECT "time_records".* FROM "time_records" WHERE "time_records"."user_id" = 1 AND "time_records"."punched_at" BETWEEN '2026-07-23 03:00:00' AND '2026-07-24 02:59:59.999999' ORDER BY "time_records"."punched_at" DESC, "time_records"."created_at" DESC LIMIT 1 /*action='create',application='ApiPonto',controller='sincronizar_registros_ponto'*/[0m
  ↳ app/models/time_record.rb:13:in 'TimeRecord.last_today'
  [1m[36mCACHE User Load (0.3ms)[0m  [1m[34mSELECT "users".* FROM "users" WHERE "users"."id" = 1 LIMIT 1[0m
  ↳ app/controllers/presenca/sincronizar_registros_ponto_controller.rb:62:in 'block in Presenca::SincronizarRegistrosPontoController#create'
  [1m[36mTRANSACTION (0.2ms)[0m  [1m[35mBEGIN /*action='create',application='ApiPonto',controller='sincronizar_registros_ponto'*/[0m
  ↳ app/controllers/presenca/sincronizar_registros_ponto_controller.rb:62:in 'block in Presenca::SincronizarRegistrosPontoController#create'
  [1m[36mTimeRecord Create (2.6ms)[0m  [1m[32mINSERT INTO "time_records" ("user_id", "raw_data", "punched_at", "authentication_mode", "created_at", "updated_at", "punch_type", "punch_type_explicit") VALUES (1, '1-23:07:2026:20:00:15', '2026-07-23 20:00:15', 'biometric', '2026-07-23 20:00:15.654173', '2026-07-23 20:00:15.654173', 'entry', FALSE) RETURNING "id" /*action='create',application='ApiPonto',controller='sincronizar_registros_ponto'*/[0m
  ↳ app/controllers/presenca/sincronizar_registros_ponto_controller.rb:62:in 'block in Presenca::SincronizarRegistrosPontoController#create'
  [1m[36mTRANSACTION (2.9ms)[0m  [1m[35mCOMMIT /*action='create',application='ApiPonto',controller='sincronizar_registros_ponto'*/[0m
  ↳ app/controllers/presenca/sincronizar_registros_ponto_controller.rb:62:in 'block in Presenca::SincronizarRegistrosPontoController#create'
Completed 200 OK in 24ms (Views: 0.1ms | ActiveRecord: 7.0ms (4 queries, 1 cached) | GC: 0.0ms)


Started GET "/presenca/PontoDePresenca" for 127.0.0.1 at 2026-07-23 17:00:16 -0300
Processing by Presenca::PontoDePresencaController#show as HTML
  [1m[36mTimeRecord Load (0.5ms)[0m  [1m[34mSELECT "time_records".* FROM "time_records" WHERE "time_records"."user_id" = 1 AND "time_records"."punched_at" BETWEEN '2026-07-23 03:00:00' AND '2026-07-24 02:59:59.999999' ORDER BY "time_records"."punched_at" DESC, "time_records"."created_at" DESC LIMIT 1 /*action='show',application='ApiPonto',controller='ponto_de_presenca'*/[0m
  ↳ app/models/time_record.rb:13:in 'TimeRecord.last_today'
  Rendering layout layouts/application.html.erb
  Rendering presenca/ponto_de_presenca/index.html.erb within layouts/application
  [1m[36mUser Load (0.3ms)[0m  [1m[34mSELECT "users".* FROM "users" WHERE "users"."id" = 1 LIMIT 1 /*action='show',application='ApiPonto',controller='ponto_de_presenca'*/[0m
  ↳ app/views/presenca/ponto_de_presenca/index.html.erb:17
  [1m[36mTimeRecord Load (0.4ms)[0m  [1m[34mSELECT "time_records".* FROM "time_records" WHERE "time_records"."punched_at" BETWEEN '2026-07-23 03:00:00' AND '2026-07-24 02:59:59.999999' ORDER BY "time_records"."punched_at" ASC /*action='show',application='ApiPonto',controller='ponto_de_presenca'*/[0m
  ↳ app/views/presenca/ponto_de_presenca/index.html.erb:44
  Rendered presenca/ponto_de_presenca/index.html.erb within layouts/application (Duration: 5.8ms | GC: 0.0ms)
  Rendered layout layouts/application.html.erb (Duration: 7.4ms | GC: 0.0ms)
Completed 200 OK in 12ms (Views: 7.2ms | ActiveRecord: 1.2ms (3 queries, 0 cached) | GC: 0.0ms)


Started GET "/time_records" for 127.0.0.1 at 2026-07-23 17:00:23 -0300
Processing by Admin::TimeRecordsController#index as HTML
  [1m[36mUser Load (0.6ms)[0m  [1m[34mSELECT "users".* FROM "users" WHERE "users"."id" = 3 LIMIT 1 /*action='index',application='ApiPonto',controller='time_records'*/[0m
  ↳ app/controllers/admin/application_controller.rb:17:in 'Admin::ApplicationController#current_user'
  [1m[36mTimeRecord Count (0.4ms)[0m  [1m[34mSELECT COUNT(*) FROM "time_records" /*action='index',application='ApiPonto',controller='time_records'*/[0m
  ↳ app/controllers/admin/time_records_controller.rb:22:in 'Admin::TimeRecordsController#index'
  Rendering layout layouts/admin.html.erb
  Rendering admin/time_records/index.html.erb within layouts/admin
  [1m[36mUser Load (0.4ms)[0m  [1m[34mSELECT "users".* FROM "users" ORDER BY "users"."nome_completo" ASC /*action='index',application='ApiPonto',controller='time_records'*/[0m
  ↳ app/views/admin/time_records/index.html.erb:19
  [1m[36mTimeRecord Load (0.5ms)[0m  [1m[34mSELECT "time_records".* FROM "time_records" ORDER BY "time_records"."punched_at" DESC LIMIT 50 /*action='index',application='ApiPonto',controller='time_records'*/[0m
  ↳ app/views/admin/time_records/index.html.erb:44
  [1m[36mUser Load (0.5ms)[0m  [1m[34mSELECT "users".* FROM "users" WHERE "users"."id" IN (1, 2) /*action='index',application='ApiPonto',controller='time_records'*/[0m
  ↳ app/views/admin/time_records/index.html.erb:44
  Rendered admin/time_records/index.html.erb within layouts/admin (Duration: 15.7ms | GC: 1.1ms)
  Rendered layout layouts/admin.html.erb (Duration: 16.8ms | GC: 1.1ms)
Completed 200 OK in 24ms (Views: 16.0ms | ActiveRecord: 2.3ms (5 queries, 0 cached) | GC: 1.1ms)


Started GET "/time_records" for 127.0.0.1 at 2026-07-23 17:05:59 -0300
Processing by Admin::TimeRecordsController#index as HTML
  [1m[36mUser Load (0.6ms)[0m  [1m[34mSELECT "users".* FROM "users" WHERE "users"."id" = 3 LIMIT 1 /*action='index',application='ApiPonto',controller='time_records'*/[0m
  ↳ app/controllers/admin/application_controller.rb:17:in 'Admin::ApplicationController#current_user'
  [1m[36mTimeRecord Count (0.5ms)[0m  [1m[34mSELECT COUNT(*) FROM "time_records" /*action='index',application='ApiPonto',controller='time_records'*/[0m
  ↳ app/controllers/admin/time_records_controller.rb:22:in 'Admin::TimeRecordsController#index'
  Rendering layout layouts/admin.html.erb
  Rendering admin/time_records/index.html.erb within layouts/admin
  [1m[36mUser Load (0.4ms)[0m  [1m[34mSELECT "users".* FROM "users" ORDER BY "users"."nome_completo" ASC /*action='index',application='ApiPonto',controller='time_records'*/[0m
  ↳ app/views/admin/time_records/index.html.erb:19
  [1m[36mTimeRecord Load (0.4ms)[0m  [1m[34mSELECT "time_records".* FROM "time_records" ORDER BY "time_records"."punched_at" DESC LIMIT 50 /*action='index',application='ApiPonto',controller='time_records'*/[0m
  ↳ app/views/admin/time_records/index.html.erb:44
  [1m[36mUser Load (0.4ms)[0m  [1m[34mSELECT "users".* FROM "users" WHERE "users"."id" IN (1, 2) /*action='index',application='ApiPonto',controller='time_records'*/[0m
  ↳ app/views/admin/time_records/index.html.erb:44
  Rendered admin/time_records/index.html.erb within layouts/admin (Duration: 17.0ms | GC: 0.6ms)
  Rendered layout layouts/admin.html.erb (Duration: 19.2ms | GC: 0.6ms)
Completed 200 OK in 27ms (Views: 18.9ms | ActiveRecord: 2.2ms (5 queries, 0 cached) | GC: 0.6ms)


Started GET "/" for 127.0.0.1 at 2026-07-23 17:06:53 -0300
Processing by Admin::DashboardController#index as HTML
  [1m[36mUser Load (0.6ms)[0m  [1m[34mSELECT "users".* FROM "users" WHERE "users"."id" = 3 LIMIT 1 /*action='index',application='ApiPonto',controller='dashboard'*/[0m
  ↳ app/controllers/admin/application_controller.rb:17:in 'Admin::ApplicationController#current_user'
  [1m[36mUser Count (0.4ms)[0m  [1m[34mSELECT COUNT(*) FROM "users" /*action='index',application='ApiPonto',controller='dashboard'*/[0m
  ↳ app/controllers/admin/dashboard_controller.rb:4:in 'Admin::DashboardController#index'
  [1m[36mUser Count (0.5ms)[0m  [1m[34mSELECT COUNT(*) FROM "users" WHERE "users"."status" = 1 /*action='index',application='ApiPonto',controller='dashboard'*/[0m
  ↳ app/controllers/admin/dashboard_controller.rb:5:in 'Admin::DashboardController#index'
  [1m[36mUser Count (2.5ms)[0m  [1m[34mSELECT COUNT(*) FROM "users" WHERE "users"."digitais_hash" IS NOT NULL /*action='index',application='ApiPonto',controller='dashboard'*/[0m
  ↳ app/controllers/admin/dashboard_controller.rb:7:in 'Admin::DashboardController#index'
  [1m[36mTimeRecord Count (3.2ms)[0m  [1m[34mSELECT COUNT(*) FROM "time_records" WHERE (punched_at >= '2026-07-23 03:00:00') /*action='index',application='ApiPonto',controller='dashboard'*/[0m
  ↳ app/controllers/admin/dashboard_controller.rb:10:in 'Admin::DashboardController#index'
  [1m[36mTimeRecord Count (0.6ms)[0m  [1m[34mSELECT COUNT(*) FROM "time_records" WHERE (punched_at >= '2026-07-16 20:06:53.568642') /*action='index',application='ApiPonto',controller='dashboard'*/[0m
  ↳ app/controllers/admin/dashboard_controller.rb:11:in 'Admin::DashboardController#index'
  [1m[36mTimeRecord Count (0.5ms)[0m  [1m[34mSELECT COUNT(*) FROM "time_records" WHERE (punched_at >= '2026-06-23 20:06:53.575499') /*action='index',application='ApiPonto',controller='dashboard'*/[0m
  ↳ app/controllers/admin/dashboard_controller.rb:12:in 'Admin::DashboardController#index'
  Rendering layout layouts/admin.html.erb
  Rendering admin/dashboard/index.html.erb within layouts/admin
  [1m[36mTimeRecord Load (0.7ms)[0m  [1m[34mSELECT "time_records".* FROM "time_records" ORDER BY "time_records"."created_at" DESC LIMIT 10 /*action='index',application='ApiPonto',controller='dashboard'*/[0m
  ↳ app/views/admin/dashboard/index.html.erb:86
  [1m[36mUser Load (0.7ms)[0m  [1m[34mSELECT "users".* FROM "users" WHERE "users"."id" = 1 /*action='index',application='ApiPonto',controller='dashboard'*/[0m
  ↳ app/views/admin/dashboard/index.html.erb:86
  Rendered admin/dashboard/index.html.erb within layouts/admin (Duration: 10.6ms | GC: 0.0ms)
  Rendered layout layouts/admin.html.erb (Duration: 11.8ms | GC: 0.0ms)
Completed 200 OK in 60ms (Views: 11.1ms | ActiveRecord: 8.5ms (9 queries, 0 cached) | GC: 0.6ms)


Started GET "/time_records" for 127.0.0.1 at 2026-07-23 17:07:01 -0300
Processing by Admin::TimeRecordsController#index as HTML
  [1m[36mUser Load (0.7ms)[0m  [1m[34mSELECT "users".* FROM "users" WHERE "users"."id" = 3 LIMIT 1 /*action='index',application='ApiPonto',controller='time_records'*/[0m
  ↳ app/controllers/admin/application_controller.rb:17:in 'Admin::ApplicationController#current_user'
  [1m[36mTimeRecord Count (0.5ms)[0m  [1m[34mSELECT COUNT(*) FROM "time_records" /*action='index',application='ApiPonto',controller='time_records'*/[0m
  ↳ app/controllers/admin/time_records_controller.rb:22:in 'Admin::TimeRecordsController#index'
  Rendering layout layouts/admin.html.erb
  Rendering admin/time_records/index.html.erb within layouts/admin
  [1m[36mUser Load (0.8ms)[0m  [1m[34mSELECT "users".* FROM "users" ORDER BY "users"."nome_completo" ASC /*action='index',application='ApiPonto',controller='time_records'*/[0m
  ↳ app/views/admin/time_records/index.html.erb:19
  [1m[36mTimeRecord Load (0.5ms)[0m  [1m[34mSELECT "time_records".* FROM "time_records" ORDER BY "time_records"."punched_at" DESC LIMIT 50 /*action='index',application='ApiPonto',controller='time_records'*/[0m
  ↳ app/views/admin/time_records/index.html.erb:44
  [1m[36mUser Load (0.5ms)[0m  [1m[34mSELECT "users".* FROM "users" WHERE "users"."id" IN (1, 2) /*action='index',application='ApiPonto',controller='time_records'*/[0m
  ↳ app/views/admin/time_records/index.html.erb:44
  Rendered admin/time_records/index.html.erb within layouts/admin (Duration: 15.3ms | GC: 0.1ms)
  Rendered layout layouts/admin.html.erb (Duration: 16.7ms | GC: 0.1ms)
Completed 200 OK in 23ms (Views: 15.6ms | ActiveRecord: 2.9ms (5 queries, 0 cached) | GC: 0.2ms)


Started GET "/time_records" for 127.0.0.1 at 2026-07-23 17:10:00 -0300
Processing by Admin::TimeRecordsController#index as HTML
  [1m[36mUser Load (0.3ms)[0m  [1m[34mSELECT "users".* FROM "users" WHERE "users"."id" = 3 LIMIT 1 /*action='index',application='ApiPonto',controller='time_records'*/[0m
  ↳ app/controllers/admin/application_controller.rb:17:in 'Admin::ApplicationController#current_user'
  [1m[36mTimeRecord Count (0.3ms)[0m  [1m[34mSELECT COUNT(*) FROM "time_records" /*action='index',application='ApiPonto',controller='time_records'*/[0m
  ↳ app/controllers/admin/time_records_controller.rb:26:in 'Admin::TimeRecordsController#index'
  Rendering layout layouts/admin.html.erb
  Rendering admin/time_records/index.html.erb within layouts/admin
  [1m[36mUser Load (0.6ms)[0m  [1m[34mSELECT "users".* FROM "users" ORDER BY "users"."nome_completo" ASC /*action='index',application='ApiPonto',controller='time_records'*/[0m
  ↳ app/views/admin/time_records/index.html.erb:23
  [1m[36mTimeRecord Load (0.5ms)[0m  [1m[34mSELECT "time_records".* FROM "time_records" ORDER BY "time_records"."punched_at" DESC LIMIT 50 /*action='index',application='ApiPonto',controller='time_records'*/[0m
  ↳ app/views/admin/time_records/index.html.erb:48
  [1m[36mUser Load (0.9ms)[0m  [1m[34mSELECT "users".* FROM "users" WHERE "users"."id" IN (1, 2) /*action='index',application='ApiPonto',controller='time_records'*/[0m
  ↳ app/views/admin/time_records/index.html.erb:48
  Rendered admin/time_records/index.html.erb within layouts/admin (Duration: 41.5ms | GC: 18.1ms)
  Rendered layout layouts/admin.html.erb (Duration: 43.1ms | GC: 18.1ms)
Completed 200 OK in 69ms (Views: 41.6ms | ActiveRecord: 10.8ms (5 queries, 0 cached) | GC: 18.8ms)


Started GET "/time_records?id=1&start_date=&end_date=&user_id=&commit=Filtrar" for 127.0.0.1 at 2026-07-23 17:10:11 -0300
Processing by Admin::TimeRecordsController#index as HTML
  Parameters: {"id" => "1", "start_date" => "", "end_date" => "", "user_id" => "", "commit" => "Filtrar"}
  [1m[36mUser Load (0.8ms)[0m  [1m[34mSELECT "users".* FROM "users" WHERE "users"."id" = 3 LIMIT 1 /*action='index',application='ApiPonto',controller='time_records'*/[0m
  ↳ app/controllers/admin/application_controller.rb:17:in 'Admin::ApplicationController#current_user'
  [1m[36mTimeRecord Count (1.3ms)[0m  [1m[34mSELECT COUNT(*) FROM "time_records" WHERE "time_records"."id" = 1 /*action='index',application='ApiPonto',controller='time_records'*/[0m
  ↳ app/controllers/admin/time_records_controller.rb:26:in 'Admin::TimeRecordsController#index'
  Rendering layout layouts/admin.html.erb
  Rendering admin/time_records/index.html.erb within layouts/admin
  [1m[36mUser Load (0.4ms)[0m  [1m[34mSELECT "users".* FROM "users" ORDER BY "users"."nome_completo" ASC /*action='index',application='ApiPonto',controller='time_records'*/[0m
  ↳ app/views/admin/time_records/index.html.erb:23
  [1m[36mTimeRecord Load (0.5ms)[0m  [1m[34mSELECT "time_records".* FROM "time_records" WHERE "time_records"."id" = 1 ORDER BY "time_records"."punched_at" DESC LIMIT 50 /*action='index',application='ApiPonto',controller='time_records'*/[0m
  ↳ app/views/admin/time_records/index.html.erb:48
  [1m[36mUser Load (0.5ms)[0m  [1m[34mSELECT "users".* FROM "users" WHERE "users"."id" = 1 /*action='index',application='ApiPonto',controller='time_records'*/[0m
  ↳ app/views/admin/time_records/index.html.erb:48
  Rendered admin/time_records/index.html.erb within layouts/admin (Duration: 13.7ms | GC: 0.7ms)
  Rendered layout layouts/admin.html.erb (Duration: 15.3ms | GC: 0.7ms)
Completed 200 OK in 29ms (Views: 14.7ms | ActiveRecord: 3.4ms (5 queries, 0 cached) | GC: 0.7ms)


Started GET "/time_records?id=1&start_date=&end_date=&user_id=&commit=Filtrar" for 127.0.0.1 at 2026-07-23 17:11:31 -0300
Processing by Admin::TimeRecordsController#index as HTML
  Parameters: {"id" => "1", "start_date" => "", "end_date" => "", "user_id" => "", "commit" => "Filtrar"}
  [1m[36mUser Load (0.6ms)[0m  [1m[34mSELECT "users".* FROM "users" WHERE "users"."id" = 3 LIMIT 1 /*action='index',application='ApiPonto',controller='time_records'*/[0m
  ↳ app/controllers/admin/application_controller.rb:17:in 'Admin::ApplicationController#current_user'
  [1m[36mTimeRecord Count (0.4ms)[0m  [1m[34mSELECT COUNT(*) FROM "time_records" WHERE "time_records"."id" = 1 /*action='index',application='ApiPonto',controller='time_records'*/[0m
  ↳ app/controllers/admin/time_records_controller.rb:26:in 'Admin::TimeRecordsController#index'
  Rendering layout layouts/admin.html.erb
  Rendering admin/time_records/index.html.erb within layouts/admin
  [1m[36mUser Load (0.5ms)[0m  [1m[34mSELECT "users".* FROM "users" ORDER BY "users"."nome_completo" ASC /*action='index',application='ApiPonto',controller='time_records'*/[0m
  ↳ app/views/admin/time_records/index.html.erb:23
  [1m[36mTimeRecord Load (0.6ms)[0m  [1m[34mSELECT "time_records".* FROM "time_records" WHERE "time_records"."id" = 1 ORDER BY "time_records"."punched_at" DESC LIMIT 50 /*action='index',application='ApiPonto',controller='time_records'*/[0m
  ↳ app/views/admin/time_records/index.html.erb:48
  [1m[36mUser Load (0.6ms)[0m  [1m[34mSELECT "users".* FROM "users" WHERE "users"."id" = 1 /*action='index',application='ApiPonto',controller='time_records'*/[0m
  ↳ app/views/admin/time_records/index.html.erb:48
  Rendered admin/time_records/index.html.erb within layouts/admin (Duration: 11.3ms | GC: 0.0ms)
  Rendered layout layouts/admin.html.erb (Duration: 12.3ms | GC: 0.0ms)
Completed 200 OK in 19ms (Views: 11.2ms | ActiveRecord: 2.5ms (5 queries, 0 cached) | GC: 0.5ms)


Started GET "/time_records?id=&start_date=&end_date=&user_id=&commit=Filtrar" for 127.0.0.1 at 2026-07-23 17:11:35 -0300
Processing by Admin::TimeRecordsController#index as HTML
  Parameters: {"id" => "", "start_date" => "", "end_date" => "", "user_id" => "", "commit" => "Filtrar"}
  [1m[36mUser Load (0.9ms)[0m  [1m[34mSELECT "users".* FROM "users" WHERE "users"."id" = 3 LIMIT 1 /*action='index',application='ApiPonto',controller='time_records'*/[0m
  ↳ app/controllers/admin/application_controller.rb:17:in 'Admin::ApplicationController#current_user'
  [1m[36mTimeRecord Count (0.5ms)[0m  [1m[34mSELECT COUNT(*) FROM "time_records" /*action='index',application='ApiPonto',controller='time_records'*/[0m
  ↳ app/controllers/admin/time_records_controller.rb:26:in 'Admin::TimeRecordsController#index'
  Rendering layout layouts/admin.html.erb
  Rendering admin/time_records/index.html.erb within layouts/admin
  [1m[36mUser Load (0.5ms)[0m  [1m[34mSELECT "users".* FROM "users" ORDER BY "users"."nome_completo" ASC /*action='index',application='ApiPonto',controller='time_records'*/[0m
  ↳ app/views/admin/time_records/index.html.erb:23
  [1m[36mTimeRecord Load (1.2ms)[0m  [1m[34mSELECT "time_records".* FROM "time_records" ORDER BY "time_records"."punched_at" DESC LIMIT 50 /*action='index',application='ApiPonto',controller='time_records'*/[0m
  ↳ app/views/admin/time_records/index.html.erb:48
  [1m[36mUser Load (0.4ms)[0m  [1m[34mSELECT "users".* FROM "users" WHERE "users"."id" IN (1, 2) /*action='index',application='ApiPonto',controller='time_records'*/[0m
  ↳ app/views/admin/time_records/index.html.erb:48
  Rendered admin/time_records/index.html.erb within layouts/admin (Duration: 14.3ms | GC: 0.0ms)
  Rendered layout layouts/admin.html.erb (Duration: 15.4ms | GC: 0.0ms)
Completed 200 OK in 24ms (Views: 14.5ms | ActiveRecord: 2.8ms (5 queries, 0 cached) | GC: 0.4ms)


Started GET "/" for 127.0.0.1 at 2026-07-23 17:11:41 -0300
Processing by Admin::DashboardController#index as HTML
  [1m[36mUser Load (0.6ms)[0m  [1m[34mSELECT "users".* FROM "users" WHERE "users"."id" = 3 LIMIT 1 /*action='index',application='ApiPonto',controller='dashboard'*/[0m
  ↳ app/controllers/admin/application_controller.rb:17:in 'Admin::ApplicationController#current_user'
  [1m[36mUser Count (0.3ms)[0m  [1m[34mSELECT COUNT(*) FROM "users" /*action='index',application='ApiPonto',controller='dashboard'*/[0m
  ↳ app/controllers/admin/dashboard_controller.rb:4:in 'Admin::DashboardController#index'
  [1m[36mUser Count (0.6ms)[0m  [1m[34mSELECT COUNT(*) FROM "users" WHERE "users"."status" = 1 /*action='index',application='ApiPonto',controller='dashboard'*/[0m
  ↳ app/controllers/admin/dashboard_controller.rb:5:in 'Admin::DashboardController#index'
  [1m[36mUser Count (0.5ms)[0m  [1m[34mSELECT COUNT(*) FROM "users" WHERE "users"."digitais_hash" IS NOT NULL /*action='index',application='ApiPonto',controller='dashboard'*/[0m
  ↳ app/controllers/admin/dashboard_controller.rb:7:in 'Admin::DashboardController#index'
  [1m[36mTimeRecord Count (0.4ms)[0m  [1m[34mSELECT COUNT(*) FROM "time_records" WHERE (punched_at >= '2026-07-23 03:00:00') /*action='index',application='ApiPonto',controller='dashboard'*/[0m
  ↳ app/controllers/admin/dashboard_controller.rb:10:in 'Admin::DashboardController#index'
  [1m[36mTimeRecord Count (0.5ms)[0m  [1m[34mSELECT COUNT(*) FROM "time_records" WHERE (punched_at >= '2026-07-16 20:11:41.430327') /*action='index',application='ApiPonto',controller='dashboard'*/[0m
  ↳ app/controllers/admin/dashboard_controller.rb:11:in 'Admin::DashboardController#index'
  [1m[36mTimeRecord Count (0.6ms)[0m  [1m[34mSELECT COUNT(*) FROM "time_records" WHERE (punched_at >= '2026-06-23 20:11:41.433093') /*action='index',application='ApiPonto',controller='dashboard'*/[0m
  ↳ app/controllers/admin/dashboard_controller.rb:12:in 'Admin::DashboardController#index'
  Rendering layout layouts/admin.html.erb
  Rendering admin/dashboard/index.html.erb within layouts/admin
  [1m[36mTimeRecord Load (0.5ms)[0m  [1m[34mSELECT "time_records".* FROM "time_records" ORDER BY "time_records"."created_at" DESC LIMIT 10 /*action='index',application='ApiPonto',controller='dashboard'*/[0m
  ↳ app/views/admin/dashboard/index.html.erb:86
  [1m[36mUser Load (0.4ms)[0m  [1m[34mSELECT "users".* FROM "users" WHERE "users"."id" = 1 /*action='index',application='ApiPonto',controller='dashboard'*/[0m
  ↳ app/views/admin/dashboard/index.html.erb:86
  Rendered admin/dashboard/index.html.erb within layouts/admin (Duration: 9.4ms | GC: 0.9ms)
  Rendered layout layouts/admin.html.erb (Duration: 10.4ms | GC: 0.9ms)
Completed 200 OK in 31ms (Views: 10.3ms | ActiveRecord: 4.2ms (9 queries, 0 cached) | GC: 1.1ms)


Started GET "/time_records" for 127.0.0.1 at 2026-07-23 17:11:56 -0300
Processing by Admin::TimeRecordsController#index as HTML
  [1m[36mUser Load (1.0ms)[0m  [1m[34mSELECT "users".* FROM "users" WHERE "users"."id" = 3 LIMIT 1 /*action='index',application='ApiPonto',controller='time_records'*/[0m
  ↳ app/controllers/admin/application_controller.rb:17:in 'Admin::ApplicationController#current_user'
  [1m[36mTimeRecord Count (0.5ms)[0m  [1m[34mSELECT COUNT(*) FROM "time_records" /*action='index',application='ApiPonto',controller='time_records'*/[0m
  ↳ app/controllers/admin/time_records_controller.rb:26:in 'Admin::TimeRecordsController#index'
  Rendering layout layouts/admin.html.erb
  Rendering admin/time_records/index.html.erb within layouts/admin
  [1m[36mUser Load (0.6ms)[0m  [1m[34mSELECT "users".* FROM "users" ORDER BY "users"."nome_completo" ASC /*action='index',application='ApiPonto',controller='time_records'*/[0m
  ↳ app/views/admin/time_records/index.html.erb:23
  [1m[36mTimeRecord Load (0.6ms)[0m  [1m[34mSELECT "time_records".* FROM "time_records" ORDER BY "time_records"."punched_at" DESC LIMIT 50 /*action='index',application='ApiPonto',controller='time_records'*/[0m
  ↳ app/views/admin/time_records/index.html.erb:48
  [1m[36mUser Load (0.8ms)[0m  [1m[34mSELECT "users".* FROM "users" WHERE "users"."id" IN (1, 2) /*action='index',application='ApiPonto',controller='time_records'*/[0m
  ↳ app/views/admin/time_records/index.html.erb:48
  Rendered admin/time_records/index.html.erb within layouts/admin (Duration: 15.9ms | GC: 0.0ms)
  Rendered layout layouts/admin.html.erb (Duration: 17.0ms | GC: 0.0ms)
Completed 200 OK in 24ms (Views: 15.7ms | ActiveRecord: 3.2ms (5 queries, 0 cached) | GC: 0.0ms)


Started GET "/time_records" for 127.0.0.1 at 2026-07-23 17:14:22 -0300
Processing by Admin::TimeRecordsController#index as HTML
  [1m[36mUser Load (0.6ms)[0m  [1m[34mSELECT "users".* FROM "users" WHERE "users"."id" = 3 LIMIT 1 /*action='index',application='ApiPonto',controller='time_records'*/[0m
  ↳ app/controllers/admin/application_controller.rb:17:in 'Admin::ApplicationController#current_user'
  [1m[36mTimeRecord Count (0.4ms)[0m  [1m[34mSELECT COUNT(*) FROM "time_records" /*action='index',application='ApiPonto',controller='time_records'*/[0m
  ↳ app/controllers/admin/time_records_controller.rb:26:in 'Admin::TimeRecordsController#index'
  Rendering layout layouts/admin.html.erb
  Rendering admin/time_records/index.html.erb within layouts/admin
  [1m[36mUser Load (0.4ms)[0m  [1m[34mSELECT "users".* FROM "users" ORDER BY "users"."nome_completo" ASC /*action='index',application='ApiPonto',controller='time_records'*/[0m
  ↳ app/views/admin/time_records/index.html.erb:23
  [1m[36mTimeRecord Load (0.4ms)[0m  [1m[34mSELECT "time_records".* FROM "time_records" ORDER BY "time_records"."punched_at" DESC LIMIT 50 /*action='index',application='ApiPonto',controller='time_records'*/[0m
  ↳ app/views/admin/time_records/index.html.erb:48
  [1m[36mUser Load (0.4ms)[0m  [1m[34mSELECT "users".* FROM "users" WHERE "users"."id" IN (1, 2) /*action='index',application='ApiPonto',controller='time_records'*/[0m
  ↳ app/views/admin/time_records/index.html.erb:48
  Rendered admin/time_records/index.html.erb within layouts/admin (Duration: 12.4ms | GC: 0.0ms)
  Rendered layout layouts/admin.html.erb (Duration: 13.4ms | GC: 0.0ms)
Completed 200 OK in 21ms (Views: 13.0ms | ActiveRecord: 2.0ms (5 queries, 0 cached) | GC: 0.0ms)


Started GET "/time_records" for 127.0.0.1 at 2026-07-23 17:15:36 -0300
Processing by Admin::TimeRecordsController#index as HTML
  [1m[36mUser Load (0.5ms)[0m  [1m[34mSELECT "users".* FROM "users" WHERE "users"."id" = 3 LIMIT 1 /*action='index',application='ApiPonto',controller='time_records'*/[0m
  ↳ app/controllers/admin/application_controller.rb:17:in 'Admin::ApplicationController#current_user'
  [1m[36mTimeRecord Count (0.4ms)[0m  [1m[34mSELECT COUNT(*) FROM "time_records" /*action='index',application='ApiPonto',controller='time_records'*/[0m
  ↳ app/controllers/admin/time_records_controller.rb:26:in 'Admin::TimeRecordsController#index'
  Rendering layout layouts/admin.html.erb
  Rendering admin/time_records/index.html.erb within layouts/admin
  [1m[36mUser Load (0.4ms)[0m  [1m[34mSELECT "users".* FROM "users" ORDER BY "users"."nome_completo" ASC /*action='index',application='ApiPonto',controller='time_records'*/[0m
  ↳ app/views/admin/time_records/index.html.erb:23
  [1m[36mTimeRecord Load (0.5ms)[0m  [1m[34mSELECT "time_records".* FROM "time_records" ORDER BY "time_records"."punched_at" DESC LIMIT 50 /*action='index',application='ApiPonto',controller='time_records'*/[0m
  ↳ app/views/admin/time_records/index.html.erb:48
  [1m[36mUser Load (0.4ms)[0m  [1m[34mSELECT "users".* FROM "users" WHERE "users"."id" IN (1, 2) /*action='index',application='ApiPonto',controller='time_records'*/[0m
  ↳ app/views/admin/time_records/index.html.erb:48
  Rendered admin/time_records/index.html.erb within layouts/admin (Duration: 23.2ms | GC: 0.3ms)
  Rendered layout layouts/admin.html.erb (Duration: 24.8ms | GC: 0.3ms)
Completed 200 OK in 58ms (Views: 22.6ms | ActiveRecord: 11.5ms (5 queries, 0 cached) | GC: 1.4ms)


Started GET "/time_records?id=16&start_date=&end_date=&user_id=&commit=Filtrar" for 127.0.0.1 at 2026-07-23 17:15:42 -0300
Processing by Admin::TimeRecordsController#index as HTML
  Parameters: {"id" => "16", "start_date" => "", "end_date" => "", "user_id" => "", "commit" => "Filtrar"}
  [1m[36mUser Load (2.6ms)[0m  [1m[34mSELECT "users".* FROM "users" WHERE "users"."id" = 3 LIMIT 1 /*action='index',application='ApiPonto',controller='time_records'*/[0m
  ↳ app/controllers/admin/application_controller.rb:17:in 'Admin::ApplicationController#current_user'
  [1m[36mTimeRecord Count (0.8ms)[0m  [1m[34mSELECT COUNT(*) FROM "time_records" WHERE "time_records"."id" = 16 /*action='index',application='ApiPonto',controller='time_records'*/[0m
  ↳ app/controllers/admin/time_records_controller.rb:26:in 'Admin::TimeRecordsController#index'
  Rendering layout layouts/admin.html.erb
  Rendering admin/time_records/index.html.erb within layouts/admin
  [1m[36mUser Load (0.6ms)[0m  [1m[34mSELECT "users".* FROM "users" ORDER BY "users"."nome_completo" ASC /*action='index',application='ApiPonto',controller='time_records'*/[0m
  ↳ app/views/admin/time_records/index.html.erb:23
  [1m[36mTimeRecord Load (0.5ms)[0m  [1m[34mSELECT "time_records".* FROM "time_records" WHERE "time_records"."id" = 16 ORDER BY "time_records"."punched_at" DESC LIMIT 50 /*action='index',application='ApiPonto',controller='time_records'*/[0m
  ↳ app/views/admin/time_records/index.html.erb:48
  [1m[36mUser Load (0.5ms)[0m  [1m[34mSELECT "users".* FROM "users" WHERE "users"."id" = 1 /*action='index',application='ApiPonto',controller='time_records'*/[0m
  ↳ app/views/admin/time_records/index.html.erb:48
  Rendered admin/time_records/index.html.erb within layouts/admin (Duration: 10.8ms | GC: 0.0ms)
  Rendered layout layouts/admin.html.erb (Duration: 11.9ms | GC: 0.0ms)
Completed 200 OK in 23ms (Views: 10.9ms | ActiveRecord: 4.7ms (5 queries, 0 cached) | GC: 0.0ms)


Started GET "/time_records?id=16&start_date=&end_date=&user_id=5&commit=Filtrar" for 127.0.0.1 at 2026-07-23 17:16:18 -0300
Processing by Admin::TimeRecordsController#index as HTML
  Parameters: {"id" => "16", "start_date" => "", "end_date" => "", "user_id" => "5", "commit" => "Filtrar"}
  [1m[36mUser Load (0.8ms)[0m  [1m[34mSELECT "users".* FROM "users" WHERE "users"."id" = 3 LIMIT 1 /*action='index',application='ApiPonto',controller='time_records'*/[0m
  ↳ app/controllers/admin/application_controller.rb:17:in 'Admin::ApplicationController#current_user'
  [1m[36mUser Load (0.5ms)[0m  [1m[34mSELECT "users".* FROM "users" WHERE "users"."id" = 5 LIMIT 1 /*action='index',application='ApiPonto',controller='time_records'*/[0m
  ↳ app/controllers/admin/time_records_controller.rb:14:in 'Admin::TimeRecordsController#index'
  [1m[36mTimeRecord Count (0.5ms)[0m  [1m[34mSELECT COUNT(*) FROM "time_records" WHERE "time_records"."id" = 16 AND "time_records"."user_id" = 5 /*action='index',application='ApiPonto',controller='time_records'*/[0m
  ↳ app/controllers/admin/time_records_controller.rb:26:in 'Admin::TimeRecordsController#index'
  Rendering layout layouts/admin.html.erb
  Rendering admin/time_records/index.html.erb within layouts/admin
  [1m[36mUser Load (0.5ms)[0m  [1m[34mSELECT "users".* FROM "users" ORDER BY "users"."nome_completo" ASC /*action='index',application='ApiPonto',controller='time_records'*/[0m
  ↳ app/views/admin/time_records/index.html.erb:23
  [1m[36mTimeRecord Load (0.8ms)[0m  [1m[34mSELECT "time_records".* FROM "time_records" WHERE "time_records"."id" = 16 AND "time_records"."user_id" = 5 ORDER BY "time_records"."punched_at" DESC LIMIT 50 /*action='index',application='ApiPonto',controller='time_records'*/[0m
  ↳ app/views/admin/time_records/index.html.erb:48
  Rendered admin/time_records/index.html.erb within layouts/admin (Duration: 10.0ms | GC: 0.0ms)
  Rendered layout layouts/admin.html.erb (Duration: 11.2ms | GC: 0.0ms)
Completed 200 OK in 25ms (Views: 10.6ms | ActiveRecord: 3.2ms (5 queries, 0 cached) | GC: 0.0ms)


Started GET "/" for 127.0.0.1 at 2026-07-23 17:16:29 -0300
Processing by Admin::DashboardController#index as HTML
  [1m[36mUser Load (0.8ms)[0m  [1m[34mSELECT "users".* FROM "users" WHERE "users"."id" = 3 LIMIT 1 /*action='index',application='ApiPonto',controller='dashboard'*/[0m
  ↳ app/controllers/admin/application_controller.rb:17:in 'Admin::ApplicationController#current_user'
  [1m[36mUser Count (0.4ms)[0m  [1m[34mSELECT COUNT(*) FROM "users" /*action='index',application='ApiPonto',controller='dashboard'*/[0m
  ↳ app/controllers/admin/dashboard_controller.rb:4:in 'Admin::DashboardController#index'
  [1m[36mUser Count (0.6ms)[0m  [1m[34mSELECT COUNT(*) FROM "users" WHERE "users"."status" = 1 /*action='index',application='ApiPonto',controller='dashboard'*/[0m
  ↳ app/controllers/admin/dashboard_controller.rb:5:in 'Admin::DashboardController#index'
  [1m[36mUser Count (0.8ms)[0m  [1m[34mSELECT COUNT(*) FROM "users" WHERE "users"."digitais_hash" IS NOT NULL /*action='index',application='ApiPonto',controller='dashboard'*/[0m
  ↳ app/controllers/admin/dashboard_controller.rb:7:in 'Admin::DashboardController#index'
  [1m[36mTimeRecord Count (1.3ms)[0m  [1m[34mSELECT COUNT(*) FROM "time_records" WHERE (punched_at >= '2026-07-23 03:00:00') /*action='index',application='ApiPonto',controller='dashboard'*/[0m
  ↳ app/controllers/admin/dashboard_controller.rb:10:in 'Admin::DashboardController#index'
  [1m[36mTimeRecord Count (0.8ms)[0m  [1m[34mSELECT COUNT(*) FROM "time_records" WHERE (punched_at >= '2026-07-16 20:16:29.175800') /*action='index',application='ApiPonto',controller='dashboard'*/[0m
  ↳ app/controllers/admin/dashboard_controller.rb:11:in 'Admin::DashboardController#index'
  [1m[36mTimeRecord Count (0.6ms)[0m  [1m[34mSELECT COUNT(*) FROM "time_records" WHERE (punched_at >= '2026-06-23 20:16:29.179020') /*action='index',application='ApiPonto',controller='dashboard'*/[0m
  ↳ app/controllers/admin/dashboard_controller.rb:12:in 'Admin::DashboardController#index'
  Rendering layout layouts/admin.html.erb
  Rendering admin/dashboard/index.html.erb within layouts/admin
  [1m[36mTimeRecord Load (0.5ms)[0m  [1m[34mSELECT "time_records".* FROM "time_records" ORDER BY "time_records"."created_at" DESC LIMIT 10 /*action='index',application='ApiPonto',controller='dashboard'*/[0m
  ↳ app/views/admin/dashboard/index.html.erb:86
  [1m[36mUser Load (0.6ms)[0m  [1m[34mSELECT "users".* FROM "users" WHERE "users"."id" = 1 /*action='index',application='ApiPonto',controller='dashboard'*/[0m
  ↳ app/views/admin/dashboard/index.html.erb:86
  Rendered admin/dashboard/index.html.erb within layouts/admin (Duration: 10.2ms | GC: 0.5ms)
  Rendered layout layouts/admin.html.erb (Duration: 11.8ms | GC: 0.5ms)
Completed 200 OK in 39ms (Views: 11.4ms | ActiveRecord: 6.2ms (9 queries, 0 cached) | GC: 1.3ms)


Started GET "/users" for 127.0.0.1 at 2026-07-23 17:16:33 -0300
Processing by Admin::UsersController#index as HTML
  [1m[36mUser Load (0.8ms)[0m  [1m[34mSELECT "users".* FROM "users" WHERE "users"."id" = 3 LIMIT 1 /*action='index',application='ApiPonto',controller='users'*/[0m
  ↳ app/controllers/admin/application_controller.rb:17:in 'Admin::ApplicationController#current_user'
  Rendering layout layouts/admin.html.erb
  Rendering admin/users/index.html.erb within layouts/admin
  [1m[36mUser Load (0.5ms)[0m  [1m[34mSELECT "users".* FROM "users" ORDER BY "users"."nome_completo" ASC /*action='index',application='ApiPonto',controller='users'*/[0m
  ↳ app/views/admin/users/index.html.erb:20
  Rendered admin/users/index.html.erb within layouts/admin (Duration: 7.8ms | GC: 0.0ms)
  Rendered layout layouts/admin.html.erb (Duration: 9.1ms | GC: 0.0ms)
Completed 200 OK in 15ms (Views: 9.4ms | ActiveRecord: 1.3ms (2 queries, 0 cached) | GC: 0.0ms)


Started POST "/users/1" for 127.0.0.1 at 2026-07-23 17:18:53 -0300
  
ActionController::RoutingError (No route matches [POST] "/users/1"):
  
Started GET "/users" for 127.0.0.1 at 2026-07-23 17:20:38 -0300
Processing by Admin::UsersController#index as HTML
  [1m[36mUser Load (0.5ms)[0m  [1m[34mSELECT "users".* FROM "users" WHERE "users"."id" = 3 LIMIT 1 /*action='index',application='ApiPonto',controller='users'*/[0m
  ↳ app/controllers/admin/application_controller.rb:17:in 'Admin::ApplicationController#current_user'
  Rendering layout layouts/admin.html.erb
  Rendering admin/users/index.html.erb within layouts/admin
  [1m[36mUser Load (0.8ms)[0m  [1m[34mSELECT "users".* FROM "users" ORDER BY "users"."nome_completo" ASC /*action='index',application='ApiPonto',controller='users'*/[0m
  ↳ app/views/admin/users/index.html.erb:20
  Rendered admin/users/index.html.erb within layouts/admin (Duration: 7.6ms | GC: 0.0ms)
  Rendered layout layouts/admin.html.erb (Duration: 10.8ms | GC: 0.0ms)
Completed 200 OK in 55ms (Views: 11.3ms | ActiveRecord: 10.0ms (2 queries, 0 cached) | GC: 0.2ms)


Started GET "/users" for 127.0.0.1 at 2026-07-23 17:21:05 -0300
Processing by Admin::UsersController#index as HTML
  [1m[36mUser Load (0.9ms)[0m  [1m[34mSELECT "users".* FROM "users" WHERE "users"."id" = 3 LIMIT 1 /*action='index',application='ApiPonto',controller='users'*/[0m
  ↳ app/controllers/admin/application_controller.rb:17:in 'Admin::ApplicationController#current_user'
  Rendering layout layouts/admin.html.erb
  Rendering admin/users/index.html.erb within layouts/admin
  [1m[36mUser Load (0.8ms)[0m  [1m[34mSELECT "users".* FROM "users" ORDER BY "users"."nome_completo" ASC /*action='index',application='ApiPonto',controller='users'*/[0m
  ↳ app/views/admin/users/index.html.erb:20
  Rendered admin/users/index.html.erb within layouts/admin (Duration: 10.7ms | GC: 0.0ms)
  Rendered layout layouts/admin.html.erb (Duration: 12.6ms | GC: 0.0ms)
Completed 200 OK in 19ms (Views: 12.6ms | ActiveRecord: 1.6ms (2 queries, 0 cached) | GC: 0.0ms)


Started POST "/users/1" for 127.0.0.1 at 2026-07-23 17:21:10 -0300
  
ActionController::RoutingError (No route matches [POST] "/users/1"):
  
Started GET "/users" for 127.0.0.1 at 2026-07-23 17:21:27 -0300
  [1m[36mActiveRecord::SchemaMigration Load (0.7ms)[0m  [1m[34mSELECT "schema_migrations"."version" FROM "schema_migrations" ORDER BY "schema_migrations"."version" ASC /*application='ApiPonto'*/[0m
Processing by Admin::UsersController#index as HTML
  [1m[36mUser Load (1.4ms)[0m  [1m[34mSELECT "users".* FROM "users" WHERE "users"."id" = 3 LIMIT 1 /*action='index',application='ApiPonto',controller='users'*/[0m
  ↳ app/controllers/admin/application_controller.rb:17:in 'Admin::ApplicationController#current_user'
  Rendering layout layouts/admin.html.erb
  Rendering admin/users/index.html.erb within layouts/admin
  [1m[36mUser Load (1.8ms)[0m  [1m[34mSELECT "users".* FROM "users" ORDER BY "users"."nome_completo" ASC /*action='index',application='ApiPonto',controller='users'*/[0m
  ↳ app/views/admin/users/index.html.erb:20
  Rendered admin/users/index.html.erb within layouts/admin (Duration: 12.7ms | GC: 0.0ms)
  Rendered layout layouts/admin.html.erb (Duration: 14.9ms | GC: 0.0ms)
Completed 200 OK in 99ms (Views: 17.1ms | ActiveRecord: 19.7ms (2 queries, 0 cached) | GC: 0.0ms)


Started POST "/users/1" for 127.0.0.1 at 2026-07-23 17:21:31 -0300
  
ActionController::RoutingError (No route matches [POST] "/users/1"):
  
Started GET "/users" for 127.0.0.1 at 2026-07-23 17:24:10 -0300
  [1m[36mActiveRecord::SchemaMigration Load (0.7ms)[0m  [1m[34mSELECT "schema_migrations"."version" FROM "schema_migrations" ORDER BY "schema_migrations"."version" ASC /*application='ApiPonto'*/[0m
Processing by Admin::UsersController#index as HTML
  [1m[36mUser Load (3.7ms)[0m  [1m[34mSELECT "users".* FROM "users" WHERE "users"."id" = 3 LIMIT 1 /*action='index',application='ApiPonto',controller='users'*/[0m
  ↳ app/controllers/admin/application_controller.rb:17:in 'Admin::ApplicationController#current_user'
  Rendering layout layouts/admin.html.erb
  Rendering admin/users/index.html.erb within layouts/admin
  [1m[36mUser Load (0.7ms)[0m  [1m[34mSELECT "users".* FROM "users" ORDER BY "users"."nome_completo" ASC /*action='index',application='ApiPonto',controller='users'*/[0m
  ↳ app/views/admin/users/index.html.erb:20
  Rendered admin/users/index.html.erb within layouts/admin (Duration: 7.9ms | GC: 0.0ms)
  Rendered layout layouts/admin.html.erb (Duration: 10.2ms | GC: 0.0ms)
Completed 200 OK in 102ms (Views: 14.8ms | ActiveRecord: 17.5ms (2 queries, 0 cached) | GC: 0.0ms)


Started POST "/users/1" for 127.0.0.1 at 2026-07-23 17:24:13 -0300
Processing by Admin::UsersController#destroy as HTML
  Parameters: {"authenticity_token" => "[FILTERED]", "id" => "1"}
  [1m[36mUser Load (1.0ms)[0m  [1m[34mSELECT "users".* FROM "users" WHERE "users"."id" = 3 LIMIT 1 /*action='destroy',application='ApiPonto',controller='users'*/[0m
  ↳ app/controllers/admin/application_controller.rb:17:in 'Admin::ApplicationController#current_user'
  [1m[36mUser Load (1.5ms)[0m  [1m[34mSELECT "users".* FROM "users" WHERE "users"."id" = 1 LIMIT 1 /*action='destroy',application='ApiPonto',controller='users'*/[0m
  ↳ app/controllers/admin/users_controller.rb:52:in 'Admin::UsersController#set_user'
  [1m[36mTRANSACTION (0.3ms)[0m  [1m[35mBEGIN /*action='destroy',application='ApiPonto',controller='users'*/[0m
  ↳ app/controllers/admin/users_controller.rb:34:in 'Admin::UsersController#destroy'
  [1m[36mUser Exists? (4.5ms)[0m  [1m[34mSELECT 1 AS one FROM "users" WHERE LOWER("users"."username") = LOWER('usuario.teste') AND "users"."id" != 1 LIMIT 1 /*action='destroy',application='ApiPonto',controller='users'*/[0m
  ↳ app/controllers/admin/users_controller.rb:34:in 'Admin::UsersController#destroy'
  [1m[36mUser Update (0.8ms)[0m  [1m[33mUPDATE "users" SET "status" = 0, "updated_at" = '2026-07-23 20:24:13.822226' WHERE "users"."id" = 1 /*action='destroy',application='ApiPonto',controller='users'*/[0m
  ↳ app/controllers/admin/users_controller.rb:34:in 'Admin::UsersController#destroy'
  [1m[36mTRANSACTION (2.0ms)[0m  [1m[35mCOMMIT /*action='destroy',application='ApiPonto',controller='users'*/[0m
  ↳ app/controllers/admin/users_controller.rb:34:in 'Admin::UsersController#destroy'
Redirected to http://localhost:3000/users
Completed 302 Found in 36ms (ActiveRecord: 13.7ms (4 queries, 0 cached) | GC: 0.0ms)


Started GET "/users" for 127.0.0.1 at 2026-07-23 17:24:13 -0300
Processing by Admin::UsersController#index as HTML
  [1m[36mUser Load (0.4ms)[0m  [1m[34mSELECT "users".* FROM "users" WHERE "users"."id" = 3 LIMIT 1 /*action='index',application='ApiPonto',controller='users'*/[0m
  ↳ app/controllers/admin/application_controller.rb:17:in 'Admin::ApplicationController#current_user'
  Rendering layout layouts/admin.html.erb
  Rendering admin/users/index.html.erb within layouts/admin
  [1m[36mUser Load (0.5ms)[0m  [1m[34mSELECT "users".* FROM "users" ORDER BY "users"."nome_completo" ASC /*action='index',application='ApiPonto',controller='users'*/[0m
  ↳ app/views/admin/users/index.html.erb:20
  Rendered admin/users/index.html.erb within layouts/admin (Duration: 6.2ms | GC: 0.0ms)
  Rendered layout layouts/admin.html.erb (Duration: 7.6ms | GC: 0.0ms)
Completed 200 OK in 12ms (Views: 7.7ms | ActiveRecord: 0.8ms (2 queries, 0 cached) | GC: 0.0ms)


Started POST "/users/1/purge" for 127.0.0.1 at 2026-07-23 17:24:18 -0300
Processing by Admin::UsersController#purge as HTML
  Parameters: {"authenticity_token" => "[FILTERED]", "id" => "1"}
  [1m[36mUser Load (0.9ms)[0m  [1m[34mSELECT "users".* FROM "users" WHERE "users"."id" = 3 LIMIT 1 /*action='purge',application='ApiPonto',controller='users'*/[0m
  ↳ app/controllers/admin/application_controller.rb:17:in 'Admin::ApplicationController#current_user'
  [1m[36mUser Load (0.9ms)[0m  [1m[34mSELECT "users".* FROM "users" WHERE "users"."id" = 1 LIMIT 1 /*action='purge',application='ApiPonto',controller='users'*/[0m
  ↳ app/controllers/admin/users_controller.rb:52:in 'Admin::UsersController#set_user'
  [1m[36mTimeRecord Exists? (2.0ms)[0m  [1m[34mSELECT 1 AS one FROM "time_records" WHERE "time_records"."user_id" = 1 LIMIT 1 /*action='purge',application='ApiPonto',controller='users'*/[0m
  ↳ app/controllers/admin/users_controller.rb:41:in 'Admin::UsersController#purge'
Redirected to http://localhost:3000/users
Completed 302 Found in 34ms (ActiveRecord: 10.4ms (3 queries, 0 cached) | GC: 0.0ms)


Started GET "/users" for 127.0.0.1 at 2026-07-23 17:24:18 -0300
Processing by Admin::UsersController#index as HTML
  [1m[36mUser Load (0.5ms)[0m  [1m[34mSELECT "users".* FROM "users" WHERE "users"."id" = 3 LIMIT 1 /*action='index',application='ApiPonto',controller='users'*/[0m
  ↳ app/controllers/admin/application_controller.rb:17:in 'Admin::ApplicationController#current_user'
  Rendering layout layouts/admin.html.erb
  Rendering admin/users/index.html.erb within layouts/admin
  [1m[36mUser Load (1.1ms)[0m  [1m[34mSELECT "users".* FROM "users" ORDER BY "users"."nome_completo" ASC /*action='index',application='ApiPonto',controller='users'*/[0m
  ↳ app/views/admin/users/index.html.erb:20
  Rendered admin/users/index.html.erb within layouts/admin (Duration: 15.6ms | GC: 5.6ms)
  Rendered layout layouts/admin.html.erb (Duration: 20.6ms | GC: 9.0ms)
Completed 200 OK in 30ms (Views: 20.2ms | ActiveRecord: 1.6ms (2 queries, 0 cached) | GC: 12.8ms)


Started POST "/users/1/purge" for 127.0.0.1 at 2026-07-23 17:24:30 -0300
Processing by Admin::UsersController#purge as HTML
  Parameters: {"authenticity_token" => "[FILTERED]", "id" => "1"}
  [1m[36mUser Load (0.6ms)[0m  [1m[34mSELECT "users".* FROM "users" WHERE "users"."id" = 3 LIMIT 1 /*action='purge',application='ApiPonto',controller='users'*/[0m
  ↳ app/controllers/admin/application_controller.rb:17:in 'Admin::ApplicationController#current_user'
  [1m[36mUser Load (0.5ms)[0m  [1m[34mSELECT "users".* FROM "users" WHERE "users"."id" = 1 LIMIT 1 /*action='purge',application='ApiPonto',controller='users'*/[0m
  ↳ app/controllers/admin/users_controller.rb:52:in 'Admin::UsersController#set_user'
  [1m[36mTimeRecord Exists? (0.6ms)[0m  [1m[34mSELECT 1 AS one FROM "time_records" WHERE "time_records"."user_id" = 1 LIMIT 1 /*action='purge',application='ApiPonto',controller='users'*/[0m
  ↳ app/controllers/admin/users_controller.rb:41:in 'Admin::UsersController#purge'
Redirected to http://localhost:3000/users
Completed 302 Found in 46ms (ActiveRecord: 1.6ms (3 queries, 0 cached) | GC: 31.6ms)


Started GET "/users" for 127.0.0.1 at 2026-07-23 17:24:30 -0300
Processing by Admin::UsersController#index as HTML
  [1m[36mUser Load (2.9ms)[0m  [1m[34mSELECT "users".* FROM "users" WHERE "users"."id" = 3 LIMIT 1 /*action='index',application='ApiPonto',controller='users'*/[0m
  ↳ app/controllers/admin/application_controller.rb:17:in 'Admin::ApplicationController#current_user'
  Rendering layout layouts/admin.html.erb
  Rendering admin/users/index.html.erb within layouts/admin
  [1m[36mUser Load (0.4ms)[0m  [1m[34mSELECT "users".* FROM "users" ORDER BY "users"."nome_completo" ASC /*action='index',application='ApiPonto',controller='users'*/[0m
  ↳ app/views/admin/users/index.html.erb:20
  Rendered admin/users/index.html.erb within layouts/admin (Duration: 4.9ms | GC: 0.0ms)
  Rendered layout layouts/admin.html.erb (Duration: 6.7ms | GC: 0.0ms)
Completed 200 OK in 13ms (Views: 7.0ms | ActiveRecord: 1.9ms (2 queries, 0 cached) | GC: 0.0ms)


Started POST "/users/2" for 127.0.0.1 at 2026-07-23 17:24:40 -0300
Processing by Admin::UsersController#destroy as HTML
  Parameters: {"authenticity_token" => "[FILTERED]", "id" => "2"}
  [1m[36mUser Load (1.0ms)[0m  [1m[34mSELECT "users".* FROM "users" WHERE "users"."id" = 3 LIMIT 1 /*action='destroy',application='ApiPonto',controller='users'*/[0m
  ↳ app/controllers/admin/application_controller.rb:17:in 'Admin::ApplicationController#current_user'
  [1m[36mUser Load (0.6ms)[0m  [1m[34mSELECT "users".* FROM "users" WHERE "users"."id" = 2 LIMIT 1 /*action='destroy',application='ApiPonto',controller='users'*/[0m
  ↳ app/controllers/admin/users_controller.rb:52:in 'Admin::UsersController#set_user'
  [1m[36mTRANSACTION (0.2ms)[0m  [1m[35mBEGIN /*action='destroy',application='ApiPonto',controller='users'*/[0m
  ↳ app/controllers/admin/users_controller.rb:34:in 'Admin::UsersController#destroy'
  [1m[36mUser Exists? (3.9ms)[0m  [1m[34mSELECT 1 AS one FROM "users" WHERE LOWER("users"."username") = LOWER('joao.biometrico') AND "users"."id" != 2 LIMIT 1 /*action='destroy',application='ApiPonto',controller='users'*/[0m
  ↳ app/controllers/admin/users_controller.rb:34:in 'Admin::UsersController#destroy'
  [1m[36mUser Update (0.8ms)[0m  [1m[33mUPDATE "users" SET "status" = 0, "updated_at" = '2026-07-23 20:24:40.541513' WHERE "users"."id" = 2 /*action='destroy',application='ApiPonto',controller='users'*/[0m
  ↳ app/controllers/admin/users_controller.rb:34:in 'Admin::UsersController#destroy'
  [1m[36mTRANSACTION (7.3ms)[0m  [1m[35mCOMMIT /*action='destroy',application='ApiPonto',controller='users'*/[0m
  ↳ app/controllers/admin/users_controller.rb:34:in 'Admin::UsersController#destroy'
Redirected to http://localhost:3000/users
Completed 302 Found in 34ms (ActiveRecord: 13.5ms (4 queries, 0 cached) | GC: 0.0ms)


Started GET "/users" for 127.0.0.1 at 2026-07-23 17:24:40 -0300
Processing by Admin::UsersController#index as HTML
  [1m[36mUser Load (0.4ms)[0m  [1m[34mSELECT "users".* FROM "users" WHERE "users"."id" = 3 LIMIT 1 /*action='index',application='ApiPonto',controller='users'*/[0m
  ↳ app/controllers/admin/application_controller.rb:17:in 'Admin::ApplicationController#current_user'
  Rendering layout layouts/admin.html.erb
  Rendering admin/users/index.html.erb within layouts/admin
  [1m[36mUser Load (0.4ms)[0m  [1m[34mSELECT "users".* FROM "users" ORDER BY "users"."nome_completo" ASC /*action='index',application='ApiPonto',controller='users'*/[0m
  ↳ app/views/admin/users/index.html.erb:20
  Rendered admin/users/index.html.erb within layouts/admin (Duration: 4.9ms | GC: 0.0ms)
  Rendered layout layouts/admin.html.erb (Duration: 6.0ms | GC: 0.0ms)
Completed 200 OK in 10ms (Views: 6.1ms | ActiveRecord: 0.8ms (2 queries, 0 cached) | GC: 0.7ms)


Started POST "/users/2/purge" for 127.0.0.1 at 2026-07-23 17:24:43 -0300
Processing by Admin::UsersController#purge as HTML
  Parameters: {"authenticity_token" => "[FILTERED]", "id" => "2"}
  [1m[36mUser Load (0.6ms)[0m  [1m[34mSELECT "users".* FROM "users" WHERE "users"."id" = 3 LIMIT 1 /*action='purge',application='ApiPonto',controller='users'*/[0m
  ↳ app/controllers/admin/application_controller.rb:17:in 'Admin::ApplicationController#current_user'
  [1m[36mUser Load (0.7ms)[0m  [1m[34mSELECT "users".* FROM "users" WHERE "users"."id" = 2 LIMIT 1 /*action='purge',application='ApiPonto',controller='users'*/[0m
  ↳ app/controllers/admin/users_controller.rb:52:in 'Admin::UsersController#set_user'
  [1m[36mTimeRecord Exists? (0.6ms)[0m  [1m[34mSELECT 1 AS one FROM "time_records" WHERE "time_records"."user_id" = 2 LIMIT 1 /*action='purge',application='ApiPonto',controller='users'*/[0m
  ↳ app/controllers/admin/users_controller.rb:41:in 'Admin::UsersController#purge'
Redirected to http://localhost:3000/users
Completed 302 Found in 12ms (ActiveRecord: 1.7ms (3 queries, 0 cached) | GC: 0.9ms)


Started GET "/users" for 127.0.0.1 at 2026-07-23 17:24:43 -0300
Processing by Admin::UsersController#index as HTML
  [1m[36mUser Load (0.6ms)[0m  [1m[34mSELECT "users".* FROM "users" WHERE "users"."id" = 3 LIMIT 1 /*action='index',application='ApiPonto',controller='users'*/[0m
  ↳ app/controllers/admin/application_controller.rb:17:in 'Admin::ApplicationController#current_user'
  Rendering layout layouts/admin.html.erb
  Rendering admin/users/index.html.erb within layouts/admin
  [1m[36mUser Load (0.4ms)[0m  [1m[34mSELECT "users".* FROM "users" ORDER BY "users"."nome_completo" ASC /*action='index',application='ApiPonto',controller='users'*/[0m
  ↳ app/views/admin/users/index.html.erb:20
  Rendered admin/users/index.html.erb within layouts/admin (Duration: 6.8ms | GC: 0.0ms)
  Rendered layout layouts/admin.html.erb (Duration: 8.0ms | GC: 0.0ms)
Completed 200 OK in 13ms (Views: 8.3ms | ActiveRecord: 0.9ms (2 queries, 0 cached) | GC: 0.0ms)


Started GET "/" for 127.0.0.1 at 2026-07-23 17:24:49 -0300
Processing by Admin::DashboardController#index as HTML
  [1m[36mUser Load (0.6ms)[0m  [1m[34mSELECT "users".* FROM "users" WHERE "users"."id" = 3 LIMIT 1 /*action='index',application='ApiPonto',controller='dashboard'*/[0m
  ↳ app/controllers/admin/application_controller.rb:17:in 'Admin::ApplicationController#current_user'
  [1m[36mUser Count (0.5ms)[0m  [1m[34mSELECT COUNT(*) FROM "users" /*action='index',application='ApiPonto',controller='dashboard'*/[0m
  ↳ app/controllers/admin/dashboard_controller.rb:4:in 'Admin::DashboardController#index'
  [1m[36mUser Count (0.5ms)[0m  [1m[34mSELECT COUNT(*) FROM "users" WHERE "users"."status" = 1 /*action='index',application='ApiPonto',controller='dashboard'*/[0m
  ↳ app/controllers/admin/dashboard_controller.rb:5:in 'Admin::DashboardController#index'
  [1m[36mUser Count (0.4ms)[0m  [1m[34mSELECT COUNT(*) FROM "users" WHERE "users"."digitais_hash" IS NOT NULL /*action='index',application='ApiPonto',controller='dashboard'*/[0m
  ↳ app/controllers/admin/dashboard_controller.rb:7:in 'Admin::DashboardController#index'
  [1m[36mTimeRecord Count (0.9ms)[0m  [1m[34mSELECT COUNT(*) FROM "time_records" WHERE (punched_at >= '2026-07-23 03:00:00') /*action='index',application='ApiPonto',controller='dashboard'*/[0m
  ↳ app/controllers/admin/dashboard_controller.rb:10:in 'Admin::DashboardController#index'
  [1m[36mTimeRecord Count (0.4ms)[0m  [1m[34mSELECT COUNT(*) FROM "time_records" WHERE (punched_at >= '2026-07-16 20:24:49.692399') /*action='index',application='ApiPonto',controller='dashboard'*/[0m
  ↳ app/controllers/admin/dashboard_controller.rb:11:in 'Admin::DashboardController#index'
  [1m[36mTimeRecord Count (0.4ms)[0m  [1m[34mSELECT COUNT(*) FROM "time_records" WHERE (punched_at >= '2026-06-23 20:24:49.694970') /*action='index',application='ApiPonto',controller='dashboard'*/[0m
  ↳ app/controllers/admin/dashboard_controller.rb:12:in 'Admin::DashboardController#index'
  Rendering layout layouts/admin.html.erb
  Rendering admin/dashboard/index.html.erb within layouts/admin
  [1m[36mTimeRecord Load (0.9ms)[0m  [1m[34mSELECT "time_records".* FROM "time_records" ORDER BY "time_records"."created_at" DESC LIMIT 10 /*action='index',application='ApiPonto',controller='dashboard'*/[0m
  ↳ app/views/admin/dashboard/index.html.erb:86
  [1m[36mUser Load (2.6ms)[0m  [1m[34mSELECT "users".* FROM "users" WHERE "users"."id" = 1 /*action='index',application='ApiPonto',controller='dashboard'*/[0m
  ↳ app/views/admin/dashboard/index.html.erb:86
  Rendered admin/dashboard/index.html.erb within layouts/admin (Duration: 51.9ms | GC: 5.2ms)
  Rendered layout layouts/admin.html.erb (Duration: 53.8ms | GC: 5.2ms)
Completed 200 OK in 77ms (Views: 51.3ms | ActiveRecord: 7.0ms (9 queries, 0 cached) | GC: 5.9ms)


Started GET "/time_records" for 127.0.0.1 at 2026-07-23 17:25:02 -0300
Processing by Admin::TimeRecordsController#index as HTML
  [1m[36mUser Load (1.0ms)[0m  [1m[34mSELECT "users".* FROM "users" WHERE "users"."id" = 3 LIMIT 1 /*action='index',application='ApiPonto',controller='time_records'*/[0m
  ↳ app/controllers/admin/application_controller.rb:17:in 'Admin::ApplicationController#current_user'
  [1m[36mTimeRecord Count (0.5ms)[0m  [1m[34mSELECT COUNT(*) FROM "time_records" /*action='index',application='ApiPonto',controller='time_records'*/[0m
  ↳ app/controllers/admin/time_records_controller.rb:26:in 'Admin::TimeRecordsController#index'
  Rendering layout layouts/admin.html.erb
  Rendering admin/time_records/index.html.erb within layouts/admin
  [1m[36mUser Load (0.5ms)[0m  [1m[34mSELECT "users".* FROM "users" ORDER BY "users"."nome_completo" ASC /*action='index',application='ApiPonto',controller='time_records'*/[0m
  ↳ app/views/admin/time_records/index.html.erb:23
  [1m[36mTimeRecord Load (0.5ms)[0m  [1m[34mSELECT "time_records".* FROM "time_records" ORDER BY "time_records"."punched_at" DESC LIMIT 50 /*action='index',application='ApiPonto',controller='time_records'*/[0m
  ↳ app/views/admin/time_records/index.html.erb:48
  [1m[36mUser Load (1.0ms)[0m  [1m[34mSELECT "users".* FROM "users" WHERE "users"."id" IN (1, 2) /*action='index',application='ApiPonto',controller='time_records'*/[0m
  ↳ app/views/admin/time_records/index.html.erb:48
  Rendered admin/time_records/index.html.erb within layouts/admin (Duration: 19.4ms | GC: 0.0ms)
  Rendered layout layouts/admin.html.erb (Duration: 20.8ms | GC: 0.0ms)
Completed 200 OK in 32ms (Views: 19.7ms | ActiveRecord: 3.3ms (5 queries, 0 cached) | GC: 0.0ms)


Started GET "/time_records?id=&start_date=&end_date=&user_id=2&commit=Filtrar" for 127.0.0.1 at 2026-07-23 17:25:13 -0300
Processing by Admin::TimeRecordsController#index as HTML
  Parameters: {"id" => "", "start_date" => "", "end_date" => "", "user_id" => "2", "commit" => "Filtrar"}
  [1m[36mUser Load (0.6ms)[0m  [1m[34mSELECT "users".* FROM "users" WHERE "users"."id" = 3 LIMIT 1 /*action='index',application='ApiPonto',controller='time_records'*/[0m
  ↳ app/controllers/admin/application_controller.rb:17:in 'Admin::ApplicationController#current_user'
  [1m[36mUser Load (1.6ms)[0m  [1m[34mSELECT "users".* FROM "users" WHERE "users"."id" = 2 LIMIT 1 /*action='index',application='ApiPonto',controller='time_records'*/[0m
  ↳ app/controllers/admin/time_records_controller.rb:14:in 'Admin::TimeRecordsController#index'
  [1m[36mTimeRecord Count (0.5ms)[0m  [1m[34mSELECT COUNT(*) FROM "time_records" WHERE "time_records"."user_id" = 2 /*action='index',application='ApiPonto',controller='time_records'*/[0m
  ↳ app/controllers/admin/time_records_controller.rb:26:in 'Admin::TimeRecordsController#index'
  Rendering layout layouts/admin.html.erb
  Rendering admin/time_records/index.html.erb within layouts/admin
  [1m[36mUser Load (0.4ms)[0m  [1m[34mSELECT "users".* FROM "users" ORDER BY "users"."nome_completo" ASC /*action='index',application='ApiPonto',controller='time_records'*/[0m
  ↳ app/views/admin/time_records/index.html.erb:23
  [1m[36mTimeRecord Load (2.5ms)[0m  [1m[34mSELECT "time_records".* FROM "time_records" WHERE "time_records"."user_id" = 2 ORDER BY "time_records"."punched_at" DESC LIMIT 50 /*action='index',application='ApiPonto',controller='time_records'*/[0m
  ↳ app/views/admin/time_records/index.html.erb:48
  [1m[36mUser Load (0.4ms)[0m  [1m[34mSELECT "users".* FROM "users" WHERE "users"."id" = 2 /*action='index',application='ApiPonto',controller='time_records'*/[0m
  ↳ app/views/admin/time_records/index.html.erb:48
  Rendered admin/time_records/index.html.erb within layouts/admin (Duration: 15.4ms | GC: 0.0ms)
  Rendered layout layouts/admin.html.erb (Duration: 17.6ms | GC: 0.0ms)
Completed 200 OK in 30ms (Views: 15.0ms | ActiveRecord: 5.8ms (6 queries, 0 cached) | GC: 0.0ms)


Started GET "/time_records?id=&start_date=&end_date=&user_id=5&commit=Filtrar" for 127.0.0.1 at 2026-07-23 17:25:33 -0300
Processing by Admin::TimeRecordsController#index as HTML
  Parameters: {"id" => "", "start_date" => "", "end_date" => "", "user_id" => "5", "commit" => "Filtrar"}
  [1m[36mUser Load (0.7ms)[0m  [1m[34mSELECT "users".* FROM "users" WHERE "users"."id" = 3 LIMIT 1 /*action='index',application='ApiPonto',controller='time_records'*/[0m
  ↳ app/controllers/admin/application_controller.rb:17:in 'Admin::ApplicationController#current_user'
  [1m[36mUser Load (0.4ms)[0m  [1m[34mSELECT "users".* FROM "users" WHERE "users"."id" = 5 LIMIT 1 /*action='index',application='ApiPonto',controller='time_records'*/[0m
  ↳ app/controllers/admin/time_records_controller.rb:14:in 'Admin::TimeRecordsController#index'
  [1m[36mTimeRecord Count (0.6ms)[0m  [1m[34mSELECT COUNT(*) FROM "time_records" WHERE "time_records"."user_id" = 5 /*action='index',application='ApiPonto',controller='time_records'*/[0m
  ↳ app/controllers/admin/time_records_controller.rb:26:in 'Admin::TimeRecordsController#index'
  Rendering layout layouts/admin.html.erb
  Rendering admin/time_records/index.html.erb within layouts/admin
  [1m[36mUser Load (0.4ms)[0m  [1m[34mSELECT "users".* FROM "users" ORDER BY "users"."nome_completo" ASC /*action='index',application='ApiPonto',controller='time_records'*/[0m
  ↳ app/views/admin/time_records/index.html.erb:23
  [1m[36mTimeRecord Load (0.5ms)[0m  [1m[34mSELECT "time_records".* FROM "time_records" WHERE "time_records"."user_id" = 5 ORDER BY "time_records"."punched_at" DESC LIMIT 50 /*action='index',application='ApiPonto',controller='time_records'*/[0m
  ↳ app/views/admin/time_records/index.html.erb:48
  Rendered admin/time_records/index.html.erb within layouts/admin (Duration: 6.8ms | GC: 0.0ms)
  Rendered layout layouts/admin.html.erb (Duration: 8.7ms | GC: 0.0ms)
Completed 200 OK in 56ms (Views: 45.9ms | ActiveRecord: 2.5ms (5 queries, 0 cached) | GC: 31.3ms)


Started GET "/" for 127.0.0.1 at 2026-07-23 17:25:37 -0300
Processing by Admin::DashboardController#index as HTML
  [1m[36mUser Load (3.6ms)[0m  [1m[34mSELECT "users".* FROM "users" WHERE "users"."id" = 3 LIMIT 1 /*action='index',application='ApiPonto',controller='dashboard'*/[0m
  ↳ app/controllers/admin/application_controller.rb:17:in 'Admin::ApplicationController#current_user'
  [1m[36mUser Count (0.6ms)[0m  [1m[34mSELECT COUNT(*) FROM "users" /*action='index',application='ApiPonto',controller='dashboard'*/[0m
  ↳ app/controllers/admin/dashboard_controller.rb:4:in 'Admin::DashboardController#index'
  [1m[36mUser Count (0.7ms)[0m  [1m[34mSELECT COUNT(*) FROM "users" WHERE "users"."status" = 1 /*action='index',application='ApiPonto',controller='dashboard'*/[0m
  ↳ app/controllers/admin/dashboard_controller.rb:5:in 'Admin::DashboardController#index'
  [1m[36mUser Count (0.6ms)[0m  [1m[34mSELECT COUNT(*) FROM "users" WHERE "users"."digitais_hash" IS NOT NULL /*action='index',application='ApiPonto',controller='dashboard'*/[0m
  ↳ app/controllers/admin/dashboard_controller.rb:7:in 'Admin::DashboardController#index'
  [1m[36mTimeRecord Count (1.6ms)[0m  [1m[34mSELECT COUNT(*) FROM "time_records" WHERE (punched_at >= '2026-07-23 03:00:00') /*action='index',application='ApiPonto',controller='dashboard'*/[0m
  ↳ app/controllers/admin/dashboard_controller.rb:10:in 'Admin::DashboardController#index'
  [1m[36mTimeRecord Count (1.0ms)[0m  [1m[34mSELECT COUNT(*) FROM "time_records" WHERE (punched_at >= '2026-07-16 20:25:37.266361') /*action='index',application='ApiPonto',controller='dashboard'*/[0m
  ↳ app/controllers/admin/dashboard_controller.rb:11:in 'Admin::DashboardController#index'
  [1m[36mTimeRecord Count (0.5ms)[0m  [1m[34mSELECT COUNT(*) FROM "time_records" WHERE (punched_at >= '2026-06-23 20:25:37.270503') /*action='index',application='ApiPonto',controller='dashboard'*/[0m
  ↳ app/controllers/admin/dashboard_controller.rb:12:in 'Admin::DashboardController#index'
  Rendering layout layouts/admin.html.erb
  Rendering admin/dashboard/index.html.erb within layouts/admin
  [1m[36mTimeRecord Load (0.6ms)[0m  [1m[34mSELECT "time_records".* FROM "time_records" ORDER BY "time_records"."created_at" DESC LIMIT 10 /*action='index',application='ApiPonto',controller='dashboard'*/[0m
  ↳ app/views/admin/dashboard/index.html.erb:86
  [1m[36mUser Load (0.5ms)[0m  [1m[34mSELECT "users".* FROM "users" WHERE "users"."id" = 1 /*action='index',application='ApiPonto',controller='dashboard'*/[0m
  ↳ app/views/admin/dashboard/index.html.erb:86
  Rendered admin/dashboard/index.html.erb within layouts/admin (Duration: 11.1ms | GC: 0.0ms)
  Rendered layout layouts/admin.html.erb (Duration: 15.0ms | GC: 0.0ms)
Completed 200 OK in 46ms (Views: 14.8ms | ActiveRecord: 9.4ms (9 queries, 0 cached) | GC: 0.7ms)


Started GET "/users" for 127.0.0.1 at 2026-07-23 17:25:40 -0300
Processing by Admin::UsersController#index as HTML
  [1m[36mUser Load (1.3ms)[0m  [1m[34mSELECT "users".* FROM "users" WHERE "users"."id" = 3 LIMIT 1 /*action='index',application='ApiPonto',controller='users'*/[0m
  ↳ app/controllers/admin/application_controller.rb:17:in 'Admin::ApplicationController#current_user'
  Rendering layout layouts/admin.html.erb
  Rendering admin/users/index.html.erb within layouts/admin
  [1m[36mUser Load (0.6ms)[0m  [1m[34mSELECT "users".* FROM "users" ORDER BY "users"."nome_completo" ASC /*action='index',application='ApiPonto',controller='users'*/[0m
  ↳ app/views/admin/users/index.html.erb:20
  Rendered admin/users/index.html.erb within layouts/admin (Duration: 6.3ms | GC: 0.0ms)
  Rendered layout layouts/admin.html.erb (Duration: 7.7ms | GC: 0.0ms)
Completed 200 OK in 15ms (Views: 7.9ms | ActiveRecord: 1.9ms (2 queries, 0 cached) | GC: 0.0ms)


Started POST "/users/5" for 127.0.0.1 at 2026-07-23 17:25:44 -0300
Processing by Admin::UsersController#destroy as HTML
  Parameters: {"authenticity_token" => "[FILTERED]", "id" => "5"}
  [1m[36mUser Load (1.1ms)[0m  [1m[34mSELECT "users".* FROM "users" WHERE "users"."id" = 3 LIMIT 1 /*action='destroy',application='ApiPonto',controller='users'*/[0m
  ↳ app/controllers/admin/application_controller.rb:17:in 'Admin::ApplicationController#current_user'
  [1m[36mUser Load (0.5ms)[0m  [1m[34mSELECT "users".* FROM "users" WHERE "users"."id" = 5 LIMIT 1 /*action='destroy',application='ApiPonto',controller='users'*/[0m
  ↳ app/controllers/admin/users_controller.rb:52:in 'Admin::UsersController#set_user'
  [1m[36mTRANSACTION (0.7ms)[0m  [1m[35mBEGIN /*action='destroy',application='ApiPonto',controller='users'*/[0m
  ↳ app/controllers/admin/users_controller.rb:34:in 'Admin::UsersController#destroy'
  [1m[36mUser Exists? (4.0ms)[0m  [1m[34mSELECT 1 AS one FROM "users" WHERE LOWER("users"."username") = LOWER('carlos.pereira') AND "users"."id" != 5 LIMIT 1 /*action='destroy',application='ApiPonto',controller='users'*/[0m
  ↳ app/controllers/admin/users_controller.rb:34:in 'Admin::UsersController#destroy'
  [1m[36mUser Update (0.5ms)[0m  [1m[33mUPDATE "users" SET "status" = 0, "updated_at" = '2026-07-23 20:25:44.235989' WHERE "users"."id" = 5 /*action='destroy',application='ApiPonto',controller='users'*/[0m
  ↳ app/controllers/admin/users_controller.rb:34:in 'Admin::UsersController#destroy'
  [1m[36mTRANSACTION (2.1ms)[0m  [1m[35mCOMMIT /*action='destroy',application='ApiPonto',controller='users'*/[0m
  ↳ app/controllers/admin/users_controller.rb:34:in 'Admin::UsersController#destroy'
Redirected to http://localhost:3000/users
Completed 302 Found in 24ms (ActiveRecord: 8.7ms (4 queries, 0 cached) | GC: 0.5ms)


Started GET "/users" for 127.0.0.1 at 2026-07-23 17:25:44 -0300
Processing by Admin::UsersController#index as HTML
  [1m[36mUser Load (1.3ms)[0m  [1m[34mSELECT "users".* FROM "users" WHERE "users"."id" = 3 LIMIT 1 /*action='index',application='ApiPonto',controller='users'*/[0m
  ↳ app/controllers/admin/application_controller.rb:17:in 'Admin::ApplicationController#current_user'
  Rendering layout layouts/admin.html.erb
  Rendering admin/users/index.html.erb within layouts/admin
  [1m[36mUser Load (0.4ms)[0m  [1m[34mSELECT "users".* FROM "users" ORDER BY "users"."nome_completo" ASC /*action='index',application='ApiPonto',controller='users'*/[0m
  ↳ app/views/admin/users/index.html.erb:20
  Rendered admin/users/index.html.erb within layouts/admin (Duration: 5.8ms | GC: 0.0ms)
  Rendered layout layouts/admin.html.erb (Duration: 7.4ms | GC: 0.4ms)
Completed 200 OK in 14ms (Views: 7.9ms | ActiveRecord: 1.6ms (2 queries, 0 cached) | GC: 0.4ms)


Started POST "/users/5/purge" for 127.0.0.1 at 2026-07-23 17:25:48 -0300
Processing by Admin::UsersController#purge as HTML
  Parameters: {"authenticity_token" => "[FILTERED]", "id" => "5"}
  [1m[36mUser Load (2.1ms)[0m  [1m[34mSELECT "users".* FROM "users" WHERE "users"."id" = 3 LIMIT 1 /*action='purge',application='ApiPonto',controller='users'*/[0m
  ↳ app/controllers/admin/application_controller.rb:17:in 'Admin::ApplicationController#current_user'
  [1m[36mUser Load (0.5ms)[0m  [1m[34mSELECT "users".* FROM "users" WHERE "users"."id" = 5 LIMIT 1 /*action='purge',application='ApiPonto',controller='users'*/[0m
  ↳ app/controllers/admin/users_controller.rb:52:in 'Admin::UsersController#set_user'
  [1m[36mTimeRecord Exists? (0.4ms)[0m  [1m[34mSELECT 1 AS one FROM "time_records" WHERE "time_records"."user_id" = 5 LIMIT 1 /*action='purge',application='ApiPonto',controller='users'*/[0m
  ↳ app/controllers/admin/users_controller.rb:41:in 'Admin::UsersController#purge'
  [1m[36mCACHE TimeRecord Exists? (0.2ms)[0m  [1m[34mSELECT 1 AS one FROM "time_records" WHERE "time_records"."user_id" = 5 LIMIT 1[0m
  ↳ app/controllers/admin/users_controller.rb:44:in 'Admin::UsersController#purge'
  [1m[36mTRANSACTION (0.2ms)[0m  [1m[35mBEGIN /*action='purge',application='ApiPonto',controller='users'*/[0m
  ↳ app/controllers/admin/users_controller.rb:44:in 'Admin::UsersController#purge'
  [1m[36mUser Destroy (3.3ms)[0m  [1m[31mDELETE FROM "users" WHERE "users"."id" = 5 /*action='purge',application='ApiPonto',controller='users'*/[0m
  ↳ app/controllers/admin/users_controller.rb:44:in 'Admin::UsersController#purge'
  [1m[36mTRANSACTION (2.0ms)[0m  [1m[35mCOMMIT /*action='purge',application='ApiPonto',controller='users'*/[0m
  ↳ app/controllers/admin/users_controller.rb:44:in 'Admin::UsersController#purge'
Redirected to http://localhost:3000/users
Completed 302 Found in 25ms (ActiveRecord: 8.6ms (5 queries, 1 cached) | GC: 0.2ms)


Started GET "/users" for 127.0.0.1 at 2026-07-23 17:25:48 -0300
Processing by Admin::UsersController#index as HTML
  [1m[36mUser Load (0.6ms)[0m  [1m[34mSELECT "users".* FROM "users" WHERE "users"."id" = 3 LIMIT 1 /*action='index',application='ApiPonto',controller='users'*/[0m
  ↳ app/controllers/admin/application_controller.rb:17:in 'Admin::ApplicationController#current_user'
  Rendering layout layouts/admin.html.erb
  Rendering admin/users/index.html.erb within layouts/admin
  [1m[36mUser Load (0.4ms)[0m  [1m[34mSELECT "users".* FROM "users" ORDER BY "users"."nome_completo" ASC /*action='index',application='ApiPonto',controller='users'*/[0m
  ↳ app/views/admin/users/index.html.erb:20
  Rendered admin/users/index.html.erb within layouts/admin (Duration: 6.5ms | GC: 0.0ms)
  Rendered layout layouts/admin.html.erb (Duration: 7.8ms | GC: 0.0ms)
Completed 200 OK in 12ms (Views: 8.2ms | ActiveRecord: 0.9ms (2 queries, 0 cached) | GC: 0.0ms)


Started POST "/users/6" for 127.0.0.1 at 2026-07-23 17:25:51 -0300
Processing by Admin::UsersController#destroy as HTML
  Parameters: {"authenticity_token" => "[FILTERED]", "id" => "6"}
  [1m[36mUser Load (1.0ms)[0m  [1m[34mSELECT "users".* FROM "users" WHERE "users"."id" = 3 LIMIT 1 /*action='destroy',application='ApiPonto',controller='users'*/[0m
  ↳ app/controllers/admin/application_controller.rb:17:in 'Admin::ApplicationController#current_user'
  [1m[36mUser Load (0.6ms)[0m  [1m[34mSELECT "users".* FROM "users" WHERE "users"."id" = 6 LIMIT 1 /*action='destroy',application='ApiPonto',controller='users'*/[0m
  ↳ app/controllers/admin/users_controller.rb:52:in 'Admin::UsersController#set_user'
  [1m[36mTRANSACTION (0.2ms)[0m  [1m[35mBEGIN /*action='destroy',application='ApiPonto',controller='users'*/[0m
  ↳ app/controllers/admin/users_controller.rb:34:in 'Admin::UsersController#destroy'
  [1m[36mUser Exists? (4.4ms)[0m  [1m[34mSELECT 1 AS one FROM "users" WHERE LOWER("users"."username") = LOWER('francisca.silva') AND "users"."id" != 6 LIMIT 1 /*action='destroy',application='ApiPonto',controller='users'*/[0m
  ↳ app/controllers/admin/users_controller.rb:34:in 'Admin::UsersController#destroy'
  [1m[36mUser Update (0.6ms)[0m  [1m[33mUPDATE "users" SET "status" = 0, "updated_at" = '2026-07-23 20:25:51.701623' WHERE "users"."id" = 6 /*action='destroy',application='ApiPonto',controller='users'*/[0m
  ↳ app/controllers/admin/users_controller.rb:34:in 'Admin::UsersController#destroy'
  [1m[36mTRANSACTION (2.2ms)[0m  [1m[35mCOMMIT /*action='destroy',application='ApiPonto',controller='users'*/[0m
  ↳ app/controllers/admin/users_controller.rb:34:in 'Admin::UsersController#destroy'
Redirected to http://localhost:3000/users
Completed 302 Found in 24ms (ActiveRecord: 8.8ms (4 queries, 0 cached) | GC: 0.0ms)


Started GET "/users" for 127.0.0.1 at 2026-07-23 17:25:51 -0300
Processing by Admin::UsersController#index as HTML
  [1m[36mUser Load (0.6ms)[0m  [1m[34mSELECT "users".* FROM "users" WHERE "users"."id" = 3 LIMIT 1 /*action='index',application='ApiPonto',controller='users'*/[0m
  ↳ app/controllers/admin/application_controller.rb:17:in 'Admin::ApplicationController#current_user'
  Rendering layout layouts/admin.html.erb
  Rendering admin/users/index.html.erb within layouts/admin
  [1m[36mUser Load (0.5ms)[0m  [1m[34mSELECT "users".* FROM "users" ORDER BY "users"."nome_completo" ASC /*action='index',application='ApiPonto',controller='users'*/[0m
  ↳ app/views/admin/users/index.html.erb:20
  Rendered admin/users/index.html.erb within layouts/admin (Duration: 10.9ms | GC: 0.0ms)
  Rendered layout layouts/admin.html.erb (Duration: 13.7ms | GC: 0.0ms)
Completed 200 OK in 19ms (Views: 14.2ms | ActiveRecord: 1.0ms (2 queries, 0 cached) | GC: 0.0ms)


Started POST "/users/6/purge" for 127.0.0.1 at 2026-07-23 17:25:52 -0300
Processing by Admin::UsersController#purge as HTML
  Parameters: {"authenticity_token" => "[FILTERED]", "id" => "6"}
  [1m[36mUser Load (0.7ms)[0m  [1m[34mSELECT "users".* FROM "users" WHERE "users"."id" = 3 LIMIT 1 /*action='purge',application='ApiPonto',controller='users'*/[0m
  ↳ app/controllers/admin/application_controller.rb:17:in 'Admin::ApplicationController#current_user'
  [1m[36mUser Load (0.5ms)[0m  [1m[34mSELECT "users".* FROM "users" WHERE "users"."id" = 6 LIMIT 1 /*action='purge',application='ApiPonto',controller='users'*/[0m
  ↳ app/controllers/admin/users_controller.rb:52:in 'Admin::UsersController#set_user'
  [1m[36mTimeRecord Exists? (0.5ms)[0m  [1m[34mSELECT 1 AS one FROM "time_records" WHERE "time_records"."user_id" = 6 LIMIT 1 /*action='purge',application='ApiPonto',controller='users'*/[0m
  ↳ app/controllers/admin/users_controller.rb:41:in 'Admin::UsersController#purge'
  [1m[36mCACHE TimeRecord Exists? (0.1ms)[0m  [1m[34mSELECT 1 AS one FROM "time_records" WHERE "time_records"."user_id" = 6 LIMIT 1[0m
  ↳ app/controllers/admin/users_controller.rb:44:in 'Admin::UsersController#purge'
  [1m[36mTRANSACTION (0.2ms)[0m  [1m[35mBEGIN /*action='purge',application='ApiPonto',controller='users'*/[0m
  ↳ app/controllers/admin/users_controller.rb:44:in 'Admin::UsersController#purge'
  [1m[36mUser Destroy (3.7ms)[0m  [1m[31mDELETE FROM "users" WHERE "users"."id" = 6 /*action='purge',application='ApiPonto',controller='users'*/[0m
  ↳ app/controllers/admin/users_controller.rb:44:in 'Admin::UsersController#purge'
  [1m[36mTRANSACTION (2.4ms)[0m  [1m[35mCOMMIT /*action='purge',application='ApiPonto',controller='users'*/[0m
  ↳ app/controllers/admin/users_controller.rb:44:in 'Admin::UsersController#purge'
Redirected to http://localhost:3000/users
Completed 302 Found in 47ms (ActiveRecord: 7.9ms (5 queries, 1 cached) | GC: 21.7ms)


Started GET "/users" for 127.0.0.1 at 2026-07-23 17:25:53 -0300
Processing by Admin::UsersController#index as HTML
  [1m[36mUser Load (0.4ms)[0m  [1m[34mSELECT "users".* FROM "users" WHERE "users"."id" = 3 LIMIT 1 /*action='index',application='ApiPonto',controller='users'*/[0m
  ↳ app/controllers/admin/application_controller.rb:17:in 'Admin::ApplicationController#current_user'
  Rendering layout layouts/admin.html.erb
  Rendering admin/users/index.html.erb within layouts/admin
  [1m[36mUser Load (0.4ms)[0m  [1m[34mSELECT "users".* FROM "users" ORDER BY "users"."nome_completo" ASC /*action='index',application='ApiPonto',controller='users'*/[0m
  ↳ app/views/admin/users/index.html.erb:20
  Rendered admin/users/index.html.erb within layouts/admin (Duration: 5.4ms | GC: 0.0ms)
  Rendered layout layouts/admin.html.erb (Duration: 7.2ms | GC: 0.0ms)
Completed 200 OK in 12ms (Views: 7.6ms | ActiveRecord: 0.8ms (2 queries, 0 cached) | GC: 0.0ms)


Started POST "/users/1/purge" for 127.0.0.1 at 2026-07-23 17:25:59 -0300
Processing by Admin::UsersController#purge as HTML
  Parameters: {"authenticity_token" => "[FILTERED]", "id" => "1"}
  [1m[36mUser Load (0.6ms)[0m  [1m[34mSELECT "users".* FROM "users" WHERE "users"."id" = 3 LIMIT 1 /*action='purge',application='ApiPonto',controller='users'*/[0m
  ↳ app/controllers/admin/application_controller.rb:17:in 'Admin::ApplicationController#current_user'
  [1m[36mUser Load (0.6ms)[0m  [1m[34mSELECT "users".* FROM "users" WHERE "users"."id" = 1 LIMIT 1 /*action='purge',application='ApiPonto',controller='users'*/[0m
  ↳ app/controllers/admin/users_controller.rb:52:in 'Admin::UsersController#set_user'
  [1m[36mTimeRecord Exists? (0.5ms)[0m  [1m[34mSELECT 1 AS one FROM "time_records" WHERE "time_records"."user_id" = 1 LIMIT 1 /*action='purge',application='ApiPonto',controller='users'*/[0m
  ↳ app/controllers/admin/users_controller.rb:41:in 'Admin::UsersController#purge'
Redirected to http://localhost:3000/users
Completed 302 Found in 13ms (ActiveRecord: 1.7ms (3 queries, 0 cached) | GC: 0.0ms)


Started GET "/users" for 127.0.0.1 at 2026-07-23 17:25:59 -0300
Processing by Admin::UsersController#index as HTML
  [1m[36mUser Load (0.6ms)[0m  [1m[34mSELECT "users".* FROM "users" WHERE "users"."id" = 3 LIMIT 1 /*action='index',application='ApiPonto',controller='users'*/[0m
  ↳ app/controllers/admin/application_controller.rb:17:in 'Admin::ApplicationController#current_user'
  Rendering layout layouts/admin.html.erb
  Rendering admin/users/index.html.erb within layouts/admin
  [1m[36mUser Load (2.4ms)[0m  [1m[34mSELECT "users".* FROM "users" ORDER BY "users"."nome_completo" ASC /*action='index',application='ApiPonto',controller='users'*/[0m
  ↳ app/views/admin/users/index.html.erb:20
  Rendered admin/users/index.html.erb within layouts/admin (Duration: 9.8ms | GC: 1.0ms)
  Rendered layout layouts/admin.html.erb (Duration: 11.4ms | GC: 1.0ms)
Completed 200 OK in 17ms (Views: 9.7ms | ActiveRecord: 2.9ms (2 queries, 0 cached) | GC: 1.0ms)


Started POST "/users/4" for 127.0.0.1 at 2026-07-23 17:26:03 -0300
Processing by Admin::UsersController#destroy as HTML
  Parameters: {"authenticity_token" => "[FILTERED]", "id" => "4"}
  [1m[36mUser Load (0.8ms)[0m  [1m[34mSELECT "users".* FROM "users" WHERE "users"."id" = 3 LIMIT 1 /*action='destroy',application='ApiPonto',controller='users'*/[0m
  ↳ app/controllers/admin/application_controller.rb:17:in 'Admin::ApplicationController#current_user'
  [1m[36mUser Load (0.6ms)[0m  [1m[34mSELECT "users".* FROM "users" WHERE "users"."id" = 4 LIMIT 1 /*action='destroy',application='ApiPonto',controller='users'*/[0m
  ↳ app/controllers/admin/users_controller.rb:52:in 'Admin::UsersController#set_user'
  [1m[36mTRANSACTION (0.2ms)[0m  [1m[35mBEGIN /*action='destroy',application='ApiPonto',controller='users'*/[0m
  ↳ app/controllers/admin/users_controller.rb:34:in 'Admin::UsersController#destroy'
  [1m[36mUser Exists? (4.1ms)[0m  [1m[34mSELECT 1 AS one FROM "users" WHERE LOWER("users"."username") = LOWER('maria.santos') AND "users"."id" != 4 LIMIT 1 /*action='destroy',application='ApiPonto',controller='users'*/[0m
  ↳ app/controllers/admin/users_controller.rb:34:in 'Admin::UsersController#destroy'
  [1m[36mUser Update (0.6ms)[0m  [1m[33mUPDATE "users" SET "status" = 0, "updated_at" = '2026-07-23 20:26:03.782927' WHERE "users"."id" = 4 /*action='destroy',application='ApiPonto',controller='users'*/[0m
  ↳ app/controllers/admin/users_controller.rb:34:in 'Admin::UsersController#destroy'
  [1m[36mTRANSACTION (2.4ms)[0m  [1m[35mCOMMIT /*action='destroy',application='ApiPonto',controller='users'*/[0m
  ↳ app/controllers/admin/users_controller.rb:34:in 'Admin::UsersController#destroy'
Redirected to http://localhost:3000/users
Completed 302 Found in 29ms (ActiveRecord: 8.5ms (4 queries, 0 cached) | GC: 0.6ms)


Started GET "/users" for 127.0.0.1 at 2026-07-23 17:26:03 -0300
Processing by Admin::UsersController#index as HTML
  [1m[36mUser Load (0.4ms)[0m  [1m[34mSELECT "users".* FROM "users" WHERE "users"."id" = 3 LIMIT 1 /*action='index',application='ApiPonto',controller='users'*/[0m
  ↳ app/controllers/admin/application_controller.rb:17:in 'Admin::ApplicationController#current_user'
  Rendering layout layouts/admin.html.erb
  Rendering admin/users/index.html.erb within layouts/admin
  [1m[36mUser Load (0.5ms)[0m  [1m[34mSELECT "users".* FROM "users" ORDER BY "users"."nome_completo" ASC /*action='index',application='ApiPonto',controller='users'*/[0m
  ↳ app/views/admin/users/index.html.erb:20
  Rendered admin/users/index.html.erb within layouts/admin (Duration: 4.7ms | GC: 0.0ms)
  Rendered layout layouts/admin.html.erb (Duration: 6.0ms | GC: 0.0ms)
Completed 200 OK in 9ms (Views: 6.0ms | ActiveRecord: 0.8ms (2 queries, 0 cached) | GC: 0.0ms)


Started POST "/users/4/purge" for 127.0.0.1 at 2026-07-23 17:26:05 -0300
Processing by Admin::UsersController#purge as HTML
  Parameters: {"authenticity_token" => "[FILTERED]", "id" => "4"}
  [1m[36mUser Load (0.5ms)[0m  [1m[34mSELECT "users".* FROM "users" WHERE "users"."id" = 3 LIMIT 1 /*action='purge',application='ApiPonto',controller='users'*/[0m
  ↳ app/controllers/admin/application_controller.rb:17:in 'Admin::ApplicationController#current_user'
  [1m[36mUser Load (1.3ms)[0m  [1m[34mSELECT "users".* FROM "users" WHERE "users"."id" = 4 LIMIT 1 /*action='purge',application='ApiPonto',controller='users'*/[0m
  ↳ app/controllers/admin/users_controller.rb:52:in 'Admin::UsersController#set_user'
  [1m[36mTimeRecord Exists? (0.4ms)[0m  [1m[34mSELECT 1 AS one FROM "time_records" WHERE "time_records"."user_id" = 4 LIMIT 1 /*action='purge',application='ApiPonto',controller='users'*/[0m
  ↳ app/controllers/admin/users_controller.rb:41:in 'Admin::UsersController#purge'
  [1m[36mCACHE TimeRecord Exists? (0.3ms)[0m  [1m[34mSELECT 1 AS one FROM "time_records" WHERE "time_records"."user_id" = 4 LIMIT 1[0m
  ↳ app/controllers/admin/users_controller.rb:44:in 'Admin::UsersController#purge'
  [1m[36mTRANSACTION (0.2ms)[0m  [1m[35mBEGIN /*action='purge',application='ApiPonto',controller='users'*/[0m
  ↳ app/controllers/admin/users_controller.rb:44:in 'Admin::UsersController#purge'
  [1m[36mUser Destroy (3.8ms)[0m  [1m[31mDELETE FROM "users" WHERE "users"."id" = 4 /*action='purge',application='ApiPonto',controller='users'*/[0m
  ↳ app/controllers/admin/users_controller.rb:44:in 'Admin::UsersController#purge'
  [1m[36mTRANSACTION (2.7ms)[0m  [1m[35mCOMMIT /*action='purge',application='ApiPonto',controller='users'*/[0m
  ↳ app/controllers/admin/users_controller.rb:44:in 'Admin::UsersController#purge'
Redirected to http://localhost:3000/users
Completed 302 Found in 25ms (ActiveRecord: 9.1ms (5 queries, 1 cached) | GC: 0.0ms)


Started GET "/users" for 127.0.0.1 at 2026-07-23 17:26:05 -0300
Processing by Admin::UsersController#index as HTML
  [1m[36mUser Load (0.6ms)[0m  [1m[34mSELECT "users".* FROM "users" WHERE "users"."id" = 3 LIMIT 1 /*action='index',application='ApiPonto',controller='users'*/[0m
  ↳ app/controllers/admin/application_controller.rb:17:in 'Admin::ApplicationController#current_user'
  Rendering layout layouts/admin.html.erb
  Rendering admin/users/index.html.erb within layouts/admin
  [1m[36mUser Load (0.4ms)[0m  [1m[34mSELECT "users".* FROM "users" ORDER BY "users"."nome_completo" ASC /*action='index',application='ApiPonto',controller='users'*/[0m
  ↳ app/views/admin/users/index.html.erb:20
  Rendered admin/users/index.html.erb within layouts/admin (Duration: 4.9ms | GC: 0.0ms)
  Rendered layout layouts/admin.html.erb (Duration: 6.4ms | GC: 0.0ms)
Completed 200 OK in 11ms (Views: 6.8ms | ActiveRecord: 0.9ms (2 queries, 0 cached) | GC: 0.3ms)


Started GET "/" for 127.0.0.1 at 2026-07-23 17:26:29 -0300
Processing by Admin::DashboardController#index as HTML
  [1m[36mUser Load (0.8ms)[0m  [1m[34mSELECT "users".* FROM "users" WHERE "users"."id" = 3 LIMIT 1 /*action='index',application='ApiPonto',controller='dashboard'*/[0m
  ↳ app/controllers/admin/application_controller.rb:17:in 'Admin::ApplicationController#current_user'
  [1m[36mUser Count (0.3ms)[0m  [1m[34mSELECT COUNT(*) FROM "users" /*action='index',application='ApiPonto',controller='dashboard'*/[0m
  ↳ app/controllers/admin/dashboard_controller.rb:4:in 'Admin::DashboardController#index'
  [1m[36mUser Count (0.6ms)[0m  [1m[34mSELECT COUNT(*) FROM "users" WHERE "users"."status" = 1 /*action='index',application='ApiPonto',controller='dashboard'*/[0m
  ↳ app/controllers/admin/dashboard_controller.rb:5:in 'Admin::DashboardController#index'
  [1m[36mUser Count (0.4ms)[0m  [1m[34mSELECT COUNT(*) FROM "users" WHERE "users"."digitais_hash" IS NOT NULL /*action='index',application='ApiPonto',controller='dashboard'*/[0m
  ↳ app/controllers/admin/dashboard_controller.rb:7:in 'Admin::DashboardController#index'
  [1m[36mTimeRecord Count (0.5ms)[0m  [1m[34mSELECT COUNT(*) FROM "time_records" WHERE (punched_at >= '2026-07-23 03:00:00') /*action='index',application='ApiPonto',controller='dashboard'*/[0m
  ↳ app/controllers/admin/dashboard_controller.rb:10:in 'Admin::DashboardController#index'
  [1m[36mTimeRecord Count (2.3ms)[0m  [1m[34mSELECT COUNT(*) FROM "time_records" WHERE (punched_at >= '2026-07-16 20:26:29.718211') /*action='index',application='ApiPonto',controller='dashboard'*/[0m
  ↳ app/controllers/admin/dashboard_controller.rb:11:in 'Admin::DashboardController#index'
  [1m[36mTimeRecord Count (0.5ms)[0m  [1m[34mSELECT COUNT(*) FROM "time_records" WHERE (punched_at >= '2026-06-23 20:26:29.723919') /*action='index',application='ApiPonto',controller='dashboard'*/[0m
  ↳ app/controllers/admin/dashboard_controller.rb:12:in 'Admin::DashboardController#index'
  Rendering layout layouts/admin.html.erb
  Rendering admin/dashboard/index.html.erb within layouts/admin
  [1m[36mTimeRecord Load (0.7ms)[0m  [1m[34mSELECT "time_records".* FROM "time_records" ORDER BY "time_records"."created_at" DESC LIMIT 10 /*action='index',application='ApiPonto',controller='dashboard'*/[0m
  ↳ app/views/admin/dashboard/index.html.erb:86
  [1m[36mUser Load (0.5ms)[0m  [1m[34mSELECT "users".* FROM "users" WHERE "users"."id" = 1 /*action='index',application='ApiPonto',controller='dashboard'*/[0m
  ↳ app/views/admin/dashboard/index.html.erb:86
  Rendered admin/dashboard/index.html.erb within layouts/admin (Duration: 9.1ms | GC: 0.0ms)
  Rendered layout layouts/admin.html.erb (Duration: 10.3ms | GC: 0.0ms)
Completed 200 OK in 39ms (Views: 10.0ms | ActiveRecord: 6.3ms (9 queries, 0 cached) | GC: 1.3ms)


Started GET "/users" for 127.0.0.1 at 2026-07-23 17:29:07 -0300
Processing by Admin::UsersController#index as HTML
  [1m[36mUser Load (0.8ms)[0m  [1m[34mSELECT "users".* FROM "users" WHERE "users"."id" = 3 LIMIT 1 /*action='index',application='ApiPonto',controller='users'*/[0m
  ↳ app/controllers/admin/application_controller.rb:17:in 'Admin::ApplicationController#current_user'
  Rendering layout layouts/admin.html.erb
  Rendering admin/users/index.html.erb within layouts/admin
  [1m[36mUser Load (0.4ms)[0m  [1m[34mSELECT "users".* FROM "users" ORDER BY "users"."nome_completo" ASC /*action='index',application='ApiPonto',controller='users'*/[0m
  ↳ app/views/admin/users/index.html.erb:20
  Rendered admin/users/index.html.erb within layouts/admin (Duration: 5.2ms | GC: 0.0ms)
  Rendered layout layouts/admin.html.erb (Duration: 6.6ms | GC: 0.0ms)
Completed 200 OK in 12ms (Views: 6.9ms | ActiveRecord: 1.1ms (2 queries, 0 cached) | GC: 0.0ms)


Started GET "/" for 127.0.0.1 at 2026-07-23 17:46:04 -0300
Processing by Admin::DashboardController#index as HTML
  [1m[36mUser Load (24.5ms)[0m  [1m[34mSELECT "users".* FROM "users" WHERE "users"."id" = 3 LIMIT 1 /*action='index',application='ApiPonto',controller='dashboard'*/[0m
  ↳ app/controllers/admin/application_controller.rb:17:in 'Admin::ApplicationController#current_user'
  [1m[36mUser Count (0.6ms)[0m  [1m[34mSELECT COUNT(*) FROM "users" /*action='index',application='ApiPonto',controller='dashboard'*/[0m
  ↳ app/controllers/admin/dashboard_controller.rb:4:in 'Admin::DashboardController#index'
  [1m[36mUser Count (0.5ms)[0m  [1m[34mSELECT COUNT(*) FROM "users" WHERE "users"."status" = 1 /*action='index',application='ApiPonto',controller='dashboard'*/[0m
  ↳ app/controllers/admin/dashboard_controller.rb:5:in 'Admin::DashboardController#index'
  [1m[36mUser Count (0.3ms)[0m  [1m[34mSELECT COUNT(*) FROM "users" WHERE "users"."digitais_hash" IS NOT NULL /*action='index',application='ApiPonto',controller='dashboard'*/[0m
  ↳ app/controllers/admin/dashboard_controller.rb:7:in 'Admin::DashboardController#index'
  [1m[36mTimeRecord Count (1.7ms)[0m  [1m[34mSELECT COUNT(*) FROM "time_records" WHERE (punched_at >= '2026-07-23 03:00:00') /*action='index',application='ApiPonto',controller='dashboard'*/[0m
  ↳ app/controllers/admin/dashboard_controller.rb:10:in 'Admin::DashboardController#index'
  [1m[36mTimeRecord Count (1.0ms)[0m  [1m[34mSELECT COUNT(*) FROM "time_records" WHERE (punched_at >= '2026-07-16 20:46:04.154931') /*action='index',application='ApiPonto',controller='dashboard'*/[0m
  ↳ app/controllers/admin/dashboard_controller.rb:11:in 'Admin::DashboardController#index'
  [1m[36mTimeRecord Count (0.4ms)[0m  [1m[34mSELECT COUNT(*) FROM "time_records" WHERE (punched_at >= '2026-06-23 20:46:04.158461') /*action='index',application='ApiPonto',controller='dashboard'*/[0m
  ↳ app/controllers/admin/dashboard_controller.rb:12:in 'Admin::DashboardController#index'
  Rendering layout layouts/admin.html.erb
  Rendering admin/dashboard/index.html.erb within layouts/admin
  [1m[36mTimeRecord Load (0.7ms)[0m  [1m[34mSELECT "time_records".* FROM "time_records" ORDER BY "time_records"."created_at" DESC LIMIT 10 /*action='index',application='ApiPonto',controller='dashboard'*/[0m
  ↳ app/views/admin/dashboard/index.html.erb:86
  [1m[36mUser Load (1.2ms)[0m  [1m[34mSELECT "users".* FROM "users" WHERE "users"."id" = 1 /*action='index',application='ApiPonto',controller='dashboard'*/[0m
  ↳ app/views/admin/dashboard/index.html.erb:86
  Rendered admin/dashboard/index.html.erb within layouts/admin (Duration: 11.1ms | GC: 0.0ms)
  Rendered layout layouts/admin.html.erb (Duration: 13.0ms | GC: 0.0ms)
Completed 200 OK in 66ms (Views: 12.0ms | ActiveRecord: 43.8ms (9 queries, 0 cached) | GC: 0.0ms)


Started GET "/presenca/CarregaRelogioAtual" for 127.0.0.1 at 2026-07-24 08:58:29 -0300
  [1m[36mActiveRecord::SchemaMigration Load (3.1ms)[0m  [1m[34mSELECT "schema_migrations"."version" FROM "schema_migrations" ORDER BY "schema_migrations"."version" ASC /*application='ApiPonto'*/[0m
Processing by Presenca::CarregaRelogioAtualController#show as HTML
Completed 200 OK in 13ms (Views: 0.3ms | ActiveRecord: 0.0ms (0 queries, 0 cached) | GC: 0.0ms)


Started GET "/presenca/IniciarPonto" for 127.0.0.1 at 2026-07-24 08:58:29 -0300
Processing by Presenca::IniciarPontoController#show as HTML
  [1m[36mTimeRecord Load (7.8ms)[0m  [1m[34mSELECT "time_records".* FROM "time_records" WHERE "time_records"."user_id" = 1 AND "time_records"."punched_at" BETWEEN '2026-07-24 03:00:00' AND '2026-07-25 02:59:59.999999' ORDER BY "time_records"."punched_at" DESC, "time_records"."created_at" DESC LIMIT 1 /*action='show',application='ApiPonto',controller='iniciar_ponto'*/[0m
  ↳ app/models/time_record.rb:13:in 'TimeRecord.last_today'
  Rendering layout layouts/application.html.erb
  Rendering presenca/iniciar_ponto/iniciar_ponto.html.erb within layouts/application
  Rendered presenca/iniciar_ponto/iniciar_ponto.html.erb within layouts/application (Duration: 2.5ms | GC: 0.0ms)
  Rendered layout layouts/application.html.erb (Duration: 15.2ms | GC: 0.0ms)
Completed 200 OK in 148ms (Views: 32.2ms | ActiveRecord: 38.3ms (1 query, 0 cached) | GC: 0.0ms)


Started GET "/presenca/InicializarPonto?codigoAtivacao=SistemaOperacionalNaoSuportado&codigoUnicoMaquina=96e808af-5c67-4548-aafa-c879ec0eda21" for 127.0.0.1 at 2026-07-24 08:58:31 -0300
Processing by Presenca::InicializarPontoController#show as HTML
  Parameters: {"codigoAtivacao" => "SistemaOperacionalNaoSuportado", "codigoUnicoMaquina" => "96e808af-5c67-4548-aafa-c879ec0eda21"}
  Rendering layout layouts/application.html.erb
  Rendering presenca/inicializar_ponto/inicializar_ponto.html.erb within layouts/application
  Rendered presenca/inicializar_ponto/inicializar_ponto.html.erb within layouts/application (Duration: 3.2ms | GC: 0.0ms)
  Rendered layout layouts/application.html.erb (Duration: 7.8ms | GC: 0.0ms)
Completed 200 OK in 12ms (Views: 11.9ms | ActiveRecord: 0.0ms (0 queries, 0 cached) | GC: 0.0ms)


Started GET "/presenca/PontoDePresenca" for 127.0.0.1 at 2026-07-24 08:58:34 -0300
Processing by Presenca::PontoDePresencaController#show as HTML
  [1m[36mTimeRecord Load (1.2ms)[0m  [1m[34mSELECT "time_records".* FROM "time_records" WHERE "time_records"."user_id" = 1 AND "time_records"."punched_at" BETWEEN '2026-07-24 03:00:00' AND '2026-07-25 02:59:59.999999' ORDER BY "time_records"."punched_at" DESC, "time_records"."created_at" DESC LIMIT 1 /*action='show',application='ApiPonto',controller='ponto_de_presenca'*/[0m
  ↳ app/models/time_record.rb:13:in 'TimeRecord.last_today'
  Rendering layout layouts/application.html.erb
  Rendering presenca/ponto_de_presenca/index.html.erb within layouts/application
  [1m[36mTimeRecord Load (3.8ms)[0m  [1m[34mSELECT "time_records".* FROM "time_records" WHERE "time_records"."punched_at" BETWEEN '2026-07-24 03:00:00' AND '2026-07-25 02:59:59.999999' ORDER BY "time_records"."punched_at" ASC /*action='show',application='ApiPonto',controller='ponto_de_presenca'*/[0m
  ↳ app/views/presenca/ponto_de_presenca/index.html.erb:44
  Rendered presenca/ponto_de_presenca/index.html.erb within layouts/application (Duration: 18.8ms | GC: 0.0ms)
  Rendered layout layouts/application.html.erb (Duration: 42.7ms | GC: 0.0ms)
Completed 200 OK in 58ms (Views: 44.4ms | ActiveRecord: 4.9ms (2 queries, 0 cached) | GC: 0.0ms)


Started POST "/presenca/ajax/SincronizarRegistrosPonto" for 127.0.0.1 at 2026-07-24 09:09:51 -0300
Processing by Presenca::SincronizarRegistrosPontoController#create as HTML
  Parameters: {"registros" => "1-24:07:2026:12:09:51", "codAtivacao" => "poc-ativacao-001"}
  [1m[36mUser Load (4.4ms)[0m  [1m[34mSELECT "users".* FROM "users" WHERE "users"."id" = 1 LIMIT 1 /*action='create',application='ApiPonto',controller='sincronizar_registros_ponto'*/[0m
  ↳ app/controllers/presenca/sincronizar_registros_ponto_controller.rb:38:in 'block in Presenca::SincronizarRegistrosPontoController#create'
  [1m[36mTimeRecord Load (1.2ms)[0m  [1m[34mSELECT "time_records".* FROM "time_records" WHERE "time_records"."user_id" = 1 AND "time_records"."punched_at" BETWEEN '2026-07-24 03:00:00' AND '2026-07-25 02:59:59.999999' ORDER BY "time_records"."punched_at" DESC, "time_records"."created_at" DESC LIMIT 1 /*action='create',application='ApiPonto',controller='sincronizar_registros_ponto'*/[0m
  ↳ app/models/time_record.rb:13:in 'TimeRecord.last_today'
  [1m[36mCACHE User Load (0.1ms)[0m  [1m[34mSELECT "users".* FROM "users" WHERE "users"."id" = 1 LIMIT 1[0m
  ↳ app/controllers/presenca/sincronizar_registros_ponto_controller.rb:62:in 'block in Presenca::SincronizarRegistrosPontoController#create'
  [1m[36mTRANSACTION (0.3ms)[0m  [1m[35mBEGIN /*action='create',application='ApiPonto',controller='sincronizar_registros_ponto'*/[0m
  ↳ app/controllers/presenca/sincronizar_registros_ponto_controller.rb:62:in 'block in Presenca::SincronizarRegistrosPontoController#create'
  [1m[36mTimeRecord Create (8.9ms)[0m  [1m[32mINSERT INTO "time_records" ("user_id", "raw_data", "punched_at", "authentication_mode", "created_at", "updated_at", "punch_type", "punch_type_explicit") VALUES (1, '1-24:07:2026:12:09:51', '2026-07-24 12:09:51', 'biometric', '2026-07-24 12:09:51.532959', '2026-07-24 12:09:51.532959', 'entry', FALSE) RETURNING "id" /*action='create',application='ApiPonto',controller='sincronizar_registros_ponto'*/[0m
  ↳ app/controllers/presenca/sincronizar_registros_ponto_controller.rb:62:in 'block in Presenca::SincronizarRegistrosPontoController#create'
  [1m[36mTRANSACTION (2.7ms)[0m  [1m[35mCOMMIT /*action='create',application='ApiPonto',controller='sincronizar_registros_ponto'*/[0m
  ↳ app/controllers/presenca/sincronizar_registros_ponto_controller.rb:62:in 'block in Presenca::SincronizarRegistrosPontoController#create'
Completed 200 OK in 191ms (Views: 0.2ms | ActiveRecord: 47.5ms (4 queries, 1 cached) | GC: 60.2ms)


Started GET "/presenca/PontoDePresenca" for 127.0.0.1 at 2026-07-24 09:09:52 -0300
Processing by Presenca::PontoDePresencaController#show as HTML
  [1m[36mTimeRecord Load (0.9ms)[0m  [1m[34mSELECT "time_records".* FROM "time_records" WHERE "time_records"."user_id" = 1 AND "time_records"."punched_at" BETWEEN '2026-07-24 03:00:00' AND '2026-07-25 02:59:59.999999' ORDER BY "time_records"."punched_at" DESC, "time_records"."created_at" DESC LIMIT 1 /*action='show',application='ApiPonto',controller='ponto_de_presenca'*/[0m
  ↳ app/models/time_record.rb:13:in 'TimeRecord.last_today'
  Rendering layout layouts/application.html.erb
  Rendering presenca/ponto_de_presenca/index.html.erb within layouts/application
  [1m[36mUser Load (0.7ms)[0m  [1m[34mSELECT "users".* FROM "users" WHERE "users"."id" = 1 LIMIT 1 /*action='show',application='ApiPonto',controller='ponto_de_presenca'*/[0m
  ↳ app/views/presenca/ponto_de_presenca/index.html.erb:17
  [1m[36mTimeRecord Load (0.6ms)[0m  [1m[34mSELECT "time_records".* FROM "time_records" WHERE "time_records"."punched_at" BETWEEN '2026-07-24 03:00:00' AND '2026-07-25 02:59:59.999999' ORDER BY "time_records"."punched_at" ASC /*action='show',application='ApiPonto',controller='ponto_de_presenca'*/[0m
  ↳ app/views/presenca/ponto_de_presenca/index.html.erb:44
  Rendered presenca/ponto_de_presenca/index.html.erb within layouts/application (Duration: 9.9ms | GC: 0.0ms)
  Rendered layout layouts/application.html.erb (Duration: 11.8ms | GC: 0.0ms)
Completed 200 OK in 17ms (Views: 11.3ms | ActiveRecord: 2.1ms (3 queries, 0 cached) | GC: 0.0ms)


Started GET "/" for 127.0.0.1 at 2026-07-24 09:10:06 -0300
Processing by Admin::DashboardController#index as HTML
Redirected to http://localhost:3000/login
Filter chain halted as :require_login rendered or redirected
Completed 302 Found in 2ms (ActiveRecord: 0.0ms (0 queries, 0 cached) | GC: 0.0ms)


Started GET "/login" for 127.0.0.1 at 2026-07-24 09:10:07 -0300
Processing by Admin::SessionsController#new as HTML
  Rendering layout layouts/login.html.erb
  Rendering admin/sessions/new.html.erb within layouts/login
  Rendered admin/sessions/new.html.erb within layouts/login (Duration: 7.0ms | GC: 0.8ms)
  Rendered layout layouts/login.html.erb (Duration: 13.1ms | GC: 0.8ms)
Completed 200 OK in 20ms (Views: 19.7ms | ActiveRecord: 0.0ms (0 queries, 0 cached) | GC: 0.8ms)


Started POST "/login" for 127.0.0.1 at 2026-07-24 09:10:10 -0300
Processing by Admin::SessionsController#create as HTML
  Parameters: {"authenticity_token" => "[FILTERED]", "username" => "admin.admin", "password" => "[FILTERED]", "commit" => "Entrar"}
  [1m[36mUser Load (2.3ms)[0m  [1m[34mSELECT "users".* FROM "users" WHERE "users"."username" = 'admin.admin' LIMIT 1 /*action='create',application='ApiPonto',controller='sessions'*/[0m
  ↳ app/controllers/admin/sessions_controller.rb:15:in 'Admin::SessionsController#create'
Redirected to http://localhost:3000/dashboard
Completed 302 Found in 296ms (ActiveRecord: 2.3ms (1 query, 0 cached) | GC: 0.0ms)


Started GET "/dashboard" for 127.0.0.1 at 2026-07-24 09:10:10 -0300
Processing by Admin::DashboardController#index as HTML
  [1m[36mUser Load (0.5ms)[0m  [1m[34mSELECT "users".* FROM "users" WHERE "users"."id" = 3 LIMIT 1 /*action='index',application='ApiPonto',controller='dashboard'*/[0m
  ↳ app/controllers/admin/application_controller.rb:17:in 'Admin::ApplicationController#current_user'
  [1m[36mUser Count (2.3ms)[0m  [1m[34mSELECT COUNT(*) FROM "users" /*action='index',application='ApiPonto',controller='dashboard'*/[0m
  ↳ app/controllers/admin/dashboard_controller.rb:4:in 'Admin::DashboardController#index'
  [1m[36mUser Count (0.4ms)[0m  [1m[34mSELECT COUNT(*) FROM "users" WHERE "users"."status" = 1 /*action='index',application='ApiPonto',controller='dashboard'*/[0m
  ↳ app/controllers/admin/dashboard_controller.rb:5:in 'Admin::DashboardController#index'
  [1m[36mUser Count (0.2ms)[0m  [1m[34mSELECT COUNT(*) FROM "users" WHERE "users"."digitais_hash" IS NOT NULL /*action='index',application='ApiPonto',controller='dashboard'*/[0m
  ↳ app/controllers/admin/dashboard_controller.rb:7:in 'Admin::DashboardController#index'
  [1m[36mTimeRecord Count (0.4ms)[0m  [1m[34mSELECT COUNT(*) FROM "time_records" WHERE (punched_at >= '2026-07-24 03:00:00') /*action='index',application='ApiPonto',controller='dashboard'*/[0m
  ↳ app/controllers/admin/dashboard_controller.rb:10:in 'Admin::DashboardController#index'
  [1m[36mTimeRecord Count (0.5ms)[0m  [1m[34mSELECT COUNT(*) FROM "time_records" WHERE (punched_at >= '2026-07-17 12:10:10.487460') /*action='index',application='ApiPonto',controller='dashboard'*/[0m
  ↳ app/controllers/admin/dashboard_controller.rb:11:in 'Admin::DashboardController#index'
  [1m[36mTimeRecord Count (0.4ms)[0m  [1m[34mSELECT COUNT(*) FROM "time_records" WHERE (punched_at >= '2026-06-24 12:10:10.489819') /*action='index',application='ApiPonto',controller='dashboard'*/[0m
  ↳ app/controllers/admin/dashboard_controller.rb:12:in 'Admin::DashboardController#index'
  Rendering layout layouts/admin.html.erb
  Rendering admin/dashboard/index.html.erb within layouts/admin
  [1m[36mTimeRecord Load (0.4ms)[0m  [1m[34mSELECT "time_records".* FROM "time_records" ORDER BY "time_records"."created_at" DESC LIMIT 10 /*action='index',application='ApiPonto',controller='dashboard'*/[0m
  ↳ app/views/admin/dashboard/index.html.erb:86
  [1m[36mUser Load (0.4ms)[0m  [1m[34mSELECT "users".* FROM "users" WHERE "users"."id" = 1 /*action='index',application='ApiPonto',controller='dashboard'*/[0m
  ↳ app/views/admin/dashboard/index.html.erb:86
  Rendered admin/dashboard/index.html.erb within layouts/admin (Duration: 11.9ms | GC: 0.3ms)
  Rendered layout layouts/admin.html.erb (Duration: 13.8ms | GC: 0.3ms)
Completed 200 OK in 35ms (Views: 14.4ms | ActiveRecord: 5.4ms (9 queries, 0 cached) | GC: 1.1ms)


Started GET "/time_records" for 127.0.0.1 at 2026-07-24 09:10:14 -0300
Processing by Admin::TimeRecordsController#index as HTML
  [1m[36mUser Load (0.9ms)[0m  [1m[34mSELECT "users".* FROM "users" WHERE "users"."id" = 3 LIMIT 1 /*action='index',application='ApiPonto',controller='time_records'*/[0m
  ↳ app/controllers/admin/application_controller.rb:17:in 'Admin::ApplicationController#current_user'
  [1m[36mTimeRecord Count (0.7ms)[0m  [1m[34mSELECT COUNT(*) FROM "time_records" /*action='index',application='ApiPonto',controller='time_records'*/[0m
  ↳ app/controllers/admin/time_records_controller.rb:26:in 'Admin::TimeRecordsController#index'
  Rendering layout layouts/admin.html.erb
  Rendering admin/time_records/index.html.erb within layouts/admin
  [1m[36mUser Load (0.6ms)[0m  [1m[34mSELECT "users".* FROM "users" ORDER BY "users"."nome_completo" ASC /*action='index',application='ApiPonto',controller='time_records'*/[0m
  ↳ app/views/admin/time_records/index.html.erb:23
  [1m[36mTimeRecord Load (0.4ms)[0m  [1m[34mSELECT "time_records".* FROM "time_records" ORDER BY "time_records"."punched_at" DESC LIMIT 50 /*action='index',application='ApiPonto',controller='time_records'*/[0m
  ↳ app/views/admin/time_records/index.html.erb:48
  [1m[36mUser Load (0.7ms)[0m  [1m[34mSELECT "users".* FROM "users" WHERE "users"."id" IN (1, 2) /*action='index',application='ApiPonto',controller='time_records'*/[0m
  ↳ app/views/admin/time_records/index.html.erb:48
  Rendered admin/time_records/index.html.erb within layouts/admin (Duration: 15.7ms | GC: 0.0ms)
  Rendered layout layouts/admin.html.erb (Duration: 16.9ms | GC: 0.0ms)
Completed 200 OK in 26ms (Views: 16.0ms | ActiveRecord: 3.2ms (5 queries, 0 cached) | GC: 0.0ms)


Started GET "/time_records" for 127.0.0.1 at 2026-07-24 09:10:24 -0300
Processing by Admin::TimeRecordsController#index as HTML
  [1m[36mUser Load (0.9ms)[0m  [1m[34mSELECT "users".* FROM "users" WHERE "users"."id" = 3 LIMIT 1 /*action='index',application='ApiPonto',controller='time_records'*/[0m
  ↳ app/controllers/admin/application_controller.rb:17:in 'Admin::ApplicationController#current_user'
  [1m[36mTimeRecord Count (0.5ms)[0m  [1m[34mSELECT COUNT(*) FROM "time_records" /*action='index',application='ApiPonto',controller='time_records'*/[0m
  ↳ app/controllers/admin/time_records_controller.rb:26:in 'Admin::TimeRecordsController#index'
  Rendering layout layouts/admin.html.erb
  Rendering admin/time_records/index.html.erb within layouts/admin
  [1m[36mUser Load (0.6ms)[0m  [1m[34mSELECT "users".* FROM "users" ORDER BY "users"."nome_completo" ASC /*action='index',application='ApiPonto',controller='time_records'*/[0m
  ↳ app/views/admin/time_records/index.html.erb:23
  [1m[36mTimeRecord Load (0.8ms)[0m  [1m[34mSELECT "time_records".* FROM "time_records" ORDER BY "time_records"."punched_at" DESC LIMIT 50 /*action='index',application='ApiPonto',controller='time_records'*/[0m
  ↳ app/views/admin/time_records/index.html.erb:48
  [1m[36mUser Load (0.6ms)[0m  [1m[34mSELECT "users".* FROM "users" WHERE "users"."id" IN (1, 2) /*action='index',application='ApiPonto',controller='time_records'*/[0m
  ↳ app/views/admin/time_records/index.html.erb:48
  Rendered admin/time_records/index.html.erb within layouts/admin (Duration: 16.4ms | GC: 0.0ms)
  Rendered layout layouts/admin.html.erb (Duration: 17.8ms | GC: 0.0ms)
Completed 200 OK in 24ms (Views: 16.4ms | ActiveRecord: 3.3ms (5 queries, 0 cached) | GC: 0.0ms)


Started POST "/presenca/ajax/SincronizarRegistrosPonto" for 127.0.0.1 at 2026-07-24 09:10:41 -0300
Processing by Presenca::SincronizarRegistrosPontoController#create as HTML
  Parameters: {"registros" => "1-24:07:2026:12:10:41", "codAtivacao" => "poc-ativacao-001"}
  [1m[36mUser Load (4.0ms)[0m  [1m[34mSELECT "users".* FROM "users" WHERE "users"."id" = 1 LIMIT 1 /*action='create',application='ApiPonto',controller='sincronizar_registros_ponto'*/[0m
  ↳ app/controllers/presenca/sincronizar_registros_ponto_controller.rb:38:in 'block in Presenca::SincronizarRegistrosPontoController#create'
  [1m[36mTimeRecord Load (2.0ms)[0m  [1m[34mSELECT "time_records".* FROM "time_records" WHERE "time_records"."user_id" = 1 AND "time_records"."punched_at" BETWEEN '2026-07-24 03:00:00' AND '2026-07-25 02:59:59.999999' ORDER BY "time_records"."punched_at" DESC, "time_records"."created_at" DESC LIMIT 1 /*action='create',application='ApiPonto',controller='sincronizar_registros_ponto'*/[0m
  ↳ app/models/time_record.rb:13:in 'TimeRecord.last_today'
  [1m[36mCACHE User Load (0.0ms)[0m  [1m[34mSELECT "users".* FROM "users" WHERE "users"."id" = 1 LIMIT 1[0m
  ↳ app/controllers/presenca/sincronizar_registros_ponto_controller.rb:62:in 'block in Presenca::SincronizarRegistrosPontoController#create'
  [1m[36mTRANSACTION (0.3ms)[0m  [1m[35mBEGIN /*action='create',application='ApiPonto',controller='sincronizar_registros_ponto'*/[0m
  ↳ app/controllers/presenca/sincronizar_registros_ponto_controller.rb:62:in 'block in Presenca::SincronizarRegistrosPontoController#create'
  [1m[36mTimeRecord Create (5.4ms)[0m  [1m[32mINSERT INTO "time_records" ("user_id", "raw_data", "punched_at", "authentication_mode", "created_at", "updated_at", "punch_type", "punch_type_explicit") VALUES (1, '1-24:07:2026:12:10:41', '2026-07-24 12:10:41', 'biometric', '2026-07-24 12:10:41.657001', '2026-07-24 12:10:41.657001', 'exit', FALSE) RETURNING "id" /*action='create',application='ApiPonto',controller='sincronizar_registros_ponto'*/[0m
  ↳ app/controllers/presenca/sincronizar_registros_ponto_controller.rb:62:in 'block in Presenca::SincronizarRegistrosPontoController#create'
  [1m[36mTRANSACTION (2.9ms)[0m  [1m[35mCOMMIT /*action='create',application='ApiPonto',controller='sincronizar_registros_ponto'*/[0m
  ↳ app/controllers/presenca/sincronizar_registros_ponto_controller.rb:62:in 'block in Presenca::SincronizarRegistrosPontoController#create'
Completed 200 OK in 62ms (Views: 0.1ms | ActiveRecord: 14.5ms (4 queries, 1 cached) | GC: 30.5ms)


Started GET "/presenca/PontoDePresenca" for 127.0.0.1 at 2026-07-24 09:10:42 -0300
Processing by Presenca::PontoDePresencaController#show as HTML
  [1m[36mTimeRecord Load (1.1ms)[0m  [1m[34mSELECT "time_records".* FROM "time_records" WHERE "time_records"."user_id" = 1 AND "time_records"."punched_at" BETWEEN '2026-07-24 03:00:00' AND '2026-07-25 02:59:59.999999' ORDER BY "time_records"."punched_at" DESC, "time_records"."created_at" DESC LIMIT 1 /*action='show',application='ApiPonto',controller='ponto_de_presenca'*/[0m
  ↳ app/models/time_record.rb:13:in 'TimeRecord.last_today'
  Rendering layout layouts/application.html.erb
  Rendering presenca/ponto_de_presenca/index.html.erb within layouts/application
  [1m[36mUser Load (0.8ms)[0m  [1m[34mSELECT "users".* FROM "users" WHERE "users"."id" = 1 LIMIT 1 /*action='show',application='ApiPonto',controller='ponto_de_presenca'*/[0m
  ↳ app/views/presenca/ponto_de_presenca/index.html.erb:17
  [1m[36mTimeRecord Load (0.8ms)[0m  [1m[34mSELECT "time_records".* FROM "time_records" WHERE "time_records"."punched_at" BETWEEN '2026-07-24 03:00:00' AND '2026-07-25 02:59:59.999999' ORDER BY "time_records"."punched_at" ASC /*action='show',application='ApiPonto',controller='ponto_de_presenca'*/[0m
  ↳ app/views/presenca/ponto_de_presenca/index.html.erb:44
  Rendered presenca/ponto_de_presenca/index.html.erb within layouts/application (Duration: 6.2ms | GC: 0.0ms)
  Rendered layout layouts/application.html.erb (Duration: 7.8ms | GC: 0.0ms)
Completed 200 OK in 13ms (Views: 6.7ms | ActiveRecord: 2.6ms (3 queries, 0 cached) | GC: 0.0ms)


Started GET "/time_records" for 127.0.0.1 at 2026-07-24 09:10:47 -0300
Processing by Admin::TimeRecordsController#index as HTML
  [1m[36mUser Load (0.7ms)[0m  [1m[34mSELECT "users".* FROM "users" WHERE "users"."id" = 3 LIMIT 1 /*action='index',application='ApiPonto',controller='time_records'*/[0m
  ↳ app/controllers/admin/application_controller.rb:17:in 'Admin::ApplicationController#current_user'
  [1m[36mTimeRecord Count (0.4ms)[0m  [1m[34mSELECT COUNT(*) FROM "time_records" /*action='index',application='ApiPonto',controller='time_records'*/[0m
  ↳ app/controllers/admin/time_records_controller.rb:26:in 'Admin::TimeRecordsController#index'
  Rendering layout layouts/admin.html.erb
  Rendering admin/time_records/index.html.erb within layouts/admin
  [1m[36mUser Load (0.4ms)[0m  [1m[34mSELECT "users".* FROM "users" ORDER BY "users"."nome_completo" ASC /*action='index',application='ApiPonto',controller='time_records'*/[0m
  ↳ app/views/admin/time_records/index.html.erb:23
  [1m[36mTimeRecord Load (0.4ms)[0m  [1m[34mSELECT "time_records".* FROM "time_records" ORDER BY "time_records"."punched_at" DESC LIMIT 50 /*action='index',application='ApiPonto',controller='time_records'*/[0m
  ↳ app/views/admin/time_records/index.html.erb:48
  [1m[36mUser Load (0.7ms)[0m  [1m[34mSELECT "users".* FROM "users" WHERE "users"."id" IN (1, 2) /*action='index',application='ApiPonto',controller='time_records'*/[0m
  ↳ app/views/admin/time_records/index.html.erb:48
  Rendered admin/time_records/index.html.erb within layouts/admin (Duration: 16.5ms | GC: 1.1ms)
  Rendered layout layouts/admin.html.erb (Duration: 17.5ms | GC: 1.1ms)
Completed 200 OK in 24ms (Views: 16.5ms | ActiveRecord: 2.5ms (5 queries, 0 cached) | GC: 1.1ms)


Started GET "/" for 127.0.0.1 at 2026-07-24 09:54:19 -0300
Processing by Admin::DashboardController#index as HTML
  [1m[36mUser Load (21.6ms)[0m  [1m[34mSELECT "users".* FROM "users" WHERE "users"."id" = 3 LIMIT 1 /*action='index',application='ApiPonto',controller='dashboard'*/[0m
  ↳ app/controllers/admin/application_controller.rb:17:in 'Admin::ApplicationController#current_user'
  [1m[36mUser Count (0.4ms)[0m  [1m[34mSELECT COUNT(*) FROM "users" /*action='index',application='ApiPonto',controller='dashboard'*/[0m
  ↳ app/controllers/admin/dashboard_controller.rb:4:in 'Admin::DashboardController#index'
  [1m[36mUser Count (0.5ms)[0m  [1m[34mSELECT COUNT(*) FROM "users" WHERE "users"."status" = 1 /*action='index',application='ApiPonto',controller='dashboard'*/[0m
  ↳ app/controllers/admin/dashboard_controller.rb:5:in 'Admin::DashboardController#index'
  [1m[36mUser Count (0.4ms)[0m  [1m[34mSELECT COUNT(*) FROM "users" WHERE "users"."digitais_hash" IS NOT NULL /*action='index',application='ApiPonto',controller='dashboard'*/[0m
  ↳ app/controllers/admin/dashboard_controller.rb:7:in 'Admin::DashboardController#index'
  [1m[36mTimeRecord Count (1.5ms)[0m  [1m[34mSELECT COUNT(*) FROM "time_records" WHERE (punched_at >= '2026-07-24 03:00:00') /*action='index',application='ApiPonto',controller='dashboard'*/[0m
  ↳ app/controllers/admin/dashboard_controller.rb:10:in 'Admin::DashboardController#index'
  [1m[36mTimeRecord Count (0.7ms)[0m  [1m[34mSELECT COUNT(*) FROM "time_records" WHERE (punched_at >= '2026-07-17 12:54:19.886576') /*action='index',application='ApiPonto',controller='dashboard'*/[0m
  ↳ app/controllers/admin/dashboard_controller.rb:11:in 'Admin::DashboardController#index'
  [1m[36mTimeRecord Count (0.7ms)[0m  [1m[34mSELECT COUNT(*) FROM "time_records" WHERE (punched_at >= '2026-06-24 12:54:19.890396') /*action='index',application='ApiPonto',controller='dashboard'*/[0m
  ↳ app/controllers/admin/dashboard_controller.rb:12:in 'Admin::DashboardController#index'
  Rendering layout layouts/admin.html.erb
  Rendering admin/dashboard/index.html.erb within layouts/admin
  [1m[36mTimeRecord Load (1.5ms)[0m  [1m[34mSELECT "time_records".* FROM "time_records" ORDER BY "time_records"."created_at" DESC LIMIT 10 /*action='index',application='ApiPonto',controller='dashboard'*/[0m
  ↳ app/views/admin/dashboard/index.html.erb:86
  [1m[36mUser Load (0.4ms)[0m  [1m[34mSELECT "users".* FROM "users" WHERE "users"."id" = 1 /*action='index',application='ApiPonto',controller='dashboard'*/[0m
  ↳ app/views/admin/dashboard/index.html.erb:86
  Rendered admin/dashboard/index.html.erb within layouts/admin (Duration: 8.4ms | GC: 0.0ms)
  Rendered layout layouts/admin.html.erb (Duration: 9.8ms | GC: 0.0ms)
Completed 200 OK in 60ms (Views: 8.6ms | ActiveRecord: 37.9ms (9 queries, 0 cached) | GC: 0.1ms)


Started GET "/time_records?id=18&start_date=&end_date=&user_id=&commit=Filtrar" for 127.0.0.1 at 2026-07-24 10:42:45 -0300
Processing by Admin::TimeRecordsController#index as HTML
  Parameters: {"id" => "18", "start_date" => "", "end_date" => "", "user_id" => "", "commit" => "Filtrar"}
  [1m[36mUser Load (14.4ms)[0m  [1m[34mSELECT "users".* FROM "users" WHERE "users"."id" = 3 LIMIT 1 /*action='index',application='ApiPonto',controller='time_records'*/[0m
  ↳ app/controllers/admin/application_controller.rb:17:in 'Admin::ApplicationController#current_user'
  [1m[36mTimeRecord Count (0.6ms)[0m  [1m[34mSELECT COUNT(*) FROM "time_records" WHERE "time_records"."id" = 18 /*action='index',application='ApiPonto',controller='time_records'*/[0m
  ↳ app/controllers/admin/time_records_controller.rb:26:in 'Admin::TimeRecordsController#index'
  Rendering layout layouts/admin.html.erb
  Rendering admin/time_records/index.html.erb within layouts/admin
  [1m[36mUser Load (0.9ms)[0m  [1m[34mSELECT "users".* FROM "users" ORDER BY "users"."nome_completo" ASC /*action='index',application='ApiPonto',controller='time_records'*/[0m
  ↳ app/views/admin/time_records/index.html.erb:23
  [1m[36mTimeRecord Load (0.9ms)[0m  [1m[34mSELECT "time_records".* FROM "time_records" WHERE "time_records"."id" = 18 ORDER BY "time_records"."punched_at" DESC LIMIT 50 /*action='index',application='ApiPonto',controller='time_records'*/[0m
  ↳ app/views/admin/time_records/index.html.erb:48
  [1m[36mUser Load (0.4ms)[0m  [1m[34mSELECT "users".* FROM "users" WHERE "users"."id" = 1 /*action='index',application='ApiPonto',controller='time_records'*/[0m
  ↳ app/views/admin/time_records/index.html.erb:48
  Rendered admin/time_records/index.html.erb within layouts/admin (Duration: 11.2ms | GC: 0.0ms)
  Rendered layout layouts/admin.html.erb (Duration: 12.2ms | GC: 0.0ms)
Completed 200 OK in 33ms (Views: 10.5ms | ActiveRecord: 23.1ms (5 queries, 0 cached) | GC: 0.0ms)


